ERROR 2026-09-29 20:33:16,737 log Internal Server Error: /
Traceback (most recent call last):
  File "C:\Users\zenam\django_flask_env\venv\Lib\site-packages\django\urls\base.py", line 81, in reverse
    extra, resolver = resolver.namespace_dict[ns]
                      ~~~~~~~~~~~~~~~~~~~~~~~^^^^
KeyError: 'users'

During handling of the above exception, another exception occurred:

Traceback (most recent call last):
  File "C:\Users\zenam\django_flask_env\venv\Lib\site-packages\django\core\handlers\exception.py", line 55, in inner
    response = get_response(request)
  File "C:\Users\zenam\django_flask_env\venv\Lib\site-packages\django\core\handlers\base.py", line 221, in _get_response
    response = response.render()
  File "C:\Users\zenam\django_flask_env\venv\Lib\site-packages\django\template\response.py", line 114, in render
    self.content = self.rendered_content
                   ^^^^^^^^^^^^^^^^^^^^^
  File "C:\Users\zenam\django_flask_env\venv\Lib\site-packages\django\template\response.py", line 92, in rendered_content
    return template.render(context, self._request)
           ~~~~~~~~~~~~~~~^^^^^^^^^^^^^^^^^^^^^^^^
  File "C:\Users\zenam\django_flask_env\venv\Lib\site-packages\django\template\backends\django.py", line 107, in render
    return self.template.render(context)
           ~~~~~~~~~~~~~~~~~~~~^^^^^^^^^
  File "C:\Users\zenam\django_flask_env\venv\Lib\site-packages\django\template\base.py", line 174, in render
    return self._render(context)
           ~~~~~~~~~~~~^^^^^^^^^
  File "C:\Users\zenam\django_flask_env\venv\Lib\site-packages\django\test\utils.py", line 114, in instrumented_test_render
    return self.nodelist.render(context)
           ~~~~~~~~~~~~~~~~~~~~^^^^^^^^^
  File "C:\Users\zenam\django_flask_env\venv\Lib\site-packages\django\template\base.py", line 1091, in render
    return SafeString("".join([node.render_annotated(context) for node in self]))
                               ~~~~~~~~~~~~~~~~~~~~~^^^^^^^^^
  File "C:\Users\zenam\django_flask_env\venv\Lib\site-packages\django\template\base.py", line 1052, in render_annotated
    return self.render(context)
           ~~~~~~~~~~~^^^^^^^^^
  File "C:\Users\zenam\django_flask_env\venv\Lib\site-packages\django\template\loader_tags.py", line 160, in render
    return compiled_parent._render(context)
           ~~~~~~~~~~~~~~~~~~~~~~~^^^^^^^^^
  File "C:\Users\zenam\django_flask_env\venv\Lib\site-packages\django\test\utils.py", line 114, in instrumented_test_render
    return self.nodelist.render(context)
           ~~~~~~~~~~~~~~~~~~~~^^^^^^^^^
  File "C:\Users\zenam\django_flask_env\venv\Lib\site-packages\django\template\base.py", line 1091, in render
    return SafeString("".join([node.render_annotated(context) for node in self]))
                               ~~~~~~~~~~~~~~~~~~~~~^^^^^^^^^
  File "C:\Users\zenam\django_flask_env\venv\Lib\site-packages\django\template\base.py", line 1052, in render_annotated
    return self.render(context)
           ~~~~~~~~~~~^^^^^^^^^
  File "C:\Users\zenam\django_flask_env\venv\Lib\site-packages\django\template\defaulttags.py", line 333, in render
    return nodelist.render(context)
           ~~~~~~~~~~~~~~~^^^^^^^^^
  File "C:\Users\zenam\django_flask_env\venv\Lib\site-packages\django\template\base.py", line 1091, in render
    return SafeString("".join([node.render_annotated(context) for node in self]))
                               ~~~~~~~~~~~~~~~~~~~~~^^^^^^^^^
  File "C:\Users\zenam\django_flask_env\venv\Lib\site-packages\django\template\base.py", line 1052, in render_annotated
    return self.render(context)
           ~~~~~~~~~~~^^^^^^^^^
  File "C:\Users\zenam\django_flask_env\venv\Lib\site-packages\django\template\defaulttags.py", line 511, in render
    url = reverse(view_name, args=args, kwargs=kwargs, current_app=current_app)
  File "C:\Users\zenam\django_flask_env\venv\Lib\site-packages\django\urls\base.py", line 92, in reverse
    raise NoReverseMatch("%s is not a registered namespace" % key)
django.urls.exceptions.NoReverseMatch: 'users' is not a registered namespace
INFO 2026-09-29 20:33:16,742 middleware Request GET / by Anonymous in 179.55 ms | groups=Anonymous | status=500
INFO 2026-09-29 20:33:17,082 middleware Request GET /favicon.ico by Anonymous in 3.85 ms | groups=Anonymous | status=404
WARNING 2026-09-29 20:33:17,099 log Not Found: /favicon.ico
ERROR 2026-09-29 20:33:19,522 log Internal Server Error: /
Traceback (most recent call last):
  File "C:\Users\zenam\django_flask_env\venv\Lib\site-packages\django\urls\base.py", line 81, in reverse
    extra, resolver = resolver.namespace_dict[ns]
                      ~~~~~~~~~~~~~~~~~~~~~~~^^^^
KeyError: 'users'

During handling of the above exception, another exception occurred:

Traceback (most recent call last):
  File "C:\Users\zenam\django_flask_env\venv\Lib\site-packages\django\core\handlers\exception.py", line 55, in inner
    response = get_response(request)
  File "C:\Users\zenam\django_flask_env\venv\Lib\site-packages\django\core\handlers\base.py", line 221, in _get_response
    response = response.render()
  File "C:\Users\zenam\django_flask_env\venv\Lib\site-packages\django\template\response.py", line 114, in render
    self.content = self.rendered_content
                   ^^^^^^^^^^^^^^^^^^^^^
  File "C:\Users\zenam\django_flask_env\venv\Lib\site-packages\django\template\response.py", line 92, in rendered_content
    return template.render(context, self._request)
           ~~~~~~~~~~~~~~~^^^^^^^^^^^^^^^^^^^^^^^^
  File "C:\Users\zenam\django_flask_env\venv\Lib\site-packages\django\template\backends\django.py", line 107, in render
    return self.template.render(context)
           ~~~~~~~~~~~~~~~~~~~~^^^^^^^^^
  File "C:\Users\zenam\django_flask_env\venv\Lib\site-packages\django\template\base.py", line 174, in render
    return self._render(context)
           ~~~~~~~~~~~~^^^^^^^^^
  File "C:\Users\zenam\django_flask_env\venv\Lib\site-packages\django\test\utils.py", line 114, in instrumented_test_render
    return self.nodelist.render(context)
           ~~~~~~~~~~~~~~~~~~~~^^^^^^^^^
  File "C:\Users\zenam\django_flask_env\venv\Lib\site-packages\django\template\base.py", line 1091, in render
    return SafeString("".join([node.render_annotated(context) for node in self]))
                               ~~~~~~~~~~~~~~~~~~~~~^^^^^^^^^
  File "C:\Users\zenam\django_flask_env\venv\Lib\site-packages\django\template\base.py", line 1052, in render_annotated
    return self.render(context)
           ~~~~~~~~~~~^^^^^^^^^
  File "C:\Users\zenam\django_flask_env\venv\Lib\site-packages\django\template\loader_tags.py", line 160, in render
    return compiled_parent._render(context)
           ~~~~~~~~~~~~~~~~~~~~~~~^^^^^^^^^
  File "C:\Users\zenam\django_flask_env\venv\Lib\site-packages\django\test\utils.py", line 114, in instrumented_test_render
    return self.nodelist.render(context)
           ~~~~~~~~~~~~~~~~~~~~^^^^^^^^^
  File "C:\Users\zenam\django_flask_env\venv\Lib\site-packages\django\template\base.py", line 1091, in render
    return SafeString("".join([node.render_annotated(context) for node in self]))
                               ~~~~~~~~~~~~~~~~~~~~~^^^^^^^^^
  File "C:\Users\zenam\django_flask_env\venv\Lib\site-packages\django\template\base.py", line 1052, in render_annotated
    return self.render(context)
           ~~~~~~~~~~~^^^^^^^^^
  File "C:\Users\zenam\django_flask_env\venv\Lib\site-packages\django\template\defaulttags.py", line 333, in render
    return nodelist.render(context)
           ~~~~~~~~~~~~~~~^^^^^^^^^
  File "C:\Users\zenam\django_flask_env\venv\Lib\site-packages\django\template\base.py", line 1091, in render
    return SafeString("".join([node.render_annotated(context) for node in self]))
                               ~~~~~~~~~~~~~~~~~~~~~^^^^^^^^^
  File "C:\Users\zenam\django_flask_env\venv\Lib\site-packages\django\template\base.py", line 1052, in render_annotated
    return self.render(context)
           ~~~~~~~~~~~^^^^^^^^^
  File "C:\Users\zenam\django_flask_env\venv\Lib\site-packages\django\template\defaulttags.py", line 511, in render
    url = reverse(view_name, args=args, kwargs=kwargs, current_app=current_app)
  File "C:\Users\zenam\django_flask_env\venv\Lib\site-packages\django\urls\base.py", line 92, in reverse
    raise NoReverseMatch("%s is not a registered namespace" % key)
django.urls.exceptions.NoReverseMatch: 'users' is not a registered namespace
INFO 2026-09-29 20:33:19,525 middleware Request GET / by Anonymous in 42.36 ms | groups=Anonymous | status=500
ERROR 2026-09-29 20:33:29,600 log Internal Server Error: /
Traceback (most recent call last):
  File "C:\Users\zenam\django_flask_env\venv\Lib\site-packages\django\urls\base.py", line 81, in reverse
    extra, resolver = resolver.namespace_dict[ns]
                      ~~~~~~~~~~~~~~~~~~~~~~~^^^^
KeyError: 'users'

During handling of the above exception, another exception occurred:

Traceback (most recent call last):
  File "C:\Users\zenam\django_flask_env\venv\Lib\site-packages\django\core\handlers\exception.py", line 55, in inner
    response = get_response(request)
  File "C:\Users\zenam\django_flask_env\venv\Lib\site-packages\django\core\handlers\base.py", line 221, in _get_response
    response = response.render()
  File "C:\Users\zenam\django_flask_env\venv\Lib\site-packages\django\template\response.py", line 114, in render
    self.content = self.rendered_content
                   ^^^^^^^^^^^^^^^^^^^^^
  File "C:\Users\zenam\django_flask_env\venv\Lib\site-packages\django\template\response.py", line 92, in rendered_content
    return template.render(context, self._request)
           ~~~~~~~~~~~~~~~^^^^^^^^^^^^^^^^^^^^^^^^
  File "C:\Users\zenam\django_flask_env\venv\Lib\site-packages\django\template\backends\django.py", line 107, in render
    return self.template.render(context)
           ~~~~~~~~~~~~~~~~~~~~^^^^^^^^^
  File "C:\Users\zenam\django_flask_env\venv\Lib\site-packages\django\template\base.py", line 174, in render
    return self._render(context)
           ~~~~~~~~~~~~^^^^^^^^^
  File "C:\Users\zenam\django_flask_env\venv\Lib\site-packages\django\test\utils.py", line 114, in instrumented_test_render
    return self.nodelist.render(context)
           ~~~~~~~~~~~~~~~~~~~~^^^^^^^^^
  File "C:\Users\zenam\django_flask_env\venv\Lib\site-packages\django\template\base.py", line 1091, in render
    return SafeString("".join([node.render_annotated(context) for node in self]))
                               ~~~~~~~~~~~~~~~~~~~~~^^^^^^^^^
  File "C:\Users\zenam\django_flask_env\venv\Lib\site-packages\django\template\base.py", line 1052, in render_annotated
    return self.render(context)
           ~~~~~~~~~~~^^^^^^^^^
  File "C:\Users\zenam\django_flask_env\venv\Lib\site-packages\django\template\loader_tags.py", line 160, in render
    return compiled_parent._render(context)
           ~~~~~~~~~~~~~~~~~~~~~~~^^^^^^^^^
  File "C:\Users\zenam\django_flask_env\venv\Lib\site-packages\django\test\utils.py", line 114, in instrumented_test_render
    return self.nodelist.render(context)
           ~~~~~~~~~~~~~~~~~~~~^^^^^^^^^
  File "C:\Users\zenam\django_flask_env\venv\Lib\site-packages\django\template\base.py", line 1091, in render
    return SafeString("".join([node.render_annotated(context) for node in self]))
                               ~~~~~~~~~~~~~~~~~~~~~^^^^^^^^^
  File "C:\Users\zenam\django_flask_env\venv\Lib\site-packages\django\template\base.py", line 1052, in render_annotated
    return self.render(context)
           ~~~~~~~~~~~^^^^^^^^^
  File "C:\Users\zenam\django_flask_env\venv\Lib\site-packages\django\template\defaulttags.py", line 333, in render
    return nodelist.render(context)
           ~~~~~~~~~~~~~~~^^^^^^^^^
  File "C:\Users\zenam\django_flask_env\venv\Lib\site-packages\django\template\base.py", line 1091, in render
    return SafeString("".join([node.render_annotated(context) for node in self]))
                               ~~~~~~~~~~~~~~~~~~~~~^^^^^^^^^
  File "C:\Users\zenam\django_flask_env\venv\Lib\site-packages\django\template\base.py", line 1052, in render_annotated
    return self.render(context)
           ~~~~~~~~~~~^^^^^^^^^
  File "C:\Users\zenam\django_flask_env\venv\Lib\site-packages\django\template\defaulttags.py", line 511, in render
    url = reverse(view_name, args=args, kwargs=kwargs, current_app=current_app)
  File "C:\Users\zenam\django_flask_env\venv\Lib\site-packages\django\urls\base.py", line 92, in reverse
    raise NoReverseMatch("%s is not a registered namespace" % key)
django.urls.exceptions.NoReverseMatch: 'users' is not a registered namespace
INFO 2026-09-29 20:33:29,603 middleware Request GET / by Anonymous in 43.22 ms | groups=Anonymous | status=500
ERROR 2026-09-29 20:33:49,313 log Internal Server Error: /
Traceback (most recent call last):
  File "C:\Users\zenam\django_flask_env\venv\Lib\site-packages\django\urls\base.py", line 81, in reverse
    extra, resolver = resolver.namespace_dict[ns]
                      ~~~~~~~~~~~~~~~~~~~~~~~^^^^
KeyError: 'users'

During handling of the above exception, another exception occurred:

Traceback (most recent call last):
  File "C:\Users\zenam\django_flask_env\venv\Lib\site-packages\django\core\handlers\exception.py", line 55, in inner
    response = get_response(request)
  File "C:\Users\zenam\django_flask_env\venv\Lib\site-packages\django\core\handlers\base.py", line 221, in _get_response
    response = response.render()
  File "C:\Users\zenam\django_flask_env\venv\Lib\site-packages\django\template\response.py", line 114, in render
    self.content = self.rendered_content
                   ^^^^^^^^^^^^^^^^^^^^^
  File "C:\Users\zenam\django_flask_env\venv\Lib\site-packages\django\template\response.py", line 92, in rendered_content
    return template.render(context, self._request)
           ~~~~~~~~~~~~~~~^^^^^^^^^^^^^^^^^^^^^^^^
  File "C:\Users\zenam\django_flask_env\venv\Lib\site-packages\django\template\backends\django.py", line 107, in render
    return self.template.render(context)
           ~~~~~~~~~~~~~~~~~~~~^^^^^^^^^
  File "C:\Users\zenam\django_flask_env\venv\Lib\site-packages\django\template\base.py", line 174, in render
    return self._render(context)
           ~~~~~~~~~~~~^^^^^^^^^
  File "C:\Users\zenam\django_flask_env\venv\Lib\site-packages\django\test\utils.py", line 114, in instrumented_test_render
    return self.nodelist.render(context)
           ~~~~~~~~~~~~~~~~~~~~^^^^^^^^^
  File "C:\Users\zenam\django_flask_env\venv\Lib\site-packages\django\template\base.py", line 1091, in render
    return SafeString("".join([node.render_annotated(context) for node in self]))
                               ~~~~~~~~~~~~~~~~~~~~~^^^^^^^^^
  File "C:\Users\zenam\django_flask_env\venv\Lib\site-packages\django\template\base.py", line 1052, in render_annotated
    return self.render(context)
           ~~~~~~~~~~~^^^^^^^^^
  File "C:\Users\zenam\django_flask_env\venv\Lib\site-packages\django\template\loader_tags.py", line 160, in render
    return compiled_parent._render(context)
           ~~~~~~~~~~~~~~~~~~~~~~~^^^^^^^^^
  File "C:\Users\zenam\django_flask_env\venv\Lib\site-packages\django\test\utils.py", line 114, in instrumented_test_render
    return self.nodelist.render(context)
           ~~~~~~~~~~~~~~~~~~~~^^^^^^^^^
  File "C:\Users\zenam\django_flask_env\venv\Lib\site-packages\django\template\base.py", line 1091, in render
    return SafeString("".join([node.render_annotated(context) for node in self]))
                               ~~~~~~~~~~~~~~~~~~~~~^^^^^^^^^
  File "C:\Users\zenam\django_flask_env\venv\Lib\site-packages\django\template\base.py", line 1052, in render_annotated
    return self.render(context)
           ~~~~~~~~~~~^^^^^^^^^
  File "C:\Users\zenam\django_flask_env\venv\Lib\site-packages\django\template\defaulttags.py", line 333, in render
    return nodelist.render(context)
           ~~~~~~~~~~~~~~~^^^^^^^^^
  File "C:\Users\zenam\django_flask_env\venv\Lib\site-packages\django\template\base.py", line 1091, in render
    return SafeString("".join([node.render_annotated(context) for node in self]))
                               ~~~~~~~~~~~~~~~~~~~~~^^^^^^^^^
  File "C:\Users\zenam\django_flask_env\venv\Lib\site-packages\django\template\base.py", line 1052, in render_annotated
    return self.render(context)
           ~~~~~~~~~~~^^^^^^^^^
  File "C:\Users\zenam\django_flask_env\venv\Lib\site-packages\django\template\defaulttags.py", line 511, in render
    url = reverse(view_name, args=args, kwargs=kwargs, current_app=current_app)
  File "C:\Users\zenam\django_flask_env\venv\Lib\site-packages\django\urls\base.py", line 92, in reverse
    raise NoReverseMatch("%s is not a registered namespace" % key)
django.urls.exceptions.NoReverseMatch: 'users' is not a registered namespace
INFO 2026-09-29 20:33:49,315 middleware Request GET / by Anonymous in 35.04 ms | groups=Anonymous | status=500
INFO 2026-09-29 20:33:49,572 middleware Request GET /favicon.ico by Anonymous in 4.07 ms | groups=Anonymous | status=404
WARNING 2026-09-29 20:33:49,588 log Not Found: /favicon.ico
INFO 2026-09-29 20:34:12,402 middleware Request GET / by Anonymous in 110.34 ms | groups=Anonymous | status=200
INFO 2026-09-29 20:34:20,834 middleware Request GET /users/register/ by Anonymous in 18.76 ms | groups=Anonymous | status=200
INFO 2026-09-29 20:34:58,043 middleware Request POST /users/register/ by Anonymous in 51.65 ms | groups=Anonymous | status=200
INFO 2026-09-29 20:35:10,130 middleware Request POST /users/register/ by Anonymous in 5.59 ms | groups=Anonymous | status=200
INFO 2026-09-29 20:35:30,197 middleware Request POST /users/register/ by Anonymous in 5.11 ms | groups=Anonymous | status=200
INFO 2026-09-29 20:35:41,784 middleware Request POST /users/register/ by Anonymous in 502.6 ms | groups=Anonymous | status=302
INFO 2026-09-29 20:35:41,800 middleware Request GET /users/login/ by Anonymous in 2.27 ms | groups=Anonymous | status=200
INFO 2026-09-29 20:35:59,271 middleware Request POST /users/login/ by Anonymous in 511.66 ms | groups=Anonymous | status=200
INFO 2026-09-29 20:36:07,763 middleware Request POST /users/login/ by Anonymous in 489.28 ms | groups=Anonymous | status=200
INFO 2026-10-05 14:27:11,614 middleware Request GET / by Anonymous in 195.44 ms | groups=Anonymous | status=200
INFO 2026-10-05 14:27:11,847 middleware Request GET /favicon.ico by Anonymous in 3.5 ms | groups=Anonymous | status=404
WARNING 2026-10-05 14:27:11,861 log Not Found: /favicon.ico
INFO 2026-10-05 14:27:25,843 middleware Request GET / by Anonymous in 3.18 ms | groups=Anonymous | status=200
INFO 2026-10-05 14:27:27,232 middleware Request GET / by Anonymous in 2.95 ms | groups=Anonymous | status=200
INFO 2026-10-05 14:27:29,623 middleware Request GET / by Anonymous in 3.32 ms | groups=Anonymous | status=200
INFO 2026-10-05 14:27:36,944 middleware Request GET / by Anonymous in 2.72 ms | groups=Anonymous | status=200
INFO 2026-10-05 14:27:44,898 middleware Request GET /users/register/ by Anonymous in 15.49 ms | groups=Anonymous | status=200
INFO 2026-10-05 14:50:58,061 middleware Request POST /users/register/ by Anonymous in 670.65 ms | groups=Anonymous | status=302
ERROR 2026-10-05 14:50:58,171 log Internal Server Error: /users/register/
Traceback (most recent call last):
  File "C:\Users\zenam\AppData\Local\Programs\Python\Python313\Lib\site-packages\django\template\base.py", line 964, in _resolve_lookup
    raise TypeError
TypeError

During handling of the above exception, another exception occurred:

Traceback (most recent call last):
  File "C:\Users\zenam\AppData\Local\Programs\Python\Python313\Lib\site-packages\django\urls\base.py", line 81, in reverse
    extra, resolver = resolver.namespace_dict[ns]
                      ~~~~~~~~~~~~~~~~~~~~~~~^^^^
KeyError: 'djdt'

During handling of the above exception, another exception occurred:

Traceback (most recent call last):
  File "C:\Users\zenam\AppData\Local\Programs\Python\Python313\Lib\site-packages\django\core\handlers\exception.py", line 55, in inner
    response = get_response(request)
  File "C:\Users\zenam\AppData\Local\Programs\Python\Python313\Lib\site-packages\debug_toolbar\middleware.py", line 130, in __call__
    return self._postprocess(request, response, toolbar)
           ~~~~~~~~~~~~~~~~~^^^^^^^^^^^^^^^^^^^^^^^^^^^^
  File "C:\Users\zenam\AppData\Local\Programs\Python\Python313\Lib\site-packages\debug_toolbar\middleware.py", line 172, in _postprocess
    rendered = toolbar.render_toolbar()
  File "C:\Users\zenam\AppData\Local\Programs\Python\Python313\Lib\site-packages\debug_toolbar\toolbar.py", line 96, in render_toolbar
    return render_to_string("debug_toolbar/base.html", context)
  File "C:\Users\zenam\AppData\Local\Programs\Python\Python313\Lib\site-packages\django\template\loader.py", line 62, in render_to_string
    return template.render(context, request)
           ~~~~~~~~~~~~~~~^^^^^^^^^^^^^^^^^^
  File "C:\Users\zenam\AppData\Local\Programs\Python\Python313\Lib\site-packages\django\template\backends\django.py", line 107, in render
    return self.template.render(context)
           ~~~~~~~~~~~~~~~~~~~~^^^^^^^^^
  File "C:\Users\zenam\AppData\Local\Programs\Python\Python313\Lib\site-packages\django\template\base.py", line 174, in render
    return self._render(context)
           ~~~~~~~~~~~~^^^^^^^^^
  File "C:\Users\zenam\AppData\Local\Programs\Python\Python313\Lib\site-packages\django\test\utils.py", line 114, in instrumented_test_render
    return self.nodelist.render(context)
           ~~~~~~~~~~~~~~~~~~~~^^^^^^^^^
  File "C:\Users\zenam\AppData\Local\Programs\Python\Python313\Lib\site-packages\django\template\base.py", line 1091, in render
    return SafeString("".join([node.render_annotated(context) for node in self]))
                               ~~~~~~~~~~~~~~~~~~~~~^^^^^^^^^
  File "C:\Users\zenam\AppData\Local\Programs\Python\Python313\Lib\site-packages\django\template\base.py", line 1052, in render_annotated
    return self.render(context)
           ~~~~~~~~~~~^^^^^^^^^
  File "C:\Users\zenam\AppData\Local\Programs\Python\Python313\Lib\site-packages\django\template\defaulttags.py", line 249, in render
    nodelist.append(node.render_annotated(context))
                    ~~~~~~~~~~~~~~~~~~~~~^^^^^^^^^
  File "C:\Users\zenam\AppData\Local\Programs\Python\Python313\Lib\site-packages\django\template\base.py", line 1052, in render_annotated
    return self.render(context)
           ~~~~~~~~~~~^^^^^^^^^
  File "C:\Users\zenam\AppData\Local\Programs\Python\Python313\Lib\site-packages\django\template\loader_tags.py", line 211, in render
    return template.render(context)
           ~~~~~~~~~~~~~~~^^^^^^^^^
  File "C:\Users\zenam\AppData\Local\Programs\Python\Python313\Lib\site-packages\django\template\base.py", line 176, in render
    return self._render(context)
           ~~~~~~~~~~~~^^^^^^^^^
  File "C:\Users\zenam\AppData\Local\Programs\Python\Python313\Lib\site-packages\django\test\utils.py", line 114, in instrumented_test_render
    return self.nodelist.render(context)
           ~~~~~~~~~~~~~~~~~~~~^^^^^^^^^
  File "C:\Users\zenam\AppData\Local\Programs\Python\Python313\Lib\site-packages\django\template\base.py", line 1091, in render
    return SafeString("".join([node.render_annotated(context) for node in self]))
                               ~~~~~~~~~~~~~~~~~~~~~^^^^^^^^^
  File "C:\Users\zenam\AppData\Local\Programs\Python\Python313\Lib\site-packages\django\template\base.py", line 1052, in render_annotated
    return self.render(context)
           ~~~~~~~~~~~^^^^^^^^^
  File "C:\Users\zenam\AppData\Local\Programs\Python\Python313\Lib\site-packages\django\template\defaulttags.py", line 333, in render
    return nodelist.render(context)
           ~~~~~~~~~~~~~~~^^^^^^^^^
  File "C:\Users\zenam\AppData\Local\Programs\Python\Python313\Lib\site-packages\django\template\base.py", line 1091, in render
    return SafeString("".join([node.render_annotated(context) for node in self]))
                               ~~~~~~~~~~~~~~~~~~~~~^^^^^^^^^
  File "C:\Users\zenam\AppData\Local\Programs\Python\Python313\Lib\site-packages\django\template\base.py", line 1052, in render_annotated
    return self.render(context)
           ~~~~~~~~~~~^^^^^^^^^
  File "C:\Users\zenam\AppData\Local\Programs\Python\Python313\Lib\site-packages\django\template\defaulttags.py", line 333, in render
    return nodelist.render(context)
           ~~~~~~~~~~~~~~~^^^^^^^^^
  File "C:\Users\zenam\AppData\Local\Programs\Python\Python313\Lib\site-packages\django\template\base.py", line 1091, in render
    return SafeString("".join([node.render_annotated(context) for node in self]))
                               ~~~~~~~~~~~~~~~~~~~~~^^^^^^^^^
  File "C:\Users\zenam\AppData\Local\Programs\Python\Python313\Lib\site-packages\django\template\base.py", line 1052, in render_annotated
    return self.render(context)
           ~~~~~~~~~~~^^^^^^^^^
  File "C:\Users\zenam\AppData\Local\Programs\Python\Python313\Lib\site-packages\django\template\base.py", line 1150, in render
    output = self.filter_expression.resolve(context)
  File "C:\Users\zenam\AppData\Local\Programs\Python\Python313\Lib\site-packages\django\template\base.py", line 788, in resolve
    obj = self.var.resolve(context)
  File "C:\Users\zenam\AppData\Local\Programs\Python\Python313\Lib\site-packages\django\template\base.py", line 928, in resolve
    value = self._resolve_lookup(context)
  File "C:\Users\zenam\AppData\Local\Programs\Python\Python313\Lib\site-packages\django\template\base.py", line 976, in _resolve_lookup
    current = getattr(current, bit)
  File "C:\Users\zenam\AppData\Local\Programs\Python\Python313\Lib\site-packages\debug_toolbar\panels\__init__.py", line 110, in content
    return render_to_string(self.template, self.get_stats())
  File "C:\Users\zenam\AppData\Local\Programs\Python\Python313\Lib\site-packages\django\template\loader.py", line 62, in render_to_string
    return template.render(context, request)
           ~~~~~~~~~~~~~~~^^^^^^^^^^^^^^^^^^
  File "C:\Users\zenam\AppData\Local\Programs\Python\Python313\Lib\site-packages\django\template\backends\django.py", line 107, in render
    return self.template.render(context)
           ~~~~~~~~~~~~~~~~~~~~^^^^^^^^^
  File "C:\Users\zenam\AppData\Local\Programs\Python\Python313\Lib\site-packages\django\template\base.py", line 174, in render
    return self._render(context)
           ~~~~~~~~~~~~^^^^^^^^^
  File "C:\Users\zenam\AppData\Local\Programs\Python\Python313\Lib\site-packages\django\test\utils.py", line 114, in instrumented_test_render
    return self.nodelist.render(context)
           ~~~~~~~~~~~~~~~~~~~~^^^^^^^^^
  File "C:\Users\zenam\AppData\Local\Programs\Python\Python313\Lib\site-packages\django\template\base.py", line 1091, in render
    return SafeString("".join([node.render_annotated(context) for node in self]))
                               ~~~~~~~~~~~~~~~~~~~~~^^^^^^^^^
  File "C:\Users\zenam\AppData\Local\Programs\Python\Python313\Lib\site-packages\django\template\base.py", line 1052, in render_annotated
    return self.render(context)
           ~~~~~~~~~~~^^^^^^^^^
  File "C:\Users\zenam\AppData\Local\Programs\Python\Python313\Lib\site-packages\django\template\defaulttags.py", line 333, in render
    return nodelist.render(context)
           ~~~~~~~~~~~~~~~^^^^^^^^^
  File "C:\Users\zenam\AppData\Local\Programs\Python\Python313\Lib\site-packages\django\template\base.py", line 1091, in render
    return SafeString("".join([node.render_annotated(context) for node in self]))
                               ~~~~~~~~~~~~~~~~~~~~~^^^^^^^^^
  File "C:\Users\zenam\AppData\Local\Programs\Python\Python313\Lib\site-packages\django\template\base.py", line 1052, in render_annotated
    return self.render(context)
           ~~~~~~~~~~~^^^^^^^^^
  File "C:\Users\zenam\AppData\Local\Programs\Python\Python313\Lib\site-packages\django\template\defaulttags.py", line 249, in render
    nodelist.append(node.render_annotated(context))
                    ~~~~~~~~~~~~~~~~~~~~~^^^^^^^^^
  File "C:\Users\zenam\AppData\Local\Programs\Python\Python313\Lib\site-packages\django\template\base.py", line 1052, in render_annotated
    return self.render(context)
           ~~~~~~~~~~~^^^^^^^^^
  File "C:\Users\zenam\AppData\Local\Programs\Python\Python313\Lib\site-packages\django\template\defaulttags.py", line 333, in render
    return nodelist.render(context)
           ~~~~~~~~~~~~~~~^^^^^^^^^
  File "C:\Users\zenam\AppData\Local\Programs\Python\Python313\Lib\site-packages\django\template\base.py", line 1091, in render
    return SafeString("".join([node.render_annotated(context) for node in self]))
                               ~~~~~~~~~~~~~~~~~~~~~^^^^^^^^^
  File "C:\Users\zenam\AppData\Local\Programs\Python\Python313\Lib\site-packages\django\template\base.py", line 1052, in render_annotated
    return self.render(context)
           ~~~~~~~~~~~^^^^^^^^^
  File "C:\Users\zenam\AppData\Local\Programs\Python\Python313\Lib\site-packages\django\template\defaulttags.py", line 333, in render
    return nodelist.render(context)
           ~~~~~~~~~~~~~~~^^^^^^^^^
  File "C:\Users\zenam\AppData\Local\Programs\Python\Python313\Lib\site-packages\django\template\base.py", line 1091, in render
    return SafeString("".join([node.render_annotated(context) for node in self]))
                               ~~~~~~~~~~~~~~~~~~~~~^^^^^^^^^
  File "C:\Users\zenam\AppData\Local\Programs\Python\Python313\Lib\site-packages\django\template\base.py", line 1052, in render_annotated
    return self.render(context)
           ~~~~~~~~~~~^^^^^^^^^
  File "C:\Users\zenam\AppData\Local\Programs\Python\Python313\Lib\site-packages\django\template\defaulttags.py", line 511, in render
    url = reverse(view_name, args=args, kwargs=kwargs, current_app=current_app)
  File "C:\Users\zenam\AppData\Local\Programs\Python\Python313\Lib\site-packages\django\urls\base.py", line 92, in reverse
    raise NoReverseMatch("%s is not a registered namespace" % key)
django.urls.exceptions.NoReverseMatch: 'djdt' is not a registered namespace
INFO 2026-10-05 14:51:00,403 middleware Request POST /users/login/ by loginuser@example.com in 512.99 ms | groups= | status=302
ERROR 2026-10-05 14:51:00,454 log Internal Server Error: /users/login/
Traceback (most recent call last):
  File "C:\Users\zenam\AppData\Local\Programs\Python\Python313\Lib\site-packages\django\template\base.py", line 964, in _resolve_lookup
    raise TypeError
TypeError

During handling of the above exception, another exception occurred:

Traceback (most recent call last):
  File "C:\Users\zenam\AppData\Local\Programs\Python\Python313\Lib\site-packages\django\urls\base.py", line 81, in reverse
    extra, resolver = resolver.namespace_dict[ns]
                      ~~~~~~~~~~~~~~~~~~~~~~~^^^^
KeyError: 'djdt'

During handling of the above exception, another exception occurred:

Traceback (most recent call last):
  File "C:\Users\zenam\AppData\Local\Programs\Python\Python313\Lib\site-packages\django\core\handlers\exception.py", line 55, in inner
    response = get_response(request)
  File "C:\Users\zenam\AppData\Local\Programs\Python\Python313\Lib\site-packages\debug_toolbar\middleware.py", line 130, in __call__
    return self._postprocess(request, response, toolbar)
           ~~~~~~~~~~~~~~~~~^^^^^^^^^^^^^^^^^^^^^^^^^^^^
  File "C:\Users\zenam\AppData\Local\Programs\Python\Python313\Lib\site-packages\debug_toolbar\middleware.py", line 172, in _postprocess
    rendered = toolbar.render_toolbar()
  File "C:\Users\zenam\AppData\Local\Programs\Python\Python313\Lib\site-packages\debug_toolbar\toolbar.py", line 96, in render_toolbar
    return render_to_string("debug_toolbar/base.html", context)
  File "C:\Users\zenam\AppData\Local\Programs\Python\Python313\Lib\site-packages\django\template\loader.py", line 62, in render_to_string
    return template.render(context, request)
           ~~~~~~~~~~~~~~~^^^^^^^^^^^^^^^^^^
  File "C:\Users\zenam\AppData\Local\Programs\Python\Python313\Lib\site-packages\django\template\backends\django.py", line 107, in render
    return self.template.render(context)
           ~~~~~~~~~~~~~~~~~~~~^^^^^^^^^
  File "C:\Users\zenam\AppData\Local\Programs\Python\Python313\Lib\site-packages\django\template\base.py", line 174, in render
    return self._render(context)
           ~~~~~~~~~~~~^^^^^^^^^
  File "C:\Users\zenam\AppData\Local\Programs\Python\Python313\Lib\site-packages\django\test\utils.py", line 114, in instrumented_test_render
    return self.nodelist.render(context)
           ~~~~~~~~~~~~~~~~~~~~^^^^^^^^^
  File "C:\Users\zenam\AppData\Local\Programs\Python\Python313\Lib\site-packages\django\template\base.py", line 1091, in render
    return SafeString("".join([node.render_annotated(context) for node in self]))
                               ~~~~~~~~~~~~~~~~~~~~~^^^^^^^^^
  File "C:\Users\zenam\AppData\Local\Programs\Python\Python313\Lib\site-packages\django\template\base.py", line 1052, in render_annotated
    return self.render(context)
           ~~~~~~~~~~~^^^^^^^^^
  File "C:\Users\zenam\AppData\Local\Programs\Python\Python313\Lib\site-packages\django\template\defaulttags.py", line 249, in render
    nodelist.append(node.render_annotated(context))
                    ~~~~~~~~~~~~~~~~~~~~~^^^^^^^^^
  File "C:\Users\zenam\AppData\Local\Programs\Python\Python313\Lib\site-packages\django\template\base.py", line 1052, in render_annotated
    return self.render(context)
           ~~~~~~~~~~~^^^^^^^^^
  File "C:\Users\zenam\AppData\Local\Programs\Python\Python313\Lib\site-packages\django\template\loader_tags.py", line 211, in render
    return template.render(context)
           ~~~~~~~~~~~~~~~^^^^^^^^^
  File "C:\Users\zenam\AppData\Local\Programs\Python\Python313\Lib\site-packages\django\template\base.py", line 176, in render
    return self._render(context)
           ~~~~~~~~~~~~^^^^^^^^^
  File "C:\Users\zenam\AppData\Local\Programs\Python\Python313\Lib\site-packages\django\test\utils.py", line 114, in instrumented_test_render
    return self.nodelist.render(context)
           ~~~~~~~~~~~~~~~~~~~~^^^^^^^^^
  File "C:\Users\zenam\AppData\Local\Programs\Python\Python313\Lib\site-packages\django\template\base.py", line 1091, in render
    return SafeString("".join([node.render_annotated(context) for node in self]))
                               ~~~~~~~~~~~~~~~~~~~~~^^^^^^^^^
  File "C:\Users\zenam\AppData\Local\Programs\Python\Python313\Lib\site-packages\django\template\base.py", line 1052, in render_annotated
    return self.render(context)
           ~~~~~~~~~~~^^^^^^^^^
  File "C:\Users\zenam\AppData\Local\Programs\Python\Python313\Lib\site-packages\django\template\defaulttags.py", line 333, in render
    return nodelist.render(context)
           ~~~~~~~~~~~~~~~^^^^^^^^^
  File "C:\Users\zenam\AppData\Local\Programs\Python\Python313\Lib\site-packages\django\template\base.py", line 1091, in render
    return SafeString("".join([node.render_annotated(context) for node in self]))
                               ~~~~~~~~~~~~~~~~~~~~~^^^^^^^^^
  File "C:\Users\zenam\AppData\Local\Programs\Python\Python313\Lib\site-packages\django\template\base.py", line 1052, in render_annotated
    return self.render(context)
           ~~~~~~~~~~~^^^^^^^^^
  File "C:\Users\zenam\AppData\Local\Programs\Python\Python313\Lib\site-packages\django\template\defaulttags.py", line 333, in render
    return nodelist.render(context)
           ~~~~~~~~~~~~~~~^^^^^^^^^
  File "C:\Users\zenam\AppData\Local\Programs\Python\Python313\Lib\site-packages\django\template\base.py", line 1091, in render
    return SafeString("".join([node.render_annotated(context) for node in self]))
                               ~~~~~~~~~~~~~~~~~~~~~^^^^^^^^^
  File "C:\Users\zenam\AppData\Local\Programs\Python\Python313\Lib\site-packages\django\template\base.py", line 1052, in render_annotated
    return self.render(context)
           ~~~~~~~~~~~^^^^^^^^^
  File "C:\Users\zenam\AppData\Local\Programs\Python\Python313\Lib\site-packages\django\template\base.py", line 1150, in render
    output = self.filter_expression.resolve(context)
  File "C:\Users\zenam\AppData\Local\Programs\Python\Python313\Lib\site-packages\django\template\base.py", line 788, in resolve
    obj = self.var.resolve(context)
  File "C:\Users\zenam\AppData\Local\Programs\Python\Python313\Lib\site-packages\django\template\base.py", line 928, in resolve
    value = self._resolve_lookup(context)
  File "C:\Users\zenam\AppData\Local\Programs\Python\Python313\Lib\site-packages\django\template\base.py", line 976, in _resolve_lookup
    current = getattr(current, bit)
  File "C:\Users\zenam\AppData\Local\Programs\Python\Python313\Lib\site-packages\debug_toolbar\panels\__init__.py", line 110, in content
    return render_to_string(self.template, self.get_stats())
  File "C:\Users\zenam\AppData\Local\Programs\Python\Python313\Lib\site-packages\django\template\loader.py", line 62, in render_to_string
    return template.render(context, request)
           ~~~~~~~~~~~~~~~^^^^^^^^^^^^^^^^^^
  File "C:\Users\zenam\AppData\Local\Programs\Python\Python313\Lib\site-packages\django\template\backends\django.py", line 107, in render
    return self.template.render(context)
           ~~~~~~~~~~~~~~~~~~~~^^^^^^^^^
  File "C:\Users\zenam\AppData\Local\Programs\Python\Python313\Lib\site-packages\django\template\base.py", line 174, in render
    return self._render(context)
           ~~~~~~~~~~~~^^^^^^^^^
  File "C:\Users\zenam\AppData\Local\Programs\Python\Python313\Lib\site-packages\django\test\utils.py", line 114, in instrumented_test_render
    return self.nodelist.render(context)
           ~~~~~~~~~~~~~~~~~~~~^^^^^^^^^
  File "C:\Users\zenam\AppData\Local\Programs\Python\Python313\Lib\site-packages\django\template\base.py", line 1091, in render
    return SafeString("".join([node.render_annotated(context) for node in self]))
                               ~~~~~~~~~~~~~~~~~~~~~^^^^^^^^^
  File "C:\Users\zenam\AppData\Local\Programs\Python\Python313\Lib\site-packages\django\template\base.py", line 1052, in render_annotated
    return self.render(context)
           ~~~~~~~~~~~^^^^^^^^^
  File "C:\Users\zenam\AppData\Local\Programs\Python\Python313\Lib\site-packages\django\template\defaulttags.py", line 333, in render
    return nodelist.render(context)
           ~~~~~~~~~~~~~~~^^^^^^^^^
  File "C:\Users\zenam\AppData\Local\Programs\Python\Python313\Lib\site-packages\django\template\base.py", line 1091, in render
    return SafeString("".join([node.render_annotated(context) for node in self]))
                               ~~~~~~~~~~~~~~~~~~~~~^^^^^^^^^
  File "C:\Users\zenam\AppData\Local\Programs\Python\Python313\Lib\site-packages\django\template\base.py", line 1052, in render_annotated
    return self.render(context)
           ~~~~~~~~~~~^^^^^^^^^
  File "C:\Users\zenam\AppData\Local\Programs\Python\Python313\Lib\site-packages\django\template\defaulttags.py", line 249, in render
    nodelist.append(node.render_annotated(context))
                    ~~~~~~~~~~~~~~~~~~~~~^^^^^^^^^
  File "C:\Users\zenam\AppData\Local\Programs\Python\Python313\Lib\site-packages\django\template\base.py", line 1052, in render_annotated
    return self.render(context)
           ~~~~~~~~~~~^^^^^^^^^
  File "C:\Users\zenam\AppData\Local\Programs\Python\Python313\Lib\site-packages\django\template\defaulttags.py", line 333, in render
    return nodelist.render(context)
           ~~~~~~~~~~~~~~~^^^^^^^^^
  File "C:\Users\zenam\AppData\Local\Programs\Python\Python313\Lib\site-packages\django\template\base.py", line 1091, in render
    return SafeString("".join([node.render_annotated(context) for node in self]))
                               ~~~~~~~~~~~~~~~~~~~~~^^^^^^^^^
  File "C:\Users\zenam\AppData\Local\Programs\Python\Python313\Lib\site-packages\django\template\base.py", line 1052, in render_annotated
    return self.render(context)
           ~~~~~~~~~~~^^^^^^^^^
  File "C:\Users\zenam\AppData\Local\Programs\Python\Python313\Lib\site-packages\django\template\defaulttags.py", line 333, in render
    return nodelist.render(context)
           ~~~~~~~~~~~~~~~^^^^^^^^^
  File "C:\Users\zenam\AppData\Local\Programs\Python\Python313\Lib\site-packages\django\template\base.py", line 1091, in render
    return SafeString("".join([node.render_annotated(context) for node in self]))
                               ~~~~~~~~~~~~~~~~~~~~~^^^^^^^^^
  File "C:\Users\zenam\AppData\Local\Programs\Python\Python313\Lib\site-packages\django\template\base.py", line 1052, in render_annotated
    return self.render(context)
           ~~~~~~~~~~~^^^^^^^^^
  File "C:\Users\zenam\AppData\Local\Programs\Python\Python313\Lib\site-packages\django\template\defaulttags.py", line 511, in render
    url = reverse(view_name, args=args, kwargs=kwargs, current_app=current_app)
  File "C:\Users\zenam\AppData\Local\Programs\Python\Python313\Lib\site-packages\django\urls\base.py", line 92, in reverse
    raise NoReverseMatch("%s is not a registered namespace" % key)
django.urls.exceptions.NoReverseMatch: 'djdt' is not a registered namespace
INFO 2026-10-05 14:51:01,608 middleware Request POST /users/logout/ by Anonymous in 13.86 ms | groups=Anonymous | status=302
ERROR 2026-10-05 14:51:01,652 log Internal Server Error: /users/logout/
Traceback (most recent call last):
  File "C:\Users\zenam\AppData\Local\Programs\Python\Python313\Lib\site-packages\django\template\base.py", line 964, in _resolve_lookup
    raise TypeError
TypeError

During handling of the above exception, another exception occurred:

Traceback (most recent call last):
  File "C:\Users\zenam\AppData\Local\Programs\Python\Python313\Lib\site-packages\django\urls\base.py", line 81, in reverse
    extra, resolver = resolver.namespace_dict[ns]
                      ~~~~~~~~~~~~~~~~~~~~~~~^^^^
KeyError: 'djdt'

During handling of the above exception, another exception occurred:

Traceback (most recent call last):
  File "C:\Users\zenam\AppData\Local\Programs\Python\Python313\Lib\site-packages\django\core\handlers\exception.py", line 55, in inner
    response = get_response(request)
  File "C:\Users\zenam\AppData\Local\Programs\Python\Python313\Lib\site-packages\debug_toolbar\middleware.py", line 130, in __call__
    return self._postprocess(request, response, toolbar)
           ~~~~~~~~~~~~~~~~~^^^^^^^^^^^^^^^^^^^^^^^^^^^^
  File "C:\Users\zenam\AppData\Local\Programs\Python\Python313\Lib\site-packages\debug_toolbar\middleware.py", line 172, in _postprocess
    rendered = toolbar.render_toolbar()
  File "C:\Users\zenam\AppData\Local\Programs\Python\Python313\Lib\site-packages\debug_toolbar\toolbar.py", line 96, in render_toolbar
    return render_to_string("debug_toolbar/base.html", context)
  File "C:\Users\zenam\AppData\Local\Programs\Python\Python313\Lib\site-packages\django\template\loader.py", line 62, in render_to_string
    return template.render(context, request)
           ~~~~~~~~~~~~~~~^^^^^^^^^^^^^^^^^^
  File "C:\Users\zenam\AppData\Local\Programs\Python\Python313\Lib\site-packages\django\template\backends\django.py", line 107, in render
    return self.template.render(context)
           ~~~~~~~~~~~~~~~~~~~~^^^^^^^^^
  File "C:\Users\zenam\AppData\Local\Programs\Python\Python313\Lib\site-packages\django\template\base.py", line 174, in render
    return self._render(context)
           ~~~~~~~~~~~~^^^^^^^^^
  File "C:\Users\zenam\AppData\Local\Programs\Python\Python313\Lib\site-packages\django\test\utils.py", line 114, in instrumented_test_render
    return self.nodelist.render(context)
           ~~~~~~~~~~~~~~~~~~~~^^^^^^^^^
  File "C:\Users\zenam\AppData\Local\Programs\Python\Python313\Lib\site-packages\django\template\base.py", line 1091, in render
    return SafeString("".join([node.render_annotated(context) for node in self]))
                               ~~~~~~~~~~~~~~~~~~~~~^^^^^^^^^
  File "C:\Users\zenam\AppData\Local\Programs\Python\Python313\Lib\site-packages\django\template\base.py", line 1052, in render_annotated
    return self.render(context)
           ~~~~~~~~~~~^^^^^^^^^
  File "C:\Users\zenam\AppData\Local\Programs\Python\Python313\Lib\site-packages\django\template\defaulttags.py", line 249, in render
    nodelist.append(node.render_annotated(context))
                    ~~~~~~~~~~~~~~~~~~~~~^^^^^^^^^
  File "C:\Users\zenam\AppData\Local\Programs\Python\Python313\Lib\site-packages\django\template\base.py", line 1052, in render_annotated
    return self.render(context)
           ~~~~~~~~~~~^^^^^^^^^
  File "C:\Users\zenam\AppData\Local\Programs\Python\Python313\Lib\site-packages\django\template\loader_tags.py", line 211, in render
    return template.render(context)
           ~~~~~~~~~~~~~~~^^^^^^^^^
  File "C:\Users\zenam\AppData\Local\Programs\Python\Python313\Lib\site-packages\django\template\base.py", line 176, in render
    return self._render(context)
           ~~~~~~~~~~~~^^^^^^^^^
  File "C:\Users\zenam\AppData\Local\Programs\Python\Python313\Lib\site-packages\django\test\utils.py", line 114, in instrumented_test_render
    return self.nodelist.render(context)
           ~~~~~~~~~~~~~~~~~~~~^^^^^^^^^
  File "C:\Users\zenam\AppData\Local\Programs\Python\Python313\Lib\site-packages\django\template\base.py", line 1091, in render
    return SafeString("".join([node.render_annotated(context) for node in self]))
                               ~~~~~~~~~~~~~~~~~~~~~^^^^^^^^^
  File "C:\Users\zenam\AppData\Local\Programs\Python\Python313\Lib\site-packages\django\template\base.py", line 1052, in render_annotated
    return self.render(context)
           ~~~~~~~~~~~^^^^^^^^^
  File "C:\Users\zenam\AppData\Local\Programs\Python\Python313\Lib\site-packages\django\template\defaulttags.py", line 333, in render
    return nodelist.render(context)
           ~~~~~~~~~~~~~~~^^^^^^^^^
  File "C:\Users\zenam\AppData\Local\Programs\Python\Python313\Lib\site-packages\django\template\base.py", line 1091, in render
    return SafeString("".join([node.render_annotated(context) for node in self]))
                               ~~~~~~~~~~~~~~~~~~~~~^^^^^^^^^
  File "C:\Users\zenam\AppData\Local\Programs\Python\Python313\Lib\site-packages\django\template\base.py", line 1052, in render_annotated
    return self.render(context)
           ~~~~~~~~~~~^^^^^^^^^
  File "C:\Users\zenam\AppData\Local\Programs\Python\Python313\Lib\site-packages\django\template\defaulttags.py", line 333, in render
    return nodelist.render(context)
           ~~~~~~~~~~~~~~~^^^^^^^^^
  File "C:\Users\zenam\AppData\Local\Programs\Python\Python313\Lib\site-packages\django\template\base.py", line 1091, in render
    return SafeString("".join([node.render_annotated(context) for node in self]))
                               ~~~~~~~~~~~~~~~~~~~~~^^^^^^^^^
  File "C:\Users\zenam\AppData\Local\Programs\Python\Python313\Lib\site-packages\django\template\base.py", line 1052, in render_annotated
    return self.render(context)
           ~~~~~~~~~~~^^^^^^^^^
  File "C:\Users\zenam\AppData\Local\Programs\Python\Python313\Lib\site-packages\django\template\base.py", line 1150, in render
    output = self.filter_expression.resolve(context)
  File "C:\Users\zenam\AppData\Local\Programs\Python\Python313\Lib\site-packages\django\template\base.py", line 788, in resolve
    obj = self.var.resolve(context)
  File "C:\Users\zenam\AppData\Local\Programs\Python\Python313\Lib\site-packages\django\template\base.py", line 928, in resolve
    value = self._resolve_lookup(context)
  File "C:\Users\zenam\AppData\Local\Programs\Python\Python313\Lib\site-packages\django\template\base.py", line 976, in _resolve_lookup
    current = getattr(current, bit)
  File "C:\Users\zenam\AppData\Local\Programs\Python\Python313\Lib\site-packages\debug_toolbar\panels\__init__.py", line 110, in content
    return render_to_string(self.template, self.get_stats())
  File "C:\Users\zenam\AppData\Local\Programs\Python\Python313\Lib\site-packages\django\template\loader.py", line 62, in render_to_string
    return template.render(context, request)
           ~~~~~~~~~~~~~~~^^^^^^^^^^^^^^^^^^
  File "C:\Users\zenam\AppData\Local\Programs\Python\Python313\Lib\site-packages\django\template\backends\django.py", line 107, in render
    return self.template.render(context)
           ~~~~~~~~~~~~~~~~~~~~^^^^^^^^^
  File "C:\Users\zenam\AppData\Local\Programs\Python\Python313\Lib\site-packages\django\template\base.py", line 174, in render
    return self._render(context)
           ~~~~~~~~~~~~^^^^^^^^^
  File "C:\Users\zenam\AppData\Local\Programs\Python\Python313\Lib\site-packages\django\test\utils.py", line 114, in instrumented_test_render
    return self.nodelist.render(context)
           ~~~~~~~~~~~~~~~~~~~~^^^^^^^^^
  File "C:\Users\zenam\AppData\Local\Programs\Python\Python313\Lib\site-packages\django\template\base.py", line 1091, in render
    return SafeString("".join([node.render_annotated(context) for node in self]))
                               ~~~~~~~~~~~~~~~~~~~~~^^^^^^^^^
  File "C:\Users\zenam\AppData\Local\Programs\Python\Python313\Lib\site-packages\django\template\base.py", line 1052, in render_annotated
    return self.render(context)
           ~~~~~~~~~~~^^^^^^^^^
  File "C:\Users\zenam\AppData\Local\Programs\Python\Python313\Lib\site-packages\django\template\defaulttags.py", line 333, in render
    return nodelist.render(context)
           ~~~~~~~~~~~~~~~^^^^^^^^^
  File "C:\Users\zenam\AppData\Local\Programs\Python\Python313\Lib\site-packages\django\template\base.py", line 1091, in render
    return SafeString("".join([node.render_annotated(context) for node in self]))
                               ~~~~~~~~~~~~~~~~~~~~~^^^^^^^^^
  File "C:\Users\zenam\AppData\Local\Programs\Python\Python313\Lib\site-packages\django\template\base.py", line 1052, in render_annotated
    return self.render(context)
           ~~~~~~~~~~~^^^^^^^^^
  File "C:\Users\zenam\AppData\Local\Programs\Python\Python313\Lib\site-packages\django\template\defaulttags.py", line 249, in render
    nodelist.append(node.render_annotated(context))
                    ~~~~~~~~~~~~~~~~~~~~~^^^^^^^^^
  File "C:\Users\zenam\AppData\Local\Programs\Python\Python313\Lib\site-packages\django\template\base.py", line 1052, in render_annotated
    return self.render(context)
           ~~~~~~~~~~~^^^^^^^^^
  File "C:\Users\zenam\AppData\Local\Programs\Python\Python313\Lib\site-packages\django\template\defaulttags.py", line 333, in render
    return nodelist.render(context)
           ~~~~~~~~~~~~~~~^^^^^^^^^
  File "C:\Users\zenam\AppData\Local\Programs\Python\Python313\Lib\site-packages\django\template\base.py", line 1091, in render
    return SafeString("".join([node.render_annotated(context) for node in self]))
                               ~~~~~~~~~~~~~~~~~~~~~^^^^^^^^^
  File "C:\Users\zenam\AppData\Local\Programs\Python\Python313\Lib\site-packages\django\template\base.py", line 1052, in render_annotated
    return self.render(context)
           ~~~~~~~~~~~^^^^^^^^^
  File "C:\Users\zenam\AppData\Local\Programs\Python\Python313\Lib\site-packages\django\template\defaulttags.py", line 333, in render
    return nodelist.render(context)
           ~~~~~~~~~~~~~~~^^^^^^^^^
  File "C:\Users\zenam\AppData\Local\Programs\Python\Python313\Lib\site-packages\django\template\base.py", line 1091, in render
    return SafeString("".join([node.render_annotated(context) for node in self]))
                               ~~~~~~~~~~~~~~~~~~~~~^^^^^^^^^
  File "C:\Users\zenam\AppData\Local\Programs\Python\Python313\Lib\site-packages\django\template\base.py", line 1052, in render_annotated
    return self.render(context)
           ~~~~~~~~~~~^^^^^^^^^
  File "C:\Users\zenam\AppData\Local\Programs\Python\Python313\Lib\site-packages\django\template\defaulttags.py", line 511, in render
    url = reverse(view_name, args=args, kwargs=kwargs, current_app=current_app)
  File "C:\Users\zenam\AppData\Local\Programs\Python\Python313\Lib\site-packages\django\urls\base.py", line 92, in reverse
    raise NoReverseMatch("%s is not a registered namespace" % key)
django.urls.exceptions.NoReverseMatch: 'djdt' is not a registered namespace
INFO 2026-10-05 14:51:02,389 middleware Request GET /users/profile/ by Anonymous in 0.61 ms | groups=Anonymous | status=302
INFO 2026-10-05 14:51:02,958 middleware Request GET /users/profile/ by user2@example.com in 30.76 ms | groups= | status=200
ERROR 2026-10-05 14:51:03,003 log Internal Server Error: /users/profile/
Traceback (most recent call last):
  File "C:\Users\zenam\AppData\Local\Programs\Python\Python313\Lib\site-packages\django\template\base.py", line 964, in _resolve_lookup
    raise TypeError
TypeError

During handling of the above exception, another exception occurred:

Traceback (most recent call last):
  File "C:\Users\zenam\AppData\Local\Programs\Python\Python313\Lib\site-packages\django\urls\base.py", line 81, in reverse
    extra, resolver = resolver.namespace_dict[ns]
                      ~~~~~~~~~~~~~~~~~~~~~~~^^^^
KeyError: 'djdt'

During handling of the above exception, another exception occurred:

Traceback (most recent call last):
  File "C:\Users\zenam\AppData\Local\Programs\Python\Python313\Lib\site-packages\django\core\handlers\exception.py", line 55, in inner
    response = get_response(request)
  File "C:\Users\zenam\AppData\Local\Programs\Python\Python313\Lib\site-packages\debug_toolbar\middleware.py", line 130, in __call__
    return self._postprocess(request, response, toolbar)
           ~~~~~~~~~~~~~~~~~^^^^^^^^^^^^^^^^^^^^^^^^^^^^
  File "C:\Users\zenam\AppData\Local\Programs\Python\Python313\Lib\site-packages\debug_toolbar\middleware.py", line 172, in _postprocess
    rendered = toolbar.render_toolbar()
  File "C:\Users\zenam\AppData\Local\Programs\Python\Python313\Lib\site-packages\debug_toolbar\toolbar.py", line 96, in render_toolbar
    return render_to_string("debug_toolbar/base.html", context)
  File "C:\Users\zenam\AppData\Local\Programs\Python\Python313\Lib\site-packages\django\template\loader.py", line 62, in render_to_string
    return template.render(context, request)
           ~~~~~~~~~~~~~~~^^^^^^^^^^^^^^^^^^
  File "C:\Users\zenam\AppData\Local\Programs\Python\Python313\Lib\site-packages\django\template\backends\django.py", line 107, in render
    return self.template.render(context)
           ~~~~~~~~~~~~~~~~~~~~^^^^^^^^^
  File "C:\Users\zenam\AppData\Local\Programs\Python\Python313\Lib\site-packages\django\template\base.py", line 174, in render
    return self._render(context)
           ~~~~~~~~~~~~^^^^^^^^^
  File "C:\Users\zenam\AppData\Local\Programs\Python\Python313\Lib\site-packages\django\test\utils.py", line 114, in instrumented_test_render
    return self.nodelist.render(context)
           ~~~~~~~~~~~~~~~~~~~~^^^^^^^^^
  File "C:\Users\zenam\AppData\Local\Programs\Python\Python313\Lib\site-packages\django\template\base.py", line 1091, in render
    return SafeString("".join([node.render_annotated(context) for node in self]))
                               ~~~~~~~~~~~~~~~~~~~~~^^^^^^^^^
  File "C:\Users\zenam\AppData\Local\Programs\Python\Python313\Lib\site-packages\django\template\base.py", line 1052, in render_annotated
    return self.render(context)
           ~~~~~~~~~~~^^^^^^^^^
  File "C:\Users\zenam\AppData\Local\Programs\Python\Python313\Lib\site-packages\django\template\defaulttags.py", line 249, in render
    nodelist.append(node.render_annotated(context))
                    ~~~~~~~~~~~~~~~~~~~~~^^^^^^^^^
  File "C:\Users\zenam\AppData\Local\Programs\Python\Python313\Lib\site-packages\django\template\base.py", line 1052, in render_annotated
    return self.render(context)
           ~~~~~~~~~~~^^^^^^^^^
  File "C:\Users\zenam\AppData\Local\Programs\Python\Python313\Lib\site-packages\django\template\loader_tags.py", line 211, in render
    return template.render(context)
           ~~~~~~~~~~~~~~~^^^^^^^^^
  File "C:\Users\zenam\AppData\Local\Programs\Python\Python313\Lib\site-packages\django\template\base.py", line 176, in render
    return self._render(context)
           ~~~~~~~~~~~~^^^^^^^^^
  File "C:\Users\zenam\AppData\Local\Programs\Python\Python313\Lib\site-packages\django\test\utils.py", line 114, in instrumented_test_render
    return self.nodelist.render(context)
           ~~~~~~~~~~~~~~~~~~~~^^^^^^^^^
  File "C:\Users\zenam\AppData\Local\Programs\Python\Python313\Lib\site-packages\django\template\base.py", line 1091, in render
    return SafeString("".join([node.render_annotated(context) for node in self]))
                               ~~~~~~~~~~~~~~~~~~~~~^^^^^^^^^
  File "C:\Users\zenam\AppData\Local\Programs\Python\Python313\Lib\site-packages\django\template\base.py", line 1052, in render_annotated
    return self.render(context)
           ~~~~~~~~~~~^^^^^^^^^
  File "C:\Users\zenam\AppData\Local\Programs\Python\Python313\Lib\site-packages\django\template\defaulttags.py", line 333, in render
    return nodelist.render(context)
           ~~~~~~~~~~~~~~~^^^^^^^^^
  File "C:\Users\zenam\AppData\Local\Programs\Python\Python313\Lib\site-packages\django\template\base.py", line 1091, in render
    return SafeString("".join([node.render_annotated(context) for node in self]))
                               ~~~~~~~~~~~~~~~~~~~~~^^^^^^^^^
  File "C:\Users\zenam\AppData\Local\Programs\Python\Python313\Lib\site-packages\django\template\base.py", line 1052, in render_annotated
    return self.render(context)
           ~~~~~~~~~~~^^^^^^^^^
  File "C:\Users\zenam\AppData\Local\Programs\Python\Python313\Lib\site-packages\django\template\defaulttags.py", line 333, in render
    return nodelist.render(context)
           ~~~~~~~~~~~~~~~^^^^^^^^^
  File "C:\Users\zenam\AppData\Local\Programs\Python\Python313\Lib\site-packages\django\template\base.py", line 1091, in render
    return SafeString("".join([node.render_annotated(context) for node in self]))
                               ~~~~~~~~~~~~~~~~~~~~~^^^^^^^^^
  File "C:\Users\zenam\AppData\Local\Programs\Python\Python313\Lib\site-packages\django\template\base.py", line 1052, in render_annotated
    return self.render(context)
           ~~~~~~~~~~~^^^^^^^^^
  File "C:\Users\zenam\AppData\Local\Programs\Python\Python313\Lib\site-packages\django\template\base.py", line 1150, in render
    output = self.filter_expression.resolve(context)
  File "C:\Users\zenam\AppData\Local\Programs\Python\Python313\Lib\site-packages\django\template\base.py", line 788, in resolve
    obj = self.var.resolve(context)
  File "C:\Users\zenam\AppData\Local\Programs\Python\Python313\Lib\site-packages\django\template\base.py", line 928, in resolve
    value = self._resolve_lookup(context)
  File "C:\Users\zenam\AppData\Local\Programs\Python\Python313\Lib\site-packages\django\template\base.py", line 976, in _resolve_lookup
    current = getattr(current, bit)
  File "C:\Users\zenam\AppData\Local\Programs\Python\Python313\Lib\site-packages\debug_toolbar\panels\__init__.py", line 110, in content
    return render_to_string(self.template, self.get_stats())
  File "C:\Users\zenam\AppData\Local\Programs\Python\Python313\Lib\site-packages\django\template\loader.py", line 62, in render_to_string
    return template.render(context, request)
           ~~~~~~~~~~~~~~~^^^^^^^^^^^^^^^^^^
  File "C:\Users\zenam\AppData\Local\Programs\Python\Python313\Lib\site-packages\django\template\backends\django.py", line 107, in render
    return self.template.render(context)
           ~~~~~~~~~~~~~~~~~~~~^^^^^^^^^
  File "C:\Users\zenam\AppData\Local\Programs\Python\Python313\Lib\site-packages\django\template\base.py", line 174, in render
    return self._render(context)
           ~~~~~~~~~~~~^^^^^^^^^
  File "C:\Users\zenam\AppData\Local\Programs\Python\Python313\Lib\site-packages\django\test\utils.py", line 114, in instrumented_test_render
    return self.nodelist.render(context)
           ~~~~~~~~~~~~~~~~~~~~^^^^^^^^^
  File "C:\Users\zenam\AppData\Local\Programs\Python\Python313\Lib\site-packages\django\template\base.py", line 1091, in render
    return SafeString("".join([node.render_annotated(context) for node in self]))
                               ~~~~~~~~~~~~~~~~~~~~~^^^^^^^^^
  File "C:\Users\zenam\AppData\Local\Programs\Python\Python313\Lib\site-packages\django\template\base.py", line 1052, in render_annotated
    return self.render(context)
           ~~~~~~~~~~~^^^^^^^^^
  File "C:\Users\zenam\AppData\Local\Programs\Python\Python313\Lib\site-packages\django\template\defaulttags.py", line 333, in render
    return nodelist.render(context)
           ~~~~~~~~~~~~~~~^^^^^^^^^
  File "C:\Users\zenam\AppData\Local\Programs\Python\Python313\Lib\site-packages\django\template\base.py", line 1091, in render
    return SafeString("".join([node.render_annotated(context) for node in self]))
                               ~~~~~~~~~~~~~~~~~~~~~^^^^^^^^^
  File "C:\Users\zenam\AppData\Local\Programs\Python\Python313\Lib\site-packages\django\template\base.py", line 1052, in render_annotated
    return self.render(context)
           ~~~~~~~~~~~^^^^^^^^^
  File "C:\Users\zenam\AppData\Local\Programs\Python\Python313\Lib\site-packages\django\template\defaulttags.py", line 249, in render
    nodelist.append(node.render_annotated(context))
                    ~~~~~~~~~~~~~~~~~~~~~^^^^^^^^^
  File "C:\Users\zenam\AppData\Local\Programs\Python\Python313\Lib\site-packages\django\template\base.py", line 1052, in render_annotated
    return self.render(context)
           ~~~~~~~~~~~^^^^^^^^^
  File "C:\Users\zenam\AppData\Local\Programs\Python\Python313\Lib\site-packages\django\template\defaulttags.py", line 333, in render
    return nodelist.render(context)
           ~~~~~~~~~~~~~~~^^^^^^^^^
  File "C:\Users\zenam\AppData\Local\Programs\Python\Python313\Lib\site-packages\django\template\base.py", line 1091, in render
    return SafeString("".join([node.render_annotated(context) for node in self]))
                               ~~~~~~~~~~~~~~~~~~~~~^^^^^^^^^
  File "C:\Users\zenam\AppData\Local\Programs\Python\Python313\Lib\site-packages\django\template\base.py", line 1052, in render_annotated
    return self.render(context)
           ~~~~~~~~~~~^^^^^^^^^
  File "C:\Users\zenam\AppData\Local\Programs\Python\Python313\Lib\site-packages\django\template\defaulttags.py", line 333, in render
    return nodelist.render(context)
           ~~~~~~~~~~~~~~~^^^^^^^^^
  File "C:\Users\zenam\AppData\Local\Programs\Python\Python313\Lib\site-packages\django\template\base.py", line 1091, in render
    return SafeString("".join([node.render_annotated(context) for node in self]))
                               ~~~~~~~~~~~~~~~~~~~~~^^^^^^^^^
  File "C:\Users\zenam\AppData\Local\Programs\Python\Python313\Lib\site-packages\django\template\base.py", line 1052, in render_annotated
    return self.render(context)
           ~~~~~~~~~~~^^^^^^^^^
  File "C:\Users\zenam\AppData\Local\Programs\Python\Python313\Lib\site-packages\django\template\defaulttags.py", line 511, in render
    url = reverse(view_name, args=args, kwargs=kwargs, current_app=current_app)
  File "C:\Users\zenam\AppData\Local\Programs\Python\Python313\Lib\site-packages\django\urls\base.py", line 92, in reverse
    raise NoReverseMatch("%s is not a registered namespace" % key)
django.urls.exceptions.NoReverseMatch: 'djdt' is not a registered namespace
INFO 2026-10-05 14:51:03,654 middleware Request GET / by Anonymous in 7.9 ms | groups=Anonymous | status=200
ERROR 2026-10-05 14:51:03,681 log Internal Server Error: /
Traceback (most recent call last):
  File "C:\Users\zenam\AppData\Local\Programs\Python\Python313\Lib\site-packages\django\template\base.py", line 964, in _resolve_lookup
    raise TypeError
TypeError

During handling of the above exception, another exception occurred:

Traceback (most recent call last):
  File "C:\Users\zenam\AppData\Local\Programs\Python\Python313\Lib\site-packages\django\urls\base.py", line 81, in reverse
    extra, resolver = resolver.namespace_dict[ns]
                      ~~~~~~~~~~~~~~~~~~~~~~~^^^^
KeyError: 'djdt'

During handling of the above exception, another exception occurred:

Traceback (most recent call last):
  File "C:\Users\zenam\AppData\Local\Programs\Python\Python313\Lib\site-packages\django\core\handlers\exception.py", line 55, in inner
    response = get_response(request)
  File "C:\Users\zenam\AppData\Local\Programs\Python\Python313\Lib\site-packages\debug_toolbar\middleware.py", line 130, in __call__
    return self._postprocess(request, response, toolbar)
           ~~~~~~~~~~~~~~~~~^^^^^^^^^^^^^^^^^^^^^^^^^^^^
  File "C:\Users\zenam\AppData\Local\Programs\Python\Python313\Lib\site-packages\debug_toolbar\middleware.py", line 172, in _postprocess
    rendered = toolbar.render_toolbar()
  File "C:\Users\zenam\AppData\Local\Programs\Python\Python313\Lib\site-packages\debug_toolbar\toolbar.py", line 96, in render_toolbar
    return render_to_string("debug_toolbar/base.html", context)
  File "C:\Users\zenam\AppData\Local\Programs\Python\Python313\Lib\site-packages\django\template\loader.py", line 62, in render_to_string
    return template.render(context, request)
           ~~~~~~~~~~~~~~~^^^^^^^^^^^^^^^^^^
  File "C:\Users\zenam\AppData\Local\Programs\Python\Python313\Lib\site-packages\django\template\backends\django.py", line 107, in render
    return self.template.render(context)
           ~~~~~~~~~~~~~~~~~~~~^^^^^^^^^
  File "C:\Users\zenam\AppData\Local\Programs\Python\Python313\Lib\site-packages\django\template\base.py", line 174, in render
    return self._render(context)
           ~~~~~~~~~~~~^^^^^^^^^
  File "C:\Users\zenam\AppData\Local\Programs\Python\Python313\Lib\site-packages\django\test\utils.py", line 114, in instrumented_test_render
    return self.nodelist.render(context)
           ~~~~~~~~~~~~~~~~~~~~^^^^^^^^^
  File "C:\Users\zenam\AppData\Local\Programs\Python\Python313\Lib\site-packages\django\template\base.py", line 1091, in render
    return SafeString("".join([node.render_annotated(context) for node in self]))
                               ~~~~~~~~~~~~~~~~~~~~~^^^^^^^^^
  File "C:\Users\zenam\AppData\Local\Programs\Python\Python313\Lib\site-packages\django\template\base.py", line 1052, in render_annotated
    return self.render(context)
           ~~~~~~~~~~~^^^^^^^^^
  File "C:\Users\zenam\AppData\Local\Programs\Python\Python313\Lib\site-packages\django\template\defaulttags.py", line 249, in render
    nodelist.append(node.render_annotated(context))
                    ~~~~~~~~~~~~~~~~~~~~~^^^^^^^^^
  File "C:\Users\zenam\AppData\Local\Programs\Python\Python313\Lib\site-packages\django\template\base.py", line 1052, in render_annotated
    return self.render(context)
           ~~~~~~~~~~~^^^^^^^^^
  File "C:\Users\zenam\AppData\Local\Programs\Python\Python313\Lib\site-packages\django\template\loader_tags.py", line 211, in render
    return template.render(context)
           ~~~~~~~~~~~~~~~^^^^^^^^^
  File "C:\Users\zenam\AppData\Local\Programs\Python\Python313\Lib\site-packages\django\template\base.py", line 176, in render
    return self._render(context)
           ~~~~~~~~~~~~^^^^^^^^^
  File "C:\Users\zenam\AppData\Local\Programs\Python\Python313\Lib\site-packages\django\test\utils.py", line 114, in instrumented_test_render
    return self.nodelist.render(context)
           ~~~~~~~~~~~~~~~~~~~~^^^^^^^^^
  File "C:\Users\zenam\AppData\Local\Programs\Python\Python313\Lib\site-packages\django\template\base.py", line 1091, in render
    return SafeString("".join([node.render_annotated(context) for node in self]))
                               ~~~~~~~~~~~~~~~~~~~~~^^^^^^^^^
  File "C:\Users\zenam\AppData\Local\Programs\Python\Python313\Lib\site-packages\django\template\base.py", line 1052, in render_annotated
    return self.render(context)
           ~~~~~~~~~~~^^^^^^^^^
  File "C:\Users\zenam\AppData\Local\Programs\Python\Python313\Lib\site-packages\django\template\defaulttags.py", line 333, in render
    return nodelist.render(context)
           ~~~~~~~~~~~~~~~^^^^^^^^^
  File "C:\Users\zenam\AppData\Local\Programs\Python\Python313\Lib\site-packages\django\template\base.py", line 1091, in render
    return SafeString("".join([node.render_annotated(context) for node in self]))
                               ~~~~~~~~~~~~~~~~~~~~~^^^^^^^^^
  File "C:\Users\zenam\AppData\Local\Programs\Python\Python313\Lib\site-packages\django\template\base.py", line 1052, in render_annotated
    return self.render(context)
           ~~~~~~~~~~~^^^^^^^^^
  File "C:\Users\zenam\AppData\Local\Programs\Python\Python313\Lib\site-packages\django\template\defaulttags.py", line 333, in render
    return nodelist.render(context)
           ~~~~~~~~~~~~~~~^^^^^^^^^
  File "C:\Users\zenam\AppData\Local\Programs\Python\Python313\Lib\site-packages\django\template\base.py", line 1091, in render
    return SafeString("".join([node.render_annotated(context) for node in self]))
                               ~~~~~~~~~~~~~~~~~~~~~^^^^^^^^^
  File "C:\Users\zenam\AppData\Local\Programs\Python\Python313\Lib\site-packages\django\template\base.py", line 1052, in render_annotated
    return self.render(context)
           ~~~~~~~~~~~^^^^^^^^^
  File "C:\Users\zenam\AppData\Local\Programs\Python\Python313\Lib\site-packages\django\template\base.py", line 1150, in render
    output = self.filter_expression.resolve(context)
  File "C:\Users\zenam\AppData\Local\Programs\Python\Python313\Lib\site-packages\django\template\base.py", line 788, in resolve
    obj = self.var.resolve(context)
  File "C:\Users\zenam\AppData\Local\Programs\Python\Python313\Lib\site-packages\django\template\base.py", line 928, in resolve
    value = self._resolve_lookup(context)
  File "C:\Users\zenam\AppData\Local\Programs\Python\Python313\Lib\site-packages\django\template\base.py", line 976, in _resolve_lookup
    current = getattr(current, bit)
  File "C:\Users\zenam\AppData\Local\Programs\Python\Python313\Lib\site-packages\debug_toolbar\panels\__init__.py", line 110, in content
    return render_to_string(self.template, self.get_stats())
  File "C:\Users\zenam\AppData\Local\Programs\Python\Python313\Lib\site-packages\django\template\loader.py", line 62, in render_to_string
    return template.render(context, request)
           ~~~~~~~~~~~~~~~^^^^^^^^^^^^^^^^^^
  File "C:\Users\zenam\AppData\Local\Programs\Python\Python313\Lib\site-packages\django\template\backends\django.py", line 107, in render
    return self.template.render(context)
           ~~~~~~~~~~~~~~~~~~~~^^^^^^^^^
  File "C:\Users\zenam\AppData\Local\Programs\Python\Python313\Lib\site-packages\django\template\base.py", line 174, in render
    return self._render(context)
           ~~~~~~~~~~~~^^^^^^^^^
  File "C:\Users\zenam\AppData\Local\Programs\Python\Python313\Lib\site-packages\django\test\utils.py", line 114, in instrumented_test_render
    return self.nodelist.render(context)
           ~~~~~~~~~~~~~~~~~~~~^^^^^^^^^
  File "C:\Users\zenam\AppData\Local\Programs\Python\Python313\Lib\site-packages\django\template\base.py", line 1091, in render
    return SafeString("".join([node.render_annotated(context) for node in self]))
                               ~~~~~~~~~~~~~~~~~~~~~^^^^^^^^^
  File "C:\Users\zenam\AppData\Local\Programs\Python\Python313\Lib\site-packages\django\template\base.py", line 1052, in render_annotated
    return self.render(context)
           ~~~~~~~~~~~^^^^^^^^^
  File "C:\Users\zenam\AppData\Local\Programs\Python\Python313\Lib\site-packages\django\template\defaulttags.py", line 333, in render
    return nodelist.render(context)
           ~~~~~~~~~~~~~~~^^^^^^^^^
  File "C:\Users\zenam\AppData\Local\Programs\Python\Python313\Lib\site-packages\django\template\base.py", line 1091, in render
    return SafeString("".join([node.render_annotated(context) for node in self]))
                               ~~~~~~~~~~~~~~~~~~~~~^^^^^^^^^
  File "C:\Users\zenam\AppData\Local\Programs\Python\Python313\Lib\site-packages\django\template\base.py", line 1052, in render_annotated
    return self.render(context)
           ~~~~~~~~~~~^^^^^^^^^
  File "C:\Users\zenam\AppData\Local\Programs\Python\Python313\Lib\site-packages\django\template\defaulttags.py", line 249, in render
    nodelist.append(node.render_annotated(context))
                    ~~~~~~~~~~~~~~~~~~~~~^^^^^^^^^
  File "C:\Users\zenam\AppData\Local\Programs\Python\Python313\Lib\site-packages\django\template\base.py", line 1052, in render_annotated
    return self.render(context)
           ~~~~~~~~~~~^^^^^^^^^
  File "C:\Users\zenam\AppData\Local\Programs\Python\Python313\Lib\site-packages\django\template\defaulttags.py", line 333, in render
    return nodelist.render(context)
           ~~~~~~~~~~~~~~~^^^^^^^^^
  File "C:\Users\zenam\AppData\Local\Programs\Python\Python313\Lib\site-packages\django\template\base.py", line 1091, in render
    return SafeString("".join([node.render_annotated(context) for node in self]))
                               ~~~~~~~~~~~~~~~~~~~~~^^^^^^^^^
  File "C:\Users\zenam\AppData\Local\Programs\Python\Python313\Lib\site-packages\django\template\base.py", line 1052, in render_annotated
    return self.render(context)
           ~~~~~~~~~~~^^^^^^^^^
  File "C:\Users\zenam\AppData\Local\Programs\Python\Python313\Lib\site-packages\django\template\defaulttags.py", line 333, in render
    return nodelist.render(context)
           ~~~~~~~~~~~~~~~^^^^^^^^^
  File "C:\Users\zenam\AppData\Local\Programs\Python\Python313\Lib\site-packages\django\template\base.py", line 1091, in render
    return SafeString("".join([node.render_annotated(context) for node in self]))
                               ~~~~~~~~~~~~~~~~~~~~~^^^^^^^^^
  File "C:\Users\zenam\AppData\Local\Programs\Python\Python313\Lib\site-packages\django\template\base.py", line 1052, in render_annotated
    return self.render(context)
           ~~~~~~~~~~~^^^^^^^^^
  File "C:\Users\zenam\AppData\Local\Programs\Python\Python313\Lib\site-packages\django\template\defaulttags.py", line 511, in render
    url = reverse(view_name, args=args, kwargs=kwargs, current_app=current_app)
  File "C:\Users\zenam\AppData\Local\Programs\Python\Python313\Lib\site-packages\django\urls\base.py", line 92, in reverse
    raise NoReverseMatch("%s is not a registered namespace" % key)
django.urls.exceptions.NoReverseMatch: 'djdt' is not a registered namespace
INFO 2026-10-05 14:51:04,350 middleware Request GET / by Anonymous in 5.96 ms | groups=Anonymous | status=200
ERROR 2026-10-05 14:51:04,382 log Internal Server Error: /
Traceback (most recent call last):
  File "C:\Users\zenam\AppData\Local\Programs\Python\Python313\Lib\site-packages\django\template\base.py", line 964, in _resolve_lookup
    raise TypeError
TypeError

During handling of the above exception, another exception occurred:

Traceback (most recent call last):
  File "C:\Users\zenam\AppData\Local\Programs\Python\Python313\Lib\site-packages\django\urls\base.py", line 81, in reverse
    extra, resolver = resolver.namespace_dict[ns]
                      ~~~~~~~~~~~~~~~~~~~~~~~^^^^
KeyError: 'djdt'

During handling of the above exception, another exception occurred:

Traceback (most recent call last):
  File "C:\Users\zenam\AppData\Local\Programs\Python\Python313\Lib\site-packages\django\core\handlers\exception.py", line 55, in inner
    response = get_response(request)
  File "C:\Users\zenam\AppData\Local\Programs\Python\Python313\Lib\site-packages\debug_toolbar\middleware.py", line 130, in __call__
    return self._postprocess(request, response, toolbar)
           ~~~~~~~~~~~~~~~~~^^^^^^^^^^^^^^^^^^^^^^^^^^^^
  File "C:\Users\zenam\AppData\Local\Programs\Python\Python313\Lib\site-packages\debug_toolbar\middleware.py", line 172, in _postprocess
    rendered = toolbar.render_toolbar()
  File "C:\Users\zenam\AppData\Local\Programs\Python\Python313\Lib\site-packages\debug_toolbar\toolbar.py", line 96, in render_toolbar
    return render_to_string("debug_toolbar/base.html", context)
  File "C:\Users\zenam\AppData\Local\Programs\Python\Python313\Lib\site-packages\django\template\loader.py", line 62, in render_to_string
    return template.render(context, request)
           ~~~~~~~~~~~~~~~^^^^^^^^^^^^^^^^^^
  File "C:\Users\zenam\AppData\Local\Programs\Python\Python313\Lib\site-packages\django\template\backends\django.py", line 107, in render
    return self.template.render(context)
           ~~~~~~~~~~~~~~~~~~~~^^^^^^^^^
  File "C:\Users\zenam\AppData\Local\Programs\Python\Python313\Lib\site-packages\django\template\base.py", line 174, in render
    return self._render(context)
           ~~~~~~~~~~~~^^^^^^^^^
  File "C:\Users\zenam\AppData\Local\Programs\Python\Python313\Lib\site-packages\django\test\utils.py", line 114, in instrumented_test_render
    return self.nodelist.render(context)
           ~~~~~~~~~~~~~~~~~~~~^^^^^^^^^
  File "C:\Users\zenam\AppData\Local\Programs\Python\Python313\Lib\site-packages\django\template\base.py", line 1091, in render
    return SafeString("".join([node.render_annotated(context) for node in self]))
                               ~~~~~~~~~~~~~~~~~~~~~^^^^^^^^^
  File "C:\Users\zenam\AppData\Local\Programs\Python\Python313\Lib\site-packages\django\template\base.py", line 1052, in render_annotated
    return self.render(context)
           ~~~~~~~~~~~^^^^^^^^^
  File "C:\Users\zenam\AppData\Local\Programs\Python\Python313\Lib\site-packages\django\template\defaulttags.py", line 249, in render
    nodelist.append(node.render_annotated(context))
                    ~~~~~~~~~~~~~~~~~~~~~^^^^^^^^^
  File "C:\Users\zenam\AppData\Local\Programs\Python\Python313\Lib\site-packages\django\template\base.py", line 1052, in render_annotated
    return self.render(context)
           ~~~~~~~~~~~^^^^^^^^^
  File "C:\Users\zenam\AppData\Local\Programs\Python\Python313\Lib\site-packages\django\template\loader_tags.py", line 211, in render
    return template.render(context)
           ~~~~~~~~~~~~~~~^^^^^^^^^
  File "C:\Users\zenam\AppData\Local\Programs\Python\Python313\Lib\site-packages\django\template\base.py", line 176, in render
    return self._render(context)
           ~~~~~~~~~~~~^^^^^^^^^
  File "C:\Users\zenam\AppData\Local\Programs\Python\Python313\Lib\site-packages\django\test\utils.py", line 114, in instrumented_test_render
    return self.nodelist.render(context)
           ~~~~~~~~~~~~~~~~~~~~^^^^^^^^^
  File "C:\Users\zenam\AppData\Local\Programs\Python\Python313\Lib\site-packages\django\template\base.py", line 1091, in render
    return SafeString("".join([node.render_annotated(context) for node in self]))
                               ~~~~~~~~~~~~~~~~~~~~~^^^^^^^^^
  File "C:\Users\zenam\AppData\Local\Programs\Python\Python313\Lib\site-packages\django\template\base.py", line 1052, in render_annotated
    return self.render(context)
           ~~~~~~~~~~~^^^^^^^^^
  File "C:\Users\zenam\AppData\Local\Programs\Python\Python313\Lib\site-packages\django\template\defaulttags.py", line 333, in render
    return nodelist.render(context)
           ~~~~~~~~~~~~~~~^^^^^^^^^
  File "C:\Users\zenam\AppData\Local\Programs\Python\Python313\Lib\site-packages\django\template\base.py", line 1091, in render
    return SafeString("".join([node.render_annotated(context) for node in self]))
                               ~~~~~~~~~~~~~~~~~~~~~^^^^^^^^^
  File "C:\Users\zenam\AppData\Local\Programs\Python\Python313\Lib\site-packages\django\template\base.py", line 1052, in render_annotated
    return self.render(context)
           ~~~~~~~~~~~^^^^^^^^^
  File "C:\Users\zenam\AppData\Local\Programs\Python\Python313\Lib\site-packages\django\template\defaulttags.py", line 333, in render
    return nodelist.render(context)
           ~~~~~~~~~~~~~~~^^^^^^^^^
  File "C:\Users\zenam\AppData\Local\Programs\Python\Python313\Lib\site-packages\django\template\base.py", line 1091, in render
    return SafeString("".join([node.render_annotated(context) for node in self]))
                               ~~~~~~~~~~~~~~~~~~~~~^^^^^^^^^
  File "C:\Users\zenam\AppData\Local\Programs\Python\Python313\Lib\site-packages\django\template\base.py", line 1052, in render_annotated
    return self.render(context)
           ~~~~~~~~~~~^^^^^^^^^
  File "C:\Users\zenam\AppData\Local\Programs\Python\Python313\Lib\site-packages\django\template\base.py", line 1150, in render
    output = self.filter_expression.resolve(context)
  File "C:\Users\zenam\AppData\Local\Programs\Python\Python313\Lib\site-packages\django\template\base.py", line 788, in resolve
    obj = self.var.resolve(context)
  File "C:\Users\zenam\AppData\Local\Programs\Python\Python313\Lib\site-packages\django\template\base.py", line 928, in resolve
    value = self._resolve_lookup(context)
  File "C:\Users\zenam\AppData\Local\Programs\Python\Python313\Lib\site-packages\django\template\base.py", line 976, in _resolve_lookup
    current = getattr(current, bit)
  File "C:\Users\zenam\AppData\Local\Programs\Python\Python313\Lib\site-packages\debug_toolbar\panels\__init__.py", line 110, in content
    return render_to_string(self.template, self.get_stats())
  File "C:\Users\zenam\AppData\Local\Programs\Python\Python313\Lib\site-packages\django\template\loader.py", line 62, in render_to_string
    return template.render(context, request)
           ~~~~~~~~~~~~~~~^^^^^^^^^^^^^^^^^^
  File "C:\Users\zenam\AppData\Local\Programs\Python\Python313\Lib\site-packages\django\template\backends\django.py", line 107, in render
    return self.template.render(context)
           ~~~~~~~~~~~~~~~~~~~~^^^^^^^^^
  File "C:\Users\zenam\AppData\Local\Programs\Python\Python313\Lib\site-packages\django\template\base.py", line 174, in render
    return self._render(context)
           ~~~~~~~~~~~~^^^^^^^^^
  File "C:\Users\zenam\AppData\Local\Programs\Python\Python313\Lib\site-packages\django\test\utils.py", line 114, in instrumented_test_render
    return self.nodelist.render(context)
           ~~~~~~~~~~~~~~~~~~~~^^^^^^^^^
  File "C:\Users\zenam\AppData\Local\Programs\Python\Python313\Lib\site-packages\django\template\base.py", line 1091, in render
    return SafeString("".join([node.render_annotated(context) for node in self]))
                               ~~~~~~~~~~~~~~~~~~~~~^^^^^^^^^
  File "C:\Users\zenam\AppData\Local\Programs\Python\Python313\Lib\site-packages\django\template\base.py", line 1052, in render_annotated
    return self.render(context)
           ~~~~~~~~~~~^^^^^^^^^
  File "C:\Users\zenam\AppData\Local\Programs\Python\Python313\Lib\site-packages\django\template\defaulttags.py", line 333, in render
    return nodelist.render(context)
           ~~~~~~~~~~~~~~~^^^^^^^^^
  File "C:\Users\zenam\AppData\Local\Programs\Python\Python313\Lib\site-packages\django\template\base.py", line 1091, in render
    return SafeString("".join([node.render_annotated(context) for node in self]))
                               ~~~~~~~~~~~~~~~~~~~~~^^^^^^^^^
  File "C:\Users\zenam\AppData\Local\Programs\Python\Python313\Lib\site-packages\django\template\base.py", line 1052, in render_annotated
    return self.render(context)
           ~~~~~~~~~~~^^^^^^^^^
  File "C:\Users\zenam\AppData\Local\Programs\Python\Python313\Lib\site-packages\django\template\defaulttags.py", line 249, in render
    nodelist.append(node.render_annotated(context))
                    ~~~~~~~~~~~~~~~~~~~~~^^^^^^^^^
  File "C:\Users\zenam\AppData\Local\Programs\Python\Python313\Lib\site-packages\django\template\base.py", line 1052, in render_annotated
    return self.render(context)
           ~~~~~~~~~~~^^^^^^^^^
  File "C:\Users\zenam\AppData\Local\Programs\Python\Python313\Lib\site-packages\django\template\defaulttags.py", line 333, in render
    return nodelist.render(context)
           ~~~~~~~~~~~~~~~^^^^^^^^^
  File "C:\Users\zenam\AppData\Local\Programs\Python\Python313\Lib\site-packages\django\template\base.py", line 1091, in render
    return SafeString("".join([node.render_annotated(context) for node in self]))
                               ~~~~~~~~~~~~~~~~~~~~~^^^^^^^^^
  File "C:\Users\zenam\AppData\Local\Programs\Python\Python313\Lib\site-packages\django\template\base.py", line 1052, in render_annotated
    return self.render(context)
           ~~~~~~~~~~~^^^^^^^^^
  File "C:\Users\zenam\AppData\Local\Programs\Python\Python313\Lib\site-packages\django\template\defaulttags.py", line 333, in render
    return nodelist.render(context)
           ~~~~~~~~~~~~~~~^^^^^^^^^
  File "C:\Users\zenam\AppData\Local\Programs\Python\Python313\Lib\site-packages\django\template\base.py", line 1091, in render
    return SafeString("".join([node.render_annotated(context) for node in self]))
                               ~~~~~~~~~~~~~~~~~~~~~^^^^^^^^^
  File "C:\Users\zenam\AppData\Local\Programs\Python\Python313\Lib\site-packages\django\template\base.py", line 1052, in render_annotated
    return self.render(context)
           ~~~~~~~~~~~^^^^^^^^^
  File "C:\Users\zenam\AppData\Local\Programs\Python\Python313\Lib\site-packages\django\template\defaulttags.py", line 511, in render
    url = reverse(view_name, args=args, kwargs=kwargs, current_app=current_app)
  File "C:\Users\zenam\AppData\Local\Programs\Python\Python313\Lib\site-packages\django\urls\base.py", line 92, in reverse
    raise NoReverseMatch("%s is not a registered namespace" % key)
django.urls.exceptions.NoReverseMatch: 'djdt' is not a registered namespace
INFO 2026-10-05 14:51:05,117 middleware Request POST /cart/add/1/ by Anonymous in 9.27 ms | groups=Anonymous | status=302
ERROR 2026-10-05 14:51:05,152 log Internal Server Error: /cart/add/1/
Traceback (most recent call last):
  File "C:\Users\zenam\AppData\Local\Programs\Python\Python313\Lib\site-packages\django\template\base.py", line 964, in _resolve_lookup
    raise TypeError
TypeError

During handling of the above exception, another exception occurred:

Traceback (most recent call last):
  File "C:\Users\zenam\AppData\Local\Programs\Python\Python313\Lib\site-packages\django\urls\base.py", line 81, in reverse
    extra, resolver = resolver.namespace_dict[ns]
                      ~~~~~~~~~~~~~~~~~~~~~~~^^^^
KeyError: 'djdt'

During handling of the above exception, another exception occurred:

Traceback (most recent call last):
  File "C:\Users\zenam\AppData\Local\Programs\Python\Python313\Lib\site-packages\django\core\handlers\exception.py", line 55, in inner
    response = get_response(request)
  File "C:\Users\zenam\AppData\Local\Programs\Python\Python313\Lib\site-packages\debug_toolbar\middleware.py", line 130, in __call__
    return self._postprocess(request, response, toolbar)
           ~~~~~~~~~~~~~~~~~^^^^^^^^^^^^^^^^^^^^^^^^^^^^
  File "C:\Users\zenam\AppData\Local\Programs\Python\Python313\Lib\site-packages\debug_toolbar\middleware.py", line 172, in _postprocess
    rendered = toolbar.render_toolbar()
  File "C:\Users\zenam\AppData\Local\Programs\Python\Python313\Lib\site-packages\debug_toolbar\toolbar.py", line 96, in render_toolbar
    return render_to_string("debug_toolbar/base.html", context)
  File "C:\Users\zenam\AppData\Local\Programs\Python\Python313\Lib\site-packages\django\template\loader.py", line 62, in render_to_string
    return template.render(context, request)
           ~~~~~~~~~~~~~~~^^^^^^^^^^^^^^^^^^
  File "C:\Users\zenam\AppData\Local\Programs\Python\Python313\Lib\site-packages\django\template\backends\django.py", line 107, in render
    return self.template.render(context)
           ~~~~~~~~~~~~~~~~~~~~^^^^^^^^^
  File "C:\Users\zenam\AppData\Local\Programs\Python\Python313\Lib\site-packages\django\template\base.py", line 174, in render
    return self._render(context)
           ~~~~~~~~~~~~^^^^^^^^^
  File "C:\Users\zenam\AppData\Local\Programs\Python\Python313\Lib\site-packages\django\test\utils.py", line 114, in instrumented_test_render
    return self.nodelist.render(context)
           ~~~~~~~~~~~~~~~~~~~~^^^^^^^^^
  File "C:\Users\zenam\AppData\Local\Programs\Python\Python313\Lib\site-packages\django\template\base.py", line 1091, in render
    return SafeString("".join([node.render_annotated(context) for node in self]))
                               ~~~~~~~~~~~~~~~~~~~~~^^^^^^^^^
  File "C:\Users\zenam\AppData\Local\Programs\Python\Python313\Lib\site-packages\django\template\base.py", line 1052, in render_annotated
    return self.render(context)
           ~~~~~~~~~~~^^^^^^^^^
  File "C:\Users\zenam\AppData\Local\Programs\Python\Python313\Lib\site-packages\django\template\defaulttags.py", line 249, in render
    nodelist.append(node.render_annotated(context))
                    ~~~~~~~~~~~~~~~~~~~~~^^^^^^^^^
  File "C:\Users\zenam\AppData\Local\Programs\Python\Python313\Lib\site-packages\django\template\base.py", line 1052, in render_annotated
    return self.render(context)
           ~~~~~~~~~~~^^^^^^^^^
  File "C:\Users\zenam\AppData\Local\Programs\Python\Python313\Lib\site-packages\django\template\loader_tags.py", line 211, in render
    return template.render(context)
           ~~~~~~~~~~~~~~~^^^^^^^^^
  File "C:\Users\zenam\AppData\Local\Programs\Python\Python313\Lib\site-packages\django\template\base.py", line 176, in render
    return self._render(context)
           ~~~~~~~~~~~~^^^^^^^^^
  File "C:\Users\zenam\AppData\Local\Programs\Python\Python313\Lib\site-packages\django\test\utils.py", line 114, in instrumented_test_render
    return self.nodelist.render(context)
           ~~~~~~~~~~~~~~~~~~~~^^^^^^^^^
  File "C:\Users\zenam\AppData\Local\Programs\Python\Python313\Lib\site-packages\django\template\base.py", line 1091, in render
    return SafeString("".join([node.render_annotated(context) for node in self]))
                               ~~~~~~~~~~~~~~~~~~~~~^^^^^^^^^
  File "C:\Users\zenam\AppData\Local\Programs\Python\Python313\Lib\site-packages\django\template\base.py", line 1052, in render_annotated
    return self.render(context)
           ~~~~~~~~~~~^^^^^^^^^
  File "C:\Users\zenam\AppData\Local\Programs\Python\Python313\Lib\site-packages\django\template\defaulttags.py", line 333, in render
    return nodelist.render(context)
           ~~~~~~~~~~~~~~~^^^^^^^^^
  File "C:\Users\zenam\AppData\Local\Programs\Python\Python313\Lib\site-packages\django\template\base.py", line 1091, in render
    return SafeString("".join([node.render_annotated(context) for node in self]))
                               ~~~~~~~~~~~~~~~~~~~~~^^^^^^^^^
  File "C:\Users\zenam\AppData\Local\Programs\Python\Python313\Lib\site-packages\django\template\base.py", line 1052, in render_annotated
    return self.render(context)
           ~~~~~~~~~~~^^^^^^^^^
  File "C:\Users\zenam\AppData\Local\Programs\Python\Python313\Lib\site-packages\django\template\defaulttags.py", line 333, in render
    return nodelist.render(context)
           ~~~~~~~~~~~~~~~^^^^^^^^^
  File "C:\Users\zenam\AppData\Local\Programs\Python\Python313\Lib\site-packages\django\template\base.py", line 1091, in render
    return SafeString("".join([node.render_annotated(context) for node in self]))
                               ~~~~~~~~~~~~~~~~~~~~~^^^^^^^^^
  File "C:\Users\zenam\AppData\Local\Programs\Python\Python313\Lib\site-packages\django\template\base.py", line 1052, in render_annotated
    return self.render(context)
           ~~~~~~~~~~~^^^^^^^^^
  File "C:\Users\zenam\AppData\Local\Programs\Python\Python313\Lib\site-packages\django\template\base.py", line 1150, in render
    output = self.filter_expression.resolve(context)
  File "C:\Users\zenam\AppData\Local\Programs\Python\Python313\Lib\site-packages\django\template\base.py", line 788, in resolve
    obj = self.var.resolve(context)
  File "C:\Users\zenam\AppData\Local\Programs\Python\Python313\Lib\site-packages\django\template\base.py", line 928, in resolve
    value = self._resolve_lookup(context)
  File "C:\Users\zenam\AppData\Local\Programs\Python\Python313\Lib\site-packages\django\template\base.py", line 976, in _resolve_lookup
    current = getattr(current, bit)
  File "C:\Users\zenam\AppData\Local\Programs\Python\Python313\Lib\site-packages\debug_toolbar\panels\__init__.py", line 110, in content
    return render_to_string(self.template, self.get_stats())
  File "C:\Users\zenam\AppData\Local\Programs\Python\Python313\Lib\site-packages\django\template\loader.py", line 62, in render_to_string
    return template.render(context, request)
           ~~~~~~~~~~~~~~~^^^^^^^^^^^^^^^^^^
  File "C:\Users\zenam\AppData\Local\Programs\Python\Python313\Lib\site-packages\django\template\backends\django.py", line 107, in render
    return self.template.render(context)
           ~~~~~~~~~~~~~~~~~~~~^^^^^^^^^
  File "C:\Users\zenam\AppData\Local\Programs\Python\Python313\Lib\site-packages\django\template\base.py", line 174, in render
    return self._render(context)
           ~~~~~~~~~~~~^^^^^^^^^
  File "C:\Users\zenam\AppData\Local\Programs\Python\Python313\Lib\site-packages\django\test\utils.py", line 114, in instrumented_test_render
    return self.nodelist.render(context)
           ~~~~~~~~~~~~~~~~~~~~^^^^^^^^^
  File "C:\Users\zenam\AppData\Local\Programs\Python\Python313\Lib\site-packages\django\template\base.py", line 1091, in render
    return SafeString("".join([node.render_annotated(context) for node in self]))
                               ~~~~~~~~~~~~~~~~~~~~~^^^^^^^^^
  File "C:\Users\zenam\AppData\Local\Programs\Python\Python313\Lib\site-packages\django\template\base.py", line 1052, in render_annotated
    return self.render(context)
           ~~~~~~~~~~~^^^^^^^^^
  File "C:\Users\zenam\AppData\Local\Programs\Python\Python313\Lib\site-packages\django\template\defaulttags.py", line 333, in render
    return nodelist.render(context)
           ~~~~~~~~~~~~~~~^^^^^^^^^
  File "C:\Users\zenam\AppData\Local\Programs\Python\Python313\Lib\site-packages\django\template\base.py", line 1091, in render
    return SafeString("".join([node.render_annotated(context) for node in self]))
                               ~~~~~~~~~~~~~~~~~~~~~^^^^^^^^^
  File "C:\Users\zenam\AppData\Local\Programs\Python\Python313\Lib\site-packages\django\template\base.py", line 1052, in render_annotated
    return self.render(context)
           ~~~~~~~~~~~^^^^^^^^^
  File "C:\Users\zenam\AppData\Local\Programs\Python\Python313\Lib\site-packages\django\template\defaulttags.py", line 249, in render
    nodelist.append(node.render_annotated(context))
                    ~~~~~~~~~~~~~~~~~~~~~^^^^^^^^^
  File "C:\Users\zenam\AppData\Local\Programs\Python\Python313\Lib\site-packages\django\template\base.py", line 1052, in render_annotated
    return self.render(context)
           ~~~~~~~~~~~^^^^^^^^^
  File "C:\Users\zenam\AppData\Local\Programs\Python\Python313\Lib\site-packages\django\template\defaulttags.py", line 333, in render
    return nodelist.render(context)
           ~~~~~~~~~~~~~~~^^^^^^^^^
  File "C:\Users\zenam\AppData\Local\Programs\Python\Python313\Lib\site-packages\django\template\base.py", line 1091, in render
    return SafeString("".join([node.render_annotated(context) for node in self]))
                               ~~~~~~~~~~~~~~~~~~~~~^^^^^^^^^
  File "C:\Users\zenam\AppData\Local\Programs\Python\Python313\Lib\site-packages\django\template\base.py", line 1052, in render_annotated
    return self.render(context)
           ~~~~~~~~~~~^^^^^^^^^
  File "C:\Users\zenam\AppData\Local\Programs\Python\Python313\Lib\site-packages\django\template\defaulttags.py", line 333, in render
    return nodelist.render(context)
           ~~~~~~~~~~~~~~~^^^^^^^^^
  File "C:\Users\zenam\AppData\Local\Programs\Python\Python313\Lib\site-packages\django\template\base.py", line 1091, in render
    return SafeString("".join([node.render_annotated(context) for node in self]))
                               ~~~~~~~~~~~~~~~~~~~~~^^^^^^^^^
  File "C:\Users\zenam\AppData\Local\Programs\Python\Python313\Lib\site-packages\django\template\base.py", line 1052, in render_annotated
    return self.render(context)
           ~~~~~~~~~~~^^^^^^^^^
  File "C:\Users\zenam\AppData\Local\Programs\Python\Python313\Lib\site-packages\django\template\defaulttags.py", line 511, in render
    url = reverse(view_name, args=args, kwargs=kwargs, current_app=current_app)
  File "C:\Users\zenam\AppData\Local\Programs\Python\Python313\Lib\site-packages\django\urls\base.py", line 92, in reverse
    raise NoReverseMatch("%s is not a registered namespace" % key)
django.urls.exceptions.NoReverseMatch: 'djdt' is not a registered namespace
INFO 2026-10-05 14:51:05,895 middleware Request POST /checkout/ by Anonymous in 7.04 ms | groups=Anonymous | status=400
ERROR 2026-10-05 14:51:05,932 log Internal Server Error: /checkout/
Traceback (most recent call last):
  File "C:\Users\zenam\AppData\Local\Programs\Python\Python313\Lib\site-packages\django\template\base.py", line 964, in _resolve_lookup
    raise TypeError
TypeError

During handling of the above exception, another exception occurred:

Traceback (most recent call last):
  File "C:\Users\zenam\AppData\Local\Programs\Python\Python313\Lib\site-packages\django\urls\base.py", line 81, in reverse
    extra, resolver = resolver.namespace_dict[ns]
                      ~~~~~~~~~~~~~~~~~~~~~~~^^^^
KeyError: 'djdt'

During handling of the above exception, another exception occurred:

Traceback (most recent call last):
  File "C:\Users\zenam\AppData\Local\Programs\Python\Python313\Lib\site-packages\django\core\handlers\exception.py", line 55, in inner
    response = get_response(request)
  File "C:\Users\zenam\AppData\Local\Programs\Python\Python313\Lib\site-packages\debug_toolbar\middleware.py", line 130, in __call__
    return self._postprocess(request, response, toolbar)
           ~~~~~~~~~~~~~~~~~^^^^^^^^^^^^^^^^^^^^^^^^^^^^
  File "C:\Users\zenam\AppData\Local\Programs\Python\Python313\Lib\site-packages\debug_toolbar\middleware.py", line 172, in _postprocess
    rendered = toolbar.render_toolbar()
  File "C:\Users\zenam\AppData\Local\Programs\Python\Python313\Lib\site-packages\debug_toolbar\toolbar.py", line 96, in render_toolbar
    return render_to_string("debug_toolbar/base.html", context)
  File "C:\Users\zenam\AppData\Local\Programs\Python\Python313\Lib\site-packages\django\template\loader.py", line 62, in render_to_string
    return template.render(context, request)
           ~~~~~~~~~~~~~~~^^^^^^^^^^^^^^^^^^
  File "C:\Users\zenam\AppData\Local\Programs\Python\Python313\Lib\site-packages\django\template\backends\django.py", line 107, in render
    return self.template.render(context)
           ~~~~~~~~~~~~~~~~~~~~^^^^^^^^^
  File "C:\Users\zenam\AppData\Local\Programs\Python\Python313\Lib\site-packages\django\template\base.py", line 174, in render
    return self._render(context)
           ~~~~~~~~~~~~^^^^^^^^^
  File "C:\Users\zenam\AppData\Local\Programs\Python\Python313\Lib\site-packages\django\test\utils.py", line 114, in instrumented_test_render
    return self.nodelist.render(context)
           ~~~~~~~~~~~~~~~~~~~~^^^^^^^^^
  File "C:\Users\zenam\AppData\Local\Programs\Python\Python313\Lib\site-packages\django\template\base.py", line 1091, in render
    return SafeString("".join([node.render_annotated(context) for node in self]))
                               ~~~~~~~~~~~~~~~~~~~~~^^^^^^^^^
  File "C:\Users\zenam\AppData\Local\Programs\Python\Python313\Lib\site-packages\django\template\base.py", line 1052, in render_annotated
    return self.render(context)
           ~~~~~~~~~~~^^^^^^^^^
  File "C:\Users\zenam\AppData\Local\Programs\Python\Python313\Lib\site-packages\django\template\defaulttags.py", line 249, in render
    nodelist.append(node.render_annotated(context))
                    ~~~~~~~~~~~~~~~~~~~~~^^^^^^^^^
  File "C:\Users\zenam\AppData\Local\Programs\Python\Python313\Lib\site-packages\django\template\base.py", line 1052, in render_annotated
    return self.render(context)
           ~~~~~~~~~~~^^^^^^^^^
  File "C:\Users\zenam\AppData\Local\Programs\Python\Python313\Lib\site-packages\django\template\loader_tags.py", line 211, in render
    return template.render(context)
           ~~~~~~~~~~~~~~~^^^^^^^^^
  File "C:\Users\zenam\AppData\Local\Programs\Python\Python313\Lib\site-packages\django\template\base.py", line 176, in render
    return self._render(context)
           ~~~~~~~~~~~~^^^^^^^^^
  File "C:\Users\zenam\AppData\Local\Programs\Python\Python313\Lib\site-packages\django\test\utils.py", line 114, in instrumented_test_render
    return self.nodelist.render(context)
           ~~~~~~~~~~~~~~~~~~~~^^^^^^^^^
  File "C:\Users\zenam\AppData\Local\Programs\Python\Python313\Lib\site-packages\django\template\base.py", line 1091, in render
    return SafeString("".join([node.render_annotated(context) for node in self]))
                               ~~~~~~~~~~~~~~~~~~~~~^^^^^^^^^
  File "C:\Users\zenam\AppData\Local\Programs\Python\Python313\Lib\site-packages\django\template\base.py", line 1052, in render_annotated
    return self.render(context)
           ~~~~~~~~~~~^^^^^^^^^
  File "C:\Users\zenam\AppData\Local\Programs\Python\Python313\Lib\site-packages\django\template\defaulttags.py", line 333, in render
    return nodelist.render(context)
           ~~~~~~~~~~~~~~~^^^^^^^^^
  File "C:\Users\zenam\AppData\Local\Programs\Python\Python313\Lib\site-packages\django\template\base.py", line 1091, in render
    return SafeString("".join([node.render_annotated(context) for node in self]))
                               ~~~~~~~~~~~~~~~~~~~~~^^^^^^^^^
  File "C:\Users\zenam\AppData\Local\Programs\Python\Python313\Lib\site-packages\django\template\base.py", line 1052, in render_annotated
    return self.render(context)
           ~~~~~~~~~~~^^^^^^^^^
  File "C:\Users\zenam\AppData\Local\Programs\Python\Python313\Lib\site-packages\django\template\defaulttags.py", line 333, in render
    return nodelist.render(context)
           ~~~~~~~~~~~~~~~^^^^^^^^^
  File "C:\Users\zenam\AppData\Local\Programs\Python\Python313\Lib\site-packages\django\template\base.py", line 1091, in render
    return SafeString("".join([node.render_annotated(context) for node in self]))
                               ~~~~~~~~~~~~~~~~~~~~~^^^^^^^^^
  File "C:\Users\zenam\AppData\Local\Programs\Python\Python313\Lib\site-packages\django\template\base.py", line 1052, in render_annotated
    return self.render(context)
           ~~~~~~~~~~~^^^^^^^^^
  File "C:\Users\zenam\AppData\Local\Programs\Python\Python313\Lib\site-packages\django\template\base.py", line 1150, in render
    output = self.filter_expression.resolve(context)
  File "C:\Users\zenam\AppData\Local\Programs\Python\Python313\Lib\site-packages\django\template\base.py", line 788, in resolve
    obj = self.var.resolve(context)
  File "C:\Users\zenam\AppData\Local\Programs\Python\Python313\Lib\site-packages\django\template\base.py", line 928, in resolve
    value = self._resolve_lookup(context)
  File "C:\Users\zenam\AppData\Local\Programs\Python\Python313\Lib\site-packages\django\template\base.py", line 976, in _resolve_lookup
    current = getattr(current, bit)
  File "C:\Users\zenam\AppData\Local\Programs\Python\Python313\Lib\site-packages\debug_toolbar\panels\__init__.py", line 110, in content
    return render_to_string(self.template, self.get_stats())
  File "C:\Users\zenam\AppData\Local\Programs\Python\Python313\Lib\site-packages\django\template\loader.py", line 62, in render_to_string
    return template.render(context, request)
           ~~~~~~~~~~~~~~~^^^^^^^^^^^^^^^^^^
  File "C:\Users\zenam\AppData\Local\Programs\Python\Python313\Lib\site-packages\django\template\backends\django.py", line 107, in render
    return self.template.render(context)
           ~~~~~~~~~~~~~~~~~~~~^^^^^^^^^
  File "C:\Users\zenam\AppData\Local\Programs\Python\Python313\Lib\site-packages\django\template\base.py", line 174, in render
    return self._render(context)
           ~~~~~~~~~~~~^^^^^^^^^
  File "C:\Users\zenam\AppData\Local\Programs\Python\Python313\Lib\site-packages\django\test\utils.py", line 114, in instrumented_test_render
    return self.nodelist.render(context)
           ~~~~~~~~~~~~~~~~~~~~^^^^^^^^^
  File "C:\Users\zenam\AppData\Local\Programs\Python\Python313\Lib\site-packages\django\template\base.py", line 1091, in render
    return SafeString("".join([node.render_annotated(context) for node in self]))
                               ~~~~~~~~~~~~~~~~~~~~~^^^^^^^^^
  File "C:\Users\zenam\AppData\Local\Programs\Python\Python313\Lib\site-packages\django\template\base.py", line 1052, in render_annotated
    return self.render(context)
           ~~~~~~~~~~~^^^^^^^^^
  File "C:\Users\zenam\AppData\Local\Programs\Python\Python313\Lib\site-packages\django\template\defaulttags.py", line 333, in render
    return nodelist.render(context)
           ~~~~~~~~~~~~~~~^^^^^^^^^
  File "C:\Users\zenam\AppData\Local\Programs\Python\Python313\Lib\site-packages\django\template\base.py", line 1091, in render
    return SafeString("".join([node.render_annotated(context) for node in self]))
                               ~~~~~~~~~~~~~~~~~~~~~^^^^^^^^^
  File "C:\Users\zenam\AppData\Local\Programs\Python\Python313\Lib\site-packages\django\template\base.py", line 1052, in render_annotated
    return self.render(context)
           ~~~~~~~~~~~^^^^^^^^^
  File "C:\Users\zenam\AppData\Local\Programs\Python\Python313\Lib\site-packages\django\template\defaulttags.py", line 249, in render
    nodelist.append(node.render_annotated(context))
                    ~~~~~~~~~~~~~~~~~~~~~^^^^^^^^^
  File "C:\Users\zenam\AppData\Local\Programs\Python\Python313\Lib\site-packages\django\template\base.py", line 1052, in render_annotated
    return self.render(context)
           ~~~~~~~~~~~^^^^^^^^^
  File "C:\Users\zenam\AppData\Local\Programs\Python\Python313\Lib\site-packages\django\template\defaulttags.py", line 333, in render
    return nodelist.render(context)
           ~~~~~~~~~~~~~~~^^^^^^^^^
  File "C:\Users\zenam\AppData\Local\Programs\Python\Python313\Lib\site-packages\django\template\base.py", line 1091, in render
    return SafeString("".join([node.render_annotated(context) for node in self]))
                               ~~~~~~~~~~~~~~~~~~~~~^^^^^^^^^
  File "C:\Users\zenam\AppData\Local\Programs\Python\Python313\Lib\site-packages\django\template\base.py", line 1052, in render_annotated
    return self.render(context)
           ~~~~~~~~~~~^^^^^^^^^
  File "C:\Users\zenam\AppData\Local\Programs\Python\Python313\Lib\site-packages\django\template\defaulttags.py", line 333, in render
    return nodelist.render(context)
           ~~~~~~~~~~~~~~~^^^^^^^^^
  File "C:\Users\zenam\AppData\Local\Programs\Python\Python313\Lib\site-packages\django\template\base.py", line 1091, in render
    return SafeString("".join([node.render_annotated(context) for node in self]))
                               ~~~~~~~~~~~~~~~~~~~~~^^^^^^^^^
  File "C:\Users\zenam\AppData\Local\Programs\Python\Python313\Lib\site-packages\django\template\base.py", line 1052, in render_annotated
    return self.render(context)
           ~~~~~~~~~~~^^^^^^^^^
  File "C:\Users\zenam\AppData\Local\Programs\Python\Python313\Lib\site-packages\django\template\defaulttags.py", line 511, in render
    url = reverse(view_name, args=args, kwargs=kwargs, current_app=current_app)
  File "C:\Users\zenam\AppData\Local\Programs\Python\Python313\Lib\site-packages\django\urls\base.py", line 92, in reverse
    raise NoReverseMatch("%s is not a registered namespace" % key)
django.urls.exceptions.NoReverseMatch: 'djdt' is not a registered namespace
INFO 2026-10-05 14:51:06,782 middleware Request POST /cart/add/1/ by Anonymous in 17.72 ms | groups=Anonymous | status=302
ERROR 2026-10-05 14:51:06,821 log Internal Server Error: /cart/add/1/
Traceback (most recent call last):
  File "C:\Users\zenam\AppData\Local\Programs\Python\Python313\Lib\site-packages\django\template\base.py", line 964, in _resolve_lookup
    raise TypeError
TypeError

During handling of the above exception, another exception occurred:

Traceback (most recent call last):
  File "C:\Users\zenam\AppData\Local\Programs\Python\Python313\Lib\site-packages\django\urls\base.py", line 81, in reverse
    extra, resolver = resolver.namespace_dict[ns]
                      ~~~~~~~~~~~~~~~~~~~~~~~^^^^
KeyError: 'djdt'

During handling of the above exception, another exception occurred:

Traceback (most recent call last):
  File "C:\Users\zenam\AppData\Local\Programs\Python\Python313\Lib\site-packages\django\core\handlers\exception.py", line 55, in inner
    response = get_response(request)
  File "C:\Users\zenam\AppData\Local\Programs\Python\Python313\Lib\site-packages\debug_toolbar\middleware.py", line 130, in __call__
    return self._postprocess(request, response, toolbar)
           ~~~~~~~~~~~~~~~~~^^^^^^^^^^^^^^^^^^^^^^^^^^^^
  File "C:\Users\zenam\AppData\Local\Programs\Python\Python313\Lib\site-packages\debug_toolbar\middleware.py", line 172, in _postprocess
    rendered = toolbar.render_toolbar()
  File "C:\Users\zenam\AppData\Local\Programs\Python\Python313\Lib\site-packages\debug_toolbar\toolbar.py", line 96, in render_toolbar
    return render_to_string("debug_toolbar/base.html", context)
  File "C:\Users\zenam\AppData\Local\Programs\Python\Python313\Lib\site-packages\django\template\loader.py", line 62, in render_to_string
    return template.render(context, request)
           ~~~~~~~~~~~~~~~^^^^^^^^^^^^^^^^^^
  File "C:\Users\zenam\AppData\Local\Programs\Python\Python313\Lib\site-packages\django\template\backends\django.py", line 107, in render
    return self.template.render(context)
           ~~~~~~~~~~~~~~~~~~~~^^^^^^^^^
  File "C:\Users\zenam\AppData\Local\Programs\Python\Python313\Lib\site-packages\django\template\base.py", line 174, in render
    return self._render(context)
           ~~~~~~~~~~~~^^^^^^^^^
  File "C:\Users\zenam\AppData\Local\Programs\Python\Python313\Lib\site-packages\django\test\utils.py", line 114, in instrumented_test_render
    return self.nodelist.render(context)
           ~~~~~~~~~~~~~~~~~~~~^^^^^^^^^
  File "C:\Users\zenam\AppData\Local\Programs\Python\Python313\Lib\site-packages\django\template\base.py", line 1091, in render
    return SafeString("".join([node.render_annotated(context) for node in self]))
                               ~~~~~~~~~~~~~~~~~~~~~^^^^^^^^^
  File "C:\Users\zenam\AppData\Local\Programs\Python\Python313\Lib\site-packages\django\template\base.py", line 1052, in render_annotated
    return self.render(context)
           ~~~~~~~~~~~^^^^^^^^^
  File "C:\Users\zenam\AppData\Local\Programs\Python\Python313\Lib\site-packages\django\template\defaulttags.py", line 249, in render
    nodelist.append(node.render_annotated(context))
                    ~~~~~~~~~~~~~~~~~~~~~^^^^^^^^^
  File "C:\Users\zenam\AppData\Local\Programs\Python\Python313\Lib\site-packages\django\template\base.py", line 1052, in render_annotated
    return self.render(context)
           ~~~~~~~~~~~^^^^^^^^^
  File "C:\Users\zenam\AppData\Local\Programs\Python\Python313\Lib\site-packages\django\template\loader_tags.py", line 211, in render
    return template.render(context)
           ~~~~~~~~~~~~~~~^^^^^^^^^
  File "C:\Users\zenam\AppData\Local\Programs\Python\Python313\Lib\site-packages\django\template\base.py", line 176, in render
    return self._render(context)
           ~~~~~~~~~~~~^^^^^^^^^
  File "C:\Users\zenam\AppData\Local\Programs\Python\Python313\Lib\site-packages\django\test\utils.py", line 114, in instrumented_test_render
    return self.nodelist.render(context)
           ~~~~~~~~~~~~~~~~~~~~^^^^^^^^^
  File "C:\Users\zenam\AppData\Local\Programs\Python\Python313\Lib\site-packages\django\template\base.py", line 1091, in render
    return SafeString("".join([node.render_annotated(context) for node in self]))
                               ~~~~~~~~~~~~~~~~~~~~~^^^^^^^^^
  File "C:\Users\zenam\AppData\Local\Programs\Python\Python313\Lib\site-packages\django\template\base.py", line 1052, in render_annotated
    return self.render(context)
           ~~~~~~~~~~~^^^^^^^^^
  File "C:\Users\zenam\AppData\Local\Programs\Python\Python313\Lib\site-packages\django\template\defaulttags.py", line 333, in render
    return nodelist.render(context)
           ~~~~~~~~~~~~~~~^^^^^^^^^
  File "C:\Users\zenam\AppData\Local\Programs\Python\Python313\Lib\site-packages\django\template\base.py", line 1091, in render
    return SafeString("".join([node.render_annotated(context) for node in self]))
                               ~~~~~~~~~~~~~~~~~~~~~^^^^^^^^^
  File "C:\Users\zenam\AppData\Local\Programs\Python\Python313\Lib\site-packages\django\template\base.py", line 1052, in render_annotated
    return self.render(context)
           ~~~~~~~~~~~^^^^^^^^^
  File "C:\Users\zenam\AppData\Local\Programs\Python\Python313\Lib\site-packages\django\template\defaulttags.py", line 333, in render
    return nodelist.render(context)
           ~~~~~~~~~~~~~~~^^^^^^^^^
  File "C:\Users\zenam\AppData\Local\Programs\Python\Python313\Lib\site-packages\django\template\base.py", line 1091, in render
    return SafeString("".join([node.render_annotated(context) for node in self]))
                               ~~~~~~~~~~~~~~~~~~~~~^^^^^^^^^
  File "C:\Users\zenam\AppData\Local\Programs\Python\Python313\Lib\site-packages\django\template\base.py", line 1052, in render_annotated
    return self.render(context)
           ~~~~~~~~~~~^^^^^^^^^
  File "C:\Users\zenam\AppData\Local\Programs\Python\Python313\Lib\site-packages\django\template\base.py", line 1150, in render
    output = self.filter_expression.resolve(context)
  File "C:\Users\zenam\AppData\Local\Programs\Python\Python313\Lib\site-packages\django\template\base.py", line 788, in resolve
    obj = self.var.resolve(context)
  File "C:\Users\zenam\AppData\Local\Programs\Python\Python313\Lib\site-packages\django\template\base.py", line 928, in resolve
    value = self._resolve_lookup(context)
  File "C:\Users\zenam\AppData\Local\Programs\Python\Python313\Lib\site-packages\django\template\base.py", line 976, in _resolve_lookup
    current = getattr(current, bit)
  File "C:\Users\zenam\AppData\Local\Programs\Python\Python313\Lib\site-packages\debug_toolbar\panels\__init__.py", line 110, in content
    return render_to_string(self.template, self.get_stats())
  File "C:\Users\zenam\AppData\Local\Programs\Python\Python313\Lib\site-packages\django\template\loader.py", line 62, in render_to_string
    return template.render(context, request)
           ~~~~~~~~~~~~~~~^^^^^^^^^^^^^^^^^^
  File "C:\Users\zenam\AppData\Local\Programs\Python\Python313\Lib\site-packages\django\template\backends\django.py", line 107, in render
    return self.template.render(context)
           ~~~~~~~~~~~~~~~~~~~~^^^^^^^^^
  File "C:\Users\zenam\AppData\Local\Programs\Python\Python313\Lib\site-packages\django\template\base.py", line 174, in render
    return self._render(context)
           ~~~~~~~~~~~~^^^^^^^^^
  File "C:\Users\zenam\AppData\Local\Programs\Python\Python313\Lib\site-packages\django\test\utils.py", line 114, in instrumented_test_render
    return self.nodelist.render(context)
           ~~~~~~~~~~~~~~~~~~~~^^^^^^^^^
  File "C:\Users\zenam\AppData\Local\Programs\Python\Python313\Lib\site-packages\django\template\base.py", line 1091, in render
    return SafeString("".join([node.render_annotated(context) for node in self]))
                               ~~~~~~~~~~~~~~~~~~~~~^^^^^^^^^
  File "C:\Users\zenam\AppData\Local\Programs\Python\Python313\Lib\site-packages\django\template\base.py", line 1052, in render_annotated
    return self.render(context)
           ~~~~~~~~~~~^^^^^^^^^
  File "C:\Users\zenam\AppData\Local\Programs\Python\Python313\Lib\site-packages\django\template\defaulttags.py", line 333, in render
    return nodelist.render(context)
           ~~~~~~~~~~~~~~~^^^^^^^^^
  File "C:\Users\zenam\AppData\Local\Programs\Python\Python313\Lib\site-packages\django\template\base.py", line 1091, in render
    return SafeString("".join([node.render_annotated(context) for node in self]))
                               ~~~~~~~~~~~~~~~~~~~~~^^^^^^^^^
  File "C:\Users\zenam\AppData\Local\Programs\Python\Python313\Lib\site-packages\django\template\base.py", line 1052, in render_annotated
    return self.render(context)
           ~~~~~~~~~~~^^^^^^^^^
  File "C:\Users\zenam\AppData\Local\Programs\Python\Python313\Lib\site-packages\django\template\defaulttags.py", line 249, in render
    nodelist.append(node.render_annotated(context))
                    ~~~~~~~~~~~~~~~~~~~~~^^^^^^^^^
  File "C:\Users\zenam\AppData\Local\Programs\Python\Python313\Lib\site-packages\django\template\base.py", line 1052, in render_annotated
    return self.render(context)
           ~~~~~~~~~~~^^^^^^^^^
  File "C:\Users\zenam\AppData\Local\Programs\Python\Python313\Lib\site-packages\django\template\defaulttags.py", line 333, in render
    return nodelist.render(context)
           ~~~~~~~~~~~~~~~^^^^^^^^^
  File "C:\Users\zenam\AppData\Local\Programs\Python\Python313\Lib\site-packages\django\template\base.py", line 1091, in render
    return SafeString("".join([node.render_annotated(context) for node in self]))
                               ~~~~~~~~~~~~~~~~~~~~~^^^^^^^^^
  File "C:\Users\zenam\AppData\Local\Programs\Python\Python313\Lib\site-packages\django\template\base.py", line 1052, in render_annotated
    return self.render(context)
           ~~~~~~~~~~~^^^^^^^^^
  File "C:\Users\zenam\AppData\Local\Programs\Python\Python313\Lib\site-packages\django\template\defaulttags.py", line 333, in render
    return nodelist.render(context)
           ~~~~~~~~~~~~~~~^^^^^^^^^
  File "C:\Users\zenam\AppData\Local\Programs\Python\Python313\Lib\site-packages\django\template\base.py", line 1091, in render
    return SafeString("".join([node.render_annotated(context) for node in self]))
                               ~~~~~~~~~~~~~~~~~~~~~^^^^^^^^^
  File "C:\Users\zenam\AppData\Local\Programs\Python\Python313\Lib\site-packages\django\template\base.py", line 1052, in render_annotated
    return self.render(context)
           ~~~~~~~~~~~^^^^^^^^^
  File "C:\Users\zenam\AppData\Local\Programs\Python\Python313\Lib\site-packages\django\template\defaulttags.py", line 511, in render
    url = reverse(view_name, args=args, kwargs=kwargs, current_app=current_app)
  File "C:\Users\zenam\AppData\Local\Programs\Python\Python313\Lib\site-packages\django\urls\base.py", line 92, in reverse
    raise NoReverseMatch("%s is not a registered namespace" % key)
django.urls.exceptions.NoReverseMatch: 'djdt' is not a registered namespace
INFO 2026-10-05 14:51:07,485 middleware Request POST /cart/add/1/ by Anonymous in 10.23 ms | groups=Anonymous | status=302
ERROR 2026-10-05 14:51:07,529 log Internal Server Error: /cart/add/1/
Traceback (most recent call last):
  File "C:\Users\zenam\AppData\Local\Programs\Python\Python313\Lib\site-packages\django\template\base.py", line 964, in _resolve_lookup
    raise TypeError
TypeError

During handling of the above exception, another exception occurred:

Traceback (most recent call last):
  File "C:\Users\zenam\AppData\Local\Programs\Python\Python313\Lib\site-packages\django\urls\base.py", line 81, in reverse
    extra, resolver = resolver.namespace_dict[ns]
                      ~~~~~~~~~~~~~~~~~~~~~~~^^^^
KeyError: 'djdt'

During handling of the above exception, another exception occurred:

Traceback (most recent call last):
  File "C:\Users\zenam\AppData\Local\Programs\Python\Python313\Lib\site-packages\django\core\handlers\exception.py", line 55, in inner
    response = get_response(request)
  File "C:\Users\zenam\AppData\Local\Programs\Python\Python313\Lib\site-packages\debug_toolbar\middleware.py", line 130, in __call__
    return self._postprocess(request, response, toolbar)
           ~~~~~~~~~~~~~~~~~^^^^^^^^^^^^^^^^^^^^^^^^^^^^
  File "C:\Users\zenam\AppData\Local\Programs\Python\Python313\Lib\site-packages\debug_toolbar\middleware.py", line 172, in _postprocess
    rendered = toolbar.render_toolbar()
  File "C:\Users\zenam\AppData\Local\Programs\Python\Python313\Lib\site-packages\debug_toolbar\toolbar.py", line 96, in render_toolbar
    return render_to_string("debug_toolbar/base.html", context)
  File "C:\Users\zenam\AppData\Local\Programs\Python\Python313\Lib\site-packages\django\template\loader.py", line 62, in render_to_string
    return template.render(context, request)
           ~~~~~~~~~~~~~~~^^^^^^^^^^^^^^^^^^
  File "C:\Users\zenam\AppData\Local\Programs\Python\Python313\Lib\site-packages\django\template\backends\django.py", line 107, in render
    return self.template.render(context)
           ~~~~~~~~~~~~~~~~~~~~^^^^^^^^^
  File "C:\Users\zenam\AppData\Local\Programs\Python\Python313\Lib\site-packages\django\template\base.py", line 174, in render
    return self._render(context)
           ~~~~~~~~~~~~^^^^^^^^^
  File "C:\Users\zenam\AppData\Local\Programs\Python\Python313\Lib\site-packages\django\test\utils.py", line 114, in instrumented_test_render
    return self.nodelist.render(context)
           ~~~~~~~~~~~~~~~~~~~~^^^^^^^^^
  File "C:\Users\zenam\AppData\Local\Programs\Python\Python313\Lib\site-packages\django\template\base.py", line 1091, in render
    return SafeString("".join([node.render_annotated(context) for node in self]))
                               ~~~~~~~~~~~~~~~~~~~~~^^^^^^^^^
  File "C:\Users\zenam\AppData\Local\Programs\Python\Python313\Lib\site-packages\django\template\base.py", line 1052, in render_annotated
    return self.render(context)
           ~~~~~~~~~~~^^^^^^^^^
  File "C:\Users\zenam\AppData\Local\Programs\Python\Python313\Lib\site-packages\django\template\defaulttags.py", line 249, in render
    nodelist.append(node.render_annotated(context))
                    ~~~~~~~~~~~~~~~~~~~~~^^^^^^^^^
  File "C:\Users\zenam\AppData\Local\Programs\Python\Python313\Lib\site-packages\django\template\base.py", line 1052, in render_annotated
    return self.render(context)
           ~~~~~~~~~~~^^^^^^^^^
  File "C:\Users\zenam\AppData\Local\Programs\Python\Python313\Lib\site-packages\django\template\loader_tags.py", line 211, in render
    return template.render(context)
           ~~~~~~~~~~~~~~~^^^^^^^^^
  File "C:\Users\zenam\AppData\Local\Programs\Python\Python313\Lib\site-packages\django\template\base.py", line 176, in render
    return self._render(context)
           ~~~~~~~~~~~~^^^^^^^^^
  File "C:\Users\zenam\AppData\Local\Programs\Python\Python313\Lib\site-packages\django\test\utils.py", line 114, in instrumented_test_render
    return self.nodelist.render(context)
           ~~~~~~~~~~~~~~~~~~~~^^^^^^^^^
  File "C:\Users\zenam\AppData\Local\Programs\Python\Python313\Lib\site-packages\django\template\base.py", line 1091, in render
    return SafeString("".join([node.render_annotated(context) for node in self]))
                               ~~~~~~~~~~~~~~~~~~~~~^^^^^^^^^
  File "C:\Users\zenam\AppData\Local\Programs\Python\Python313\Lib\site-packages\django\template\base.py", line 1052, in render_annotated
    return self.render(context)
           ~~~~~~~~~~~^^^^^^^^^
  File "C:\Users\zenam\AppData\Local\Programs\Python\Python313\Lib\site-packages\django\template\defaulttags.py", line 333, in render
    return nodelist.render(context)
           ~~~~~~~~~~~~~~~^^^^^^^^^
  File "C:\Users\zenam\AppData\Local\Programs\Python\Python313\Lib\site-packages\django\template\base.py", line 1091, in render
    return SafeString("".join([node.render_annotated(context) for node in self]))
                               ~~~~~~~~~~~~~~~~~~~~~^^^^^^^^^
  File "C:\Users\zenam\AppData\Local\Programs\Python\Python313\Lib\site-packages\django\template\base.py", line 1052, in render_annotated
    return self.render(context)
           ~~~~~~~~~~~^^^^^^^^^
  File "C:\Users\zenam\AppData\Local\Programs\Python\Python313\Lib\site-packages\django\template\defaulttags.py", line 333, in render
    return nodelist.render(context)
           ~~~~~~~~~~~~~~~^^^^^^^^^
  File "C:\Users\zenam\AppData\Local\Programs\Python\Python313\Lib\site-packages\django\template\base.py", line 1091, in render
    return SafeString("".join([node.render_annotated(context) for node in self]))
                               ~~~~~~~~~~~~~~~~~~~~~^^^^^^^^^
  File "C:\Users\zenam\AppData\Local\Programs\Python\Python313\Lib\site-packages\django\template\base.py", line 1052, in render_annotated
    return self.render(context)
           ~~~~~~~~~~~^^^^^^^^^
  File "C:\Users\zenam\AppData\Local\Programs\Python\Python313\Lib\site-packages\django\template\base.py", line 1150, in render
    output = self.filter_expression.resolve(context)
  File "C:\Users\zenam\AppData\Local\Programs\Python\Python313\Lib\site-packages\django\template\base.py", line 788, in resolve
    obj = self.var.resolve(context)
  File "C:\Users\zenam\AppData\Local\Programs\Python\Python313\Lib\site-packages\django\template\base.py", line 928, in resolve
    value = self._resolve_lookup(context)
  File "C:\Users\zenam\AppData\Local\Programs\Python\Python313\Lib\site-packages\django\template\base.py", line 976, in _resolve_lookup
    current = getattr(current, bit)
  File "C:\Users\zenam\AppData\Local\Programs\Python\Python313\Lib\site-packages\debug_toolbar\panels\__init__.py", line 110, in content
    return render_to_string(self.template, self.get_stats())
  File "C:\Users\zenam\AppData\Local\Programs\Python\Python313\Lib\site-packages\django\template\loader.py", line 62, in render_to_string
    return template.render(context, request)
           ~~~~~~~~~~~~~~~^^^^^^^^^^^^^^^^^^
  File "C:\Users\zenam\AppData\Local\Programs\Python\Python313\Lib\site-packages\django\template\backends\django.py", line 107, in render
    return self.template.render(context)
           ~~~~~~~~~~~~~~~~~~~~^^^^^^^^^
  File "C:\Users\zenam\AppData\Local\Programs\Python\Python313\Lib\site-packages\django\template\base.py", line 174, in render
    return self._render(context)
           ~~~~~~~~~~~~^^^^^^^^^
  File "C:\Users\zenam\AppData\Local\Programs\Python\Python313\Lib\site-packages\django\test\utils.py", line 114, in instrumented_test_render
    return self.nodelist.render(context)
           ~~~~~~~~~~~~~~~~~~~~^^^^^^^^^
  File "C:\Users\zenam\AppData\Local\Programs\Python\Python313\Lib\site-packages\django\template\base.py", line 1091, in render
    return SafeString("".join([node.render_annotated(context) for node in self]))
                               ~~~~~~~~~~~~~~~~~~~~~^^^^^^^^^
  File "C:\Users\zenam\AppData\Local\Programs\Python\Python313\Lib\site-packages\django\template\base.py", line 1052, in render_annotated
    return self.render(context)
           ~~~~~~~~~~~^^^^^^^^^
  File "C:\Users\zenam\AppData\Local\Programs\Python\Python313\Lib\site-packages\django\template\defaulttags.py", line 333, in render
    return nodelist.render(context)
           ~~~~~~~~~~~~~~~^^^^^^^^^
  File "C:\Users\zenam\AppData\Local\Programs\Python\Python313\Lib\site-packages\django\template\base.py", line 1091, in render
    return SafeString("".join([node.render_annotated(context) for node in self]))
                               ~~~~~~~~~~~~~~~~~~~~~^^^^^^^^^
  File "C:\Users\zenam\AppData\Local\Programs\Python\Python313\Lib\site-packages\django\template\base.py", line 1052, in render_annotated
    return self.render(context)
           ~~~~~~~~~~~^^^^^^^^^
  File "C:\Users\zenam\AppData\Local\Programs\Python\Python313\Lib\site-packages\django\template\defaulttags.py", line 249, in render
    nodelist.append(node.render_annotated(context))
                    ~~~~~~~~~~~~~~~~~~~~~^^^^^^^^^
  File "C:\Users\zenam\AppData\Local\Programs\Python\Python313\Lib\site-packages\django\template\base.py", line 1052, in render_annotated
    return self.render(context)
           ~~~~~~~~~~~^^^^^^^^^
  File "C:\Users\zenam\AppData\Local\Programs\Python\Python313\Lib\site-packages\django\template\defaulttags.py", line 333, in render
    return nodelist.render(context)
           ~~~~~~~~~~~~~~~^^^^^^^^^
  File "C:\Users\zenam\AppData\Local\Programs\Python\Python313\Lib\site-packages\django\template\base.py", line 1091, in render
    return SafeString("".join([node.render_annotated(context) for node in self]))
                               ~~~~~~~~~~~~~~~~~~~~~^^^^^^^^^
  File "C:\Users\zenam\AppData\Local\Programs\Python\Python313\Lib\site-packages\django\template\base.py", line 1052, in render_annotated
    return self.render(context)
           ~~~~~~~~~~~^^^^^^^^^
  File "C:\Users\zenam\AppData\Local\Programs\Python\Python313\Lib\site-packages\django\template\defaulttags.py", line 333, in render
    return nodelist.render(context)
           ~~~~~~~~~~~~~~~^^^^^^^^^
  File "C:\Users\zenam\AppData\Local\Programs\Python\Python313\Lib\site-packages\django\template\base.py", line 1091, in render
    return SafeString("".join([node.render_annotated(context) for node in self]))
                               ~~~~~~~~~~~~~~~~~~~~~^^^^^^^^^
  File "C:\Users\zenam\AppData\Local\Programs\Python\Python313\Lib\site-packages\django\template\base.py", line 1052, in render_annotated
    return self.render(context)
           ~~~~~~~~~~~^^^^^^^^^
  File "C:\Users\zenam\AppData\Local\Programs\Python\Python313\Lib\site-packages\django\template\defaulttags.py", line 511, in render
    url = reverse(view_name, args=args, kwargs=kwargs, current_app=current_app)
  File "C:\Users\zenam\AppData\Local\Programs\Python\Python313\Lib\site-packages\django\urls\base.py", line 92, in reverse
    raise NoReverseMatch("%s is not a registered namespace" % key)
django.urls.exceptions.NoReverseMatch: 'djdt' is not a registered namespace
INFO 2026-10-05 14:51:08,251 middleware Request GET /checkout/success/ by Anonymous in 5.75 ms | groups=Anonymous | status=200
ERROR 2026-10-05 14:51:08,285 log Internal Server Error: /checkout/success/
Traceback (most recent call last):
  File "C:\Users\zenam\AppData\Local\Programs\Python\Python313\Lib\site-packages\django\template\base.py", line 964, in _resolve_lookup
    raise TypeError
TypeError

During handling of the above exception, another exception occurred:

Traceback (most recent call last):
  File "C:\Users\zenam\AppData\Local\Programs\Python\Python313\Lib\site-packages\django\urls\base.py", line 81, in reverse
    extra, resolver = resolver.namespace_dict[ns]
                      ~~~~~~~~~~~~~~~~~~~~~~~^^^^
KeyError: 'djdt'

During handling of the above exception, another exception occurred:

Traceback (most recent call last):
  File "C:\Users\zenam\AppData\Local\Programs\Python\Python313\Lib\site-packages\django\core\handlers\exception.py", line 55, in inner
    response = get_response(request)
  File "C:\Users\zenam\AppData\Local\Programs\Python\Python313\Lib\site-packages\debug_toolbar\middleware.py", line 130, in __call__
    return self._postprocess(request, response, toolbar)
           ~~~~~~~~~~~~~~~~~^^^^^^^^^^^^^^^^^^^^^^^^^^^^
  File "C:\Users\zenam\AppData\Local\Programs\Python\Python313\Lib\site-packages\debug_toolbar\middleware.py", line 172, in _postprocess
    rendered = toolbar.render_toolbar()
  File "C:\Users\zenam\AppData\Local\Programs\Python\Python313\Lib\site-packages\debug_toolbar\toolbar.py", line 96, in render_toolbar
    return render_to_string("debug_toolbar/base.html", context)
  File "C:\Users\zenam\AppData\Local\Programs\Python\Python313\Lib\site-packages\django\template\loader.py", line 62, in render_to_string
    return template.render(context, request)
           ~~~~~~~~~~~~~~~^^^^^^^^^^^^^^^^^^
  File "C:\Users\zenam\AppData\Local\Programs\Python\Python313\Lib\site-packages\django\template\backends\django.py", line 107, in render
    return self.template.render(context)
           ~~~~~~~~~~~~~~~~~~~~^^^^^^^^^
  File "C:\Users\zenam\AppData\Local\Programs\Python\Python313\Lib\site-packages\django\template\base.py", line 174, in render
    return self._render(context)
           ~~~~~~~~~~~~^^^^^^^^^
  File "C:\Users\zenam\AppData\Local\Programs\Python\Python313\Lib\site-packages\django\test\utils.py", line 114, in instrumented_test_render
    return self.nodelist.render(context)
           ~~~~~~~~~~~~~~~~~~~~^^^^^^^^^
  File "C:\Users\zenam\AppData\Local\Programs\Python\Python313\Lib\site-packages\django\template\base.py", line 1091, in render
    return SafeString("".join([node.render_annotated(context) for node in self]))
                               ~~~~~~~~~~~~~~~~~~~~~^^^^^^^^^
  File "C:\Users\zenam\AppData\Local\Programs\Python\Python313\Lib\site-packages\django\template\base.py", line 1052, in render_annotated
    return self.render(context)
           ~~~~~~~~~~~^^^^^^^^^
  File "C:\Users\zenam\AppData\Local\Programs\Python\Python313\Lib\site-packages\django\template\defaulttags.py", line 249, in render
    nodelist.append(node.render_annotated(context))
                    ~~~~~~~~~~~~~~~~~~~~~^^^^^^^^^
  File "C:\Users\zenam\AppData\Local\Programs\Python\Python313\Lib\site-packages\django\template\base.py", line 1052, in render_annotated
    return self.render(context)
           ~~~~~~~~~~~^^^^^^^^^
  File "C:\Users\zenam\AppData\Local\Programs\Python\Python313\Lib\site-packages\django\template\loader_tags.py", line 211, in render
    return template.render(context)
           ~~~~~~~~~~~~~~~^^^^^^^^^
  File "C:\Users\zenam\AppData\Local\Programs\Python\Python313\Lib\site-packages\django\template\base.py", line 176, in render
    return self._render(context)
           ~~~~~~~~~~~~^^^^^^^^^
  File "C:\Users\zenam\AppData\Local\Programs\Python\Python313\Lib\site-packages\django\test\utils.py", line 114, in instrumented_test_render
    return self.nodelist.render(context)
           ~~~~~~~~~~~~~~~~~~~~^^^^^^^^^
  File "C:\Users\zenam\AppData\Local\Programs\Python\Python313\Lib\site-packages\django\template\base.py", line 1091, in render
    return SafeString("".join([node.render_annotated(context) for node in self]))
                               ~~~~~~~~~~~~~~~~~~~~~^^^^^^^^^
  File "C:\Users\zenam\AppData\Local\Programs\Python\Python313\Lib\site-packages\django\template\base.py", line 1052, in render_annotated
    return self.render(context)
           ~~~~~~~~~~~^^^^^^^^^
  File "C:\Users\zenam\AppData\Local\Programs\Python\Python313\Lib\site-packages\django\template\defaulttags.py", line 333, in render
    return nodelist.render(context)
           ~~~~~~~~~~~~~~~^^^^^^^^^
  File "C:\Users\zenam\AppData\Local\Programs\Python\Python313\Lib\site-packages\django\template\base.py", line 1091, in render
    return SafeString("".join([node.render_annotated(context) for node in self]))
                               ~~~~~~~~~~~~~~~~~~~~~^^^^^^^^^
  File "C:\Users\zenam\AppData\Local\Programs\Python\Python313\Lib\site-packages\django\template\base.py", line 1052, in render_annotated
    return self.render(context)
           ~~~~~~~~~~~^^^^^^^^^
  File "C:\Users\zenam\AppData\Local\Programs\Python\Python313\Lib\site-packages\django\template\defaulttags.py", line 333, in render
    return nodelist.render(context)
           ~~~~~~~~~~~~~~~^^^^^^^^^
  File "C:\Users\zenam\AppData\Local\Programs\Python\Python313\Lib\site-packages\django\template\base.py", line 1091, in render
    return SafeString("".join([node.render_annotated(context) for node in self]))
                               ~~~~~~~~~~~~~~~~~~~~~^^^^^^^^^
  File "C:\Users\zenam\AppData\Local\Programs\Python\Python313\Lib\site-packages\django\template\base.py", line 1052, in render_annotated
    return self.render(context)
           ~~~~~~~~~~~^^^^^^^^^
  File "C:\Users\zenam\AppData\Local\Programs\Python\Python313\Lib\site-packages\django\template\base.py", line 1150, in render
    output = self.filter_expression.resolve(context)
  File "C:\Users\zenam\AppData\Local\Programs\Python\Python313\Lib\site-packages\django\template\base.py", line 788, in resolve
    obj = self.var.resolve(context)
  File "C:\Users\zenam\AppData\Local\Programs\Python\Python313\Lib\site-packages\django\template\base.py", line 928, in resolve
    value = self._resolve_lookup(context)
  File "C:\Users\zenam\AppData\Local\Programs\Python\Python313\Lib\site-packages\django\template\base.py", line 976, in _resolve_lookup
    current = getattr(current, bit)
  File "C:\Users\zenam\AppData\Local\Programs\Python\Python313\Lib\site-packages\debug_toolbar\panels\__init__.py", line 110, in content
    return render_to_string(self.template, self.get_stats())
  File "C:\Users\zenam\AppData\Local\Programs\Python\Python313\Lib\site-packages\django\template\loader.py", line 62, in render_to_string
    return template.render(context, request)
           ~~~~~~~~~~~~~~~^^^^^^^^^^^^^^^^^^
  File "C:\Users\zenam\AppData\Local\Programs\Python\Python313\Lib\site-packages\django\template\backends\django.py", line 107, in render
    return self.template.render(context)
           ~~~~~~~~~~~~~~~~~~~~^^^^^^^^^
  File "C:\Users\zenam\AppData\Local\Programs\Python\Python313\Lib\site-packages\django\template\base.py", line 174, in render
    return self._render(context)
           ~~~~~~~~~~~~^^^^^^^^^
  File "C:\Users\zenam\AppData\Local\Programs\Python\Python313\Lib\site-packages\django\test\utils.py", line 114, in instrumented_test_render
    return self.nodelist.render(context)
           ~~~~~~~~~~~~~~~~~~~~^^^^^^^^^
  File "C:\Users\zenam\AppData\Local\Programs\Python\Python313\Lib\site-packages\django\template\base.py", line 1091, in render
    return SafeString("".join([node.render_annotated(context) for node in self]))
                               ~~~~~~~~~~~~~~~~~~~~~^^^^^^^^^
  File "C:\Users\zenam\AppData\Local\Programs\Python\Python313\Lib\site-packages\django\template\base.py", line 1052, in render_annotated
    return self.render(context)
           ~~~~~~~~~~~^^^^^^^^^
  File "C:\Users\zenam\AppData\Local\Programs\Python\Python313\Lib\site-packages\django\template\defaulttags.py", line 333, in render
    return nodelist.render(context)
           ~~~~~~~~~~~~~~~^^^^^^^^^
  File "C:\Users\zenam\AppData\Local\Programs\Python\Python313\Lib\site-packages\django\template\base.py", line 1091, in render
    return SafeString("".join([node.render_annotated(context) for node in self]))
                               ~~~~~~~~~~~~~~~~~~~~~^^^^^^^^^
  File "C:\Users\zenam\AppData\Local\Programs\Python\Python313\Lib\site-packages\django\template\base.py", line 1052, in render_annotated
    return self.render(context)
           ~~~~~~~~~~~^^^^^^^^^
  File "C:\Users\zenam\AppData\Local\Programs\Python\Python313\Lib\site-packages\django\template\defaulttags.py", line 249, in render
    nodelist.append(node.render_annotated(context))
                    ~~~~~~~~~~~~~~~~~~~~~^^^^^^^^^
  File "C:\Users\zenam\AppData\Local\Programs\Python\Python313\Lib\site-packages\django\template\base.py", line 1052, in render_annotated
    return self.render(context)
           ~~~~~~~~~~~^^^^^^^^^
  File "C:\Users\zenam\AppData\Local\Programs\Python\Python313\Lib\site-packages\django\template\defaulttags.py", line 333, in render
    return nodelist.render(context)
           ~~~~~~~~~~~~~~~^^^^^^^^^
  File "C:\Users\zenam\AppData\Local\Programs\Python\Python313\Lib\site-packages\django\template\base.py", line 1091, in render
    return SafeString("".join([node.render_annotated(context) for node in self]))
                               ~~~~~~~~~~~~~~~~~~~~~^^^^^^^^^
  File "C:\Users\zenam\AppData\Local\Programs\Python\Python313\Lib\site-packages\django\template\base.py", line 1052, in render_annotated
    return self.render(context)
           ~~~~~~~~~~~^^^^^^^^^
  File "C:\Users\zenam\AppData\Local\Programs\Python\Python313\Lib\site-packages\django\template\defaulttags.py", line 333, in render
    return nodelist.render(context)
           ~~~~~~~~~~~~~~~^^^^^^^^^
  File "C:\Users\zenam\AppData\Local\Programs\Python\Python313\Lib\site-packages\django\template\base.py", line 1091, in render
    return SafeString("".join([node.render_annotated(context) for node in self]))
                               ~~~~~~~~~~~~~~~~~~~~~^^^^^^^^^
  File "C:\Users\zenam\AppData\Local\Programs\Python\Python313\Lib\site-packages\django\template\base.py", line 1052, in render_annotated
    return self.render(context)
           ~~~~~~~~~~~^^^^^^^^^
  File "C:\Users\zenam\AppData\Local\Programs\Python\Python313\Lib\site-packages\django\template\defaulttags.py", line 511, in render
    url = reverse(view_name, args=args, kwargs=kwargs, current_app=current_app)
  File "C:\Users\zenam\AppData\Local\Programs\Python\Python313\Lib\site-packages\django\urls\base.py", line 92, in reverse
    raise NoReverseMatch("%s is not a registered namespace" % key)
django.urls.exceptions.NoReverseMatch: 'djdt' is not a registered namespace
INFO 2026-10-05 14:51:08,983 middleware Request GET /checkout/cancel/ by Anonymous in 0.35 ms | groups=Anonymous | status=200
ERROR 2026-10-05 14:51:09,015 log Internal Server Error: /async/
Traceback (most recent call last):
  File "C:\Users\zenam\AppData\Local\Programs\Python\Python313\Lib\site-packages\django\core\handlers\exception.py", line 55, in inner
    response = get_response(request)
  File "C:\Users\zenam\AppData\Local\Programs\Python\Python313\Lib\site-packages\django\core\handlers\base.py", line 198, in _get_response
    response = wrapped_callback(request, *callback_args, **callback_kwargs)
  File "C:\Users\zenam\AppData\Local\Programs\Python\Python313\Lib\site-packages\asgiref\sync.py", line 325, in __call__
    return call_result.result()
           ~~~~~~~~~~~~~~~~~~^^
  File "C:\Users\zenam\AppData\Local\Programs\Python\Python313\Lib\concurrent\futures\_base.py", line 449, in result
    return self.__get_result()
           ~~~~~~~~~~~~~~~~~^^
  File "C:\Users\zenam\AppData\Local\Programs\Python\Python313\Lib\concurrent\futures\_base.py", line 401, in __get_result
    raise self._exception
  File "C:\Users\zenam\AppData\Local\Programs\Python\Python313\Lib\site-packages\asgiref\sync.py", line 365, in main_wrap
    result = await awaitable
             ^^^^^^^^^^^^^^^
  File "C:\Users\zenam\django_flask_env\books\views.py", line 175, in async_book_list
    async for book in Book.objects.select_related('category').order_by('title').aiter():
                      ^^^^^^^^^^^^^^^^^^^^^^^^^^^^^^^^^^^^^^^^^^^^^^^^^^^^^^^^^^^^^^^
AttributeError: 'QuerySet' object has no attribute 'aiter'. Did you mean: 'filter'?
INFO 2026-10-05 14:51:09,025 middleware Request GET /async/ by Anonymous in 15.11 ms | groups=Anonymous | status=500
INFO 2026-10-05 14:51:09,191 middleware Request GET /async/1/ by Anonymous in 5.83 ms | groups=Anonymous | status=200
ERROR 2026-10-05 14:51:09,234 log Internal Server Error: /async/1/
Traceback (most recent call last):
  File "C:\Users\zenam\AppData\Local\Programs\Python\Python313\Lib\site-packages\django\template\base.py", line 964, in _resolve_lookup
    raise TypeError
TypeError

During handling of the above exception, another exception occurred:

Traceback (most recent call last):
  File "C:\Users\zenam\AppData\Local\Programs\Python\Python313\Lib\site-packages\django\urls\base.py", line 81, in reverse
    extra, resolver = resolver.namespace_dict[ns]
                      ~~~~~~~~~~~~~~~~~~~~~~~^^^^
KeyError: 'djdt'

During handling of the above exception, another exception occurred:

Traceback (most recent call last):
  File "C:\Users\zenam\AppData\Local\Programs\Python\Python313\Lib\site-packages\django\core\handlers\exception.py", line 55, in inner
    response = get_response(request)
  File "C:\Users\zenam\AppData\Local\Programs\Python\Python313\Lib\site-packages\debug_toolbar\middleware.py", line 130, in __call__
    return self._postprocess(request, response, toolbar)
           ~~~~~~~~~~~~~~~~~^^^^^^^^^^^^^^^^^^^^^^^^^^^^
  File "C:\Users\zenam\AppData\Local\Programs\Python\Python313\Lib\site-packages\debug_toolbar\middleware.py", line 172, in _postprocess
    rendered = toolbar.render_toolbar()
  File "C:\Users\zenam\AppData\Local\Programs\Python\Python313\Lib\site-packages\debug_toolbar\toolbar.py", line 96, in render_toolbar
    return render_to_string("debug_toolbar/base.html", context)
  File "C:\Users\zenam\AppData\Local\Programs\Python\Python313\Lib\site-packages\django\template\loader.py", line 62, in render_to_string
    return template.render(context, request)
           ~~~~~~~~~~~~~~~^^^^^^^^^^^^^^^^^^
  File "C:\Users\zenam\AppData\Local\Programs\Python\Python313\Lib\site-packages\django\template\backends\django.py", line 107, in render
    return self.template.render(context)
           ~~~~~~~~~~~~~~~~~~~~^^^^^^^^^
  File "C:\Users\zenam\AppData\Local\Programs\Python\Python313\Lib\site-packages\django\template\base.py", line 174, in render
    return self._render(context)
           ~~~~~~~~~~~~^^^^^^^^^
  File "C:\Users\zenam\AppData\Local\Programs\Python\Python313\Lib\site-packages\django\test\utils.py", line 114, in instrumented_test_render
    return self.nodelist.render(context)
           ~~~~~~~~~~~~~~~~~~~~^^^^^^^^^
  File "C:\Users\zenam\AppData\Local\Programs\Python\Python313\Lib\site-packages\django\template\base.py", line 1091, in render
    return SafeString("".join([node.render_annotated(context) for node in self]))
                               ~~~~~~~~~~~~~~~~~~~~~^^^^^^^^^
  File "C:\Users\zenam\AppData\Local\Programs\Python\Python313\Lib\site-packages\django\template\base.py", line 1052, in render_annotated
    return self.render(context)
           ~~~~~~~~~~~^^^^^^^^^
  File "C:\Users\zenam\AppData\Local\Programs\Python\Python313\Lib\site-packages\django\template\defaulttags.py", line 249, in render
    nodelist.append(node.render_annotated(context))
                    ~~~~~~~~~~~~~~~~~~~~~^^^^^^^^^
  File "C:\Users\zenam\AppData\Local\Programs\Python\Python313\Lib\site-packages\django\template\base.py", line 1052, in render_annotated
    return self.render(context)
           ~~~~~~~~~~~^^^^^^^^^
  File "C:\Users\zenam\AppData\Local\Programs\Python\Python313\Lib\site-packages\django\template\loader_tags.py", line 211, in render
    return template.render(context)
           ~~~~~~~~~~~~~~~^^^^^^^^^
  File "C:\Users\zenam\AppData\Local\Programs\Python\Python313\Lib\site-packages\django\template\base.py", line 176, in render
    return self._render(context)
           ~~~~~~~~~~~~^^^^^^^^^
  File "C:\Users\zenam\AppData\Local\Programs\Python\Python313\Lib\site-packages\django\test\utils.py", line 114, in instrumented_test_render
    return self.nodelist.render(context)
           ~~~~~~~~~~~~~~~~~~~~^^^^^^^^^
  File "C:\Users\zenam\AppData\Local\Programs\Python\Python313\Lib\site-packages\django\template\base.py", line 1091, in render
    return SafeString("".join([node.render_annotated(context) for node in self]))
                               ~~~~~~~~~~~~~~~~~~~~~^^^^^^^^^
  File "C:\Users\zenam\AppData\Local\Programs\Python\Python313\Lib\site-packages\django\template\base.py", line 1052, in render_annotated
    return self.render(context)
           ~~~~~~~~~~~^^^^^^^^^
  File "C:\Users\zenam\AppData\Local\Programs\Python\Python313\Lib\site-packages\django\template\defaulttags.py", line 333, in render
    return nodelist.render(context)
           ~~~~~~~~~~~~~~~^^^^^^^^^
  File "C:\Users\zenam\AppData\Local\Programs\Python\Python313\Lib\site-packages\django\template\base.py", line 1091, in render
    return SafeString("".join([node.render_annotated(context) for node in self]))
                               ~~~~~~~~~~~~~~~~~~~~~^^^^^^^^^
  File "C:\Users\zenam\AppData\Local\Programs\Python\Python313\Lib\site-packages\django\template\base.py", line 1052, in render_annotated
    return self.render(context)
           ~~~~~~~~~~~^^^^^^^^^
  File "C:\Users\zenam\AppData\Local\Programs\Python\Python313\Lib\site-packages\django\template\defaulttags.py", line 333, in render
    return nodelist.render(context)
           ~~~~~~~~~~~~~~~^^^^^^^^^
  File "C:\Users\zenam\AppData\Local\Programs\Python\Python313\Lib\site-packages\django\template\base.py", line 1091, in render
    return SafeString("".join([node.render_annotated(context) for node in self]))
                               ~~~~~~~~~~~~~~~~~~~~~^^^^^^^^^
  File "C:\Users\zenam\AppData\Local\Programs\Python\Python313\Lib\site-packages\django\template\base.py", line 1052, in render_annotated
    return self.render(context)
           ~~~~~~~~~~~^^^^^^^^^
  File "C:\Users\zenam\AppData\Local\Programs\Python\Python313\Lib\site-packages\django\template\base.py", line 1150, in render
    output = self.filter_expression.resolve(context)
  File "C:\Users\zenam\AppData\Local\Programs\Python\Python313\Lib\site-packages\django\template\base.py", line 788, in resolve
    obj = self.var.resolve(context)
  File "C:\Users\zenam\AppData\Local\Programs\Python\Python313\Lib\site-packages\django\template\base.py", line 928, in resolve
    value = self._resolve_lookup(context)
  File "C:\Users\zenam\AppData\Local\Programs\Python\Python313\Lib\site-packages\django\template\base.py", line 976, in _resolve_lookup
    current = getattr(current, bit)
  File "C:\Users\zenam\AppData\Local\Programs\Python\Python313\Lib\site-packages\debug_toolbar\panels\__init__.py", line 110, in content
    return render_to_string(self.template, self.get_stats())
  File "C:\Users\zenam\AppData\Local\Programs\Python\Python313\Lib\site-packages\django\template\loader.py", line 62, in render_to_string
    return template.render(context, request)
           ~~~~~~~~~~~~~~~^^^^^^^^^^^^^^^^^^
  File "C:\Users\zenam\AppData\Local\Programs\Python\Python313\Lib\site-packages\django\template\backends\django.py", line 107, in render
    return self.template.render(context)
           ~~~~~~~~~~~~~~~~~~~~^^^^^^^^^
  File "C:\Users\zenam\AppData\Local\Programs\Python\Python313\Lib\site-packages\django\template\base.py", line 174, in render
    return self._render(context)
           ~~~~~~~~~~~~^^^^^^^^^
  File "C:\Users\zenam\AppData\Local\Programs\Python\Python313\Lib\site-packages\django\test\utils.py", line 114, in instrumented_test_render
    return self.nodelist.render(context)
           ~~~~~~~~~~~~~~~~~~~~^^^^^^^^^
  File "C:\Users\zenam\AppData\Local\Programs\Python\Python313\Lib\site-packages\django\template\base.py", line 1091, in render
    return SafeString("".join([node.render_annotated(context) for node in self]))
                               ~~~~~~~~~~~~~~~~~~~~~^^^^^^^^^
  File "C:\Users\zenam\AppData\Local\Programs\Python\Python313\Lib\site-packages\django\template\base.py", line 1052, in render_annotated
    return self.render(context)
           ~~~~~~~~~~~^^^^^^^^^
  File "C:\Users\zenam\AppData\Local\Programs\Python\Python313\Lib\site-packages\django\template\defaulttags.py", line 333, in render
    return nodelist.render(context)
           ~~~~~~~~~~~~~~~^^^^^^^^^
  File "C:\Users\zenam\AppData\Local\Programs\Python\Python313\Lib\site-packages\django\template\base.py", line 1091, in render
    return SafeString("".join([node.render_annotated(context) for node in self]))
                               ~~~~~~~~~~~~~~~~~~~~~^^^^^^^^^
  File "C:\Users\zenam\AppData\Local\Programs\Python\Python313\Lib\site-packages\django\template\base.py", line 1052, in render_annotated
    return self.render(context)
           ~~~~~~~~~~~^^^^^^^^^
  File "C:\Users\zenam\AppData\Local\Programs\Python\Python313\Lib\site-packages\django\template\defaulttags.py", line 249, in render
    nodelist.append(node.render_annotated(context))
                    ~~~~~~~~~~~~~~~~~~~~~^^^^^^^^^
  File "C:\Users\zenam\AppData\Local\Programs\Python\Python313\Lib\site-packages\django\template\base.py", line 1052, in render_annotated
    return self.render(context)
           ~~~~~~~~~~~^^^^^^^^^
  File "C:\Users\zenam\AppData\Local\Programs\Python\Python313\Lib\site-packages\django\template\defaulttags.py", line 333, in render
    return nodelist.render(context)
           ~~~~~~~~~~~~~~~^^^^^^^^^
  File "C:\Users\zenam\AppData\Local\Programs\Python\Python313\Lib\site-packages\django\template\base.py", line 1091, in render
    return SafeString("".join([node.render_annotated(context) for node in self]))
                               ~~~~~~~~~~~~~~~~~~~~~^^^^^^^^^
  File "C:\Users\zenam\AppData\Local\Programs\Python\Python313\Lib\site-packages\django\template\base.py", line 1052, in render_annotated
    return self.render(context)
           ~~~~~~~~~~~^^^^^^^^^
  File "C:\Users\zenam\AppData\Local\Programs\Python\Python313\Lib\site-packages\django\template\defaulttags.py", line 333, in render
    return nodelist.render(context)
           ~~~~~~~~~~~~~~~^^^^^^^^^
  File "C:\Users\zenam\AppData\Local\Programs\Python\Python313\Lib\site-packages\django\template\base.py", line 1091, in render
    return SafeString("".join([node.render_annotated(context) for node in self]))
                               ~~~~~~~~~~~~~~~~~~~~~^^^^^^^^^
  File "C:\Users\zenam\AppData\Local\Programs\Python\Python313\Lib\site-packages\django\template\base.py", line 1052, in render_annotated
    return self.render(context)
           ~~~~~~~~~~~^^^^^^^^^
  File "C:\Users\zenam\AppData\Local\Programs\Python\Python313\Lib\site-packages\django\template\defaulttags.py", line 511, in render
    url = reverse(view_name, args=args, kwargs=kwargs, current_app=current_app)
  File "C:\Users\zenam\AppData\Local\Programs\Python\Python313\Lib\site-packages\django\urls\base.py", line 92, in reverse
    raise NoReverseMatch("%s is not a registered namespace" % key)
django.urls.exceptions.NoReverseMatch: 'djdt' is not a registered namespace
ERROR 2026-10-05 14:51:09,953 log Internal Server Error: /async/cart/
Traceback (most recent call last):
  File "C:\Users\zenam\AppData\Local\Programs\Python\Python313\Lib\site-packages\django\contrib\sessions\backends\base.py", line 246, in _get_session
    return self._session_cache
           ^^^^^^^^^^^^^^^^^^^
AttributeError: 'SessionStore' object has no attribute '_session_cache'

During handling of the above exception, another exception occurred:

Traceback (most recent call last):
  File "C:\Users\zenam\AppData\Local\Programs\Python\Python313\Lib\site-packages\django\core\handlers\exception.py", line 55, in inner
    response = get_response(request)
  File "C:\Users\zenam\AppData\Local\Programs\Python\Python313\Lib\site-packages\django\core\handlers\base.py", line 198, in _get_response
    response = wrapped_callback(request, *callback_args, **callback_kwargs)
  File "C:\Users\zenam\AppData\Local\Programs\Python\Python313\Lib\site-packages\asgiref\sync.py", line 325, in __call__
    return call_result.result()
           ~~~~~~~~~~~~~~~~~~^^
  File "C:\Users\zenam\AppData\Local\Programs\Python\Python313\Lib\concurrent\futures\_base.py", line 449, in result
    return self.__get_result()
           ~~~~~~~~~~~~~~~~~^^
  File "C:\Users\zenam\AppData\Local\Programs\Python\Python313\Lib\concurrent\futures\_base.py", line 401, in __get_result
    raise self._exception
  File "C:\Users\zenam\AppData\Local\Programs\Python\Python313\Lib\site-packages\asgiref\sync.py", line 365, in main_wrap
    result = await awaitable
             ^^^^^^^^^^^^^^^
  File "C:\Users\zenam\django_flask_env\books\views.py", line 202, in async_cart_summary
    cart = request.session.get('cart', {})
  File "C:\Users\zenam\AppData\Local\Programs\Python\Python313\Lib\site-packages\django\contrib\sessions\backends\base.py", line 74, in get
    return self._session.get(key, default)
           ^^^^^^^^^^^^^
  File "C:\Users\zenam\AppData\Local\Programs\Python\Python313\Lib\site-packages\django\contrib\sessions\backends\base.py", line 251, in _get_session
    self._session_cache = self.load()
                          ~~~~~~~~~^^
  File "C:\Users\zenam\AppData\Local\Programs\Python\Python313\Lib\site-packages\django\contrib\sessions\backends\db.py", line 55, in load
    s = self._get_session_from_db()
  File "C:\Users\zenam\AppData\Local\Programs\Python\Python313\Lib\site-packages\django\contrib\sessions\backends\db.py", line 34, in _get_session_from_db
    return self.model.objects.get(
           ~~~~~~~~~~~~~~~~~~~~~~^
        session_key=self.session_key, expire_date__gt=timezone.now()
        ^^^^^^^^^^^^^^^^^^^^^^^^^^^^^^^^^^^^^^^^^^^^^^^^^^^^^^^^^^^^
    )
    ^
  File "C:\Users\zenam\AppData\Local\Programs\Python\Python313\Lib\site-packages\django\db\models\manager.py", line 87, in manager_method
    return getattr(self.get_queryset(), name)(*args, **kwargs)
           ~~~~~~~~~~~~~~~~~~~~~~~~~~~~~~~~~~^^^^^^^^^^^^^^^^^
  File "C:\Users\zenam\AppData\Local\Programs\Python\Python313\Lib\site-packages\django\db\models\query.py", line 635, in get
    num = len(clone)
  File "C:\Users\zenam\AppData\Local\Programs\Python\Python313\Lib\site-packages\django\db\models\query.py", line 372, in __len__
    self._fetch_all()
    ~~~~~~~~~~~~~~~^^
  File "C:\Users\zenam\AppData\Local\Programs\Python\Python313\Lib\site-packages\django\db\models\query.py", line 2000, in _fetch_all
    self._result_cache = list(self._iterable_class(self))
                         ~~~~^^^^^^^^^^^^^^^^^^^^^^^^^^^^
  File "C:\Users\zenam\AppData\Local\Programs\Python\Python313\Lib\site-packages\django\db\models\query.py", line 95, in __iter__
    results = compiler.execute_sql(
        chunked_fetch=self.chunked_fetch, chunk_size=self.chunk_size
    )
  File "C:\Users\zenam\AppData\Local\Programs\Python\Python313\Lib\site-packages\django\db\models\sql\compiler.py", line 1622, in execute_sql
    cursor = self.connection.cursor()
  File "C:\Users\zenam\AppData\Local\Programs\Python\Python313\Lib\site-packages\django\utils\asyncio.py", line 24, in inner
    raise SynchronousOnlyOperation(message)
django.core.exceptions.SynchronousOnlyOperation: You cannot call this from an async context - use a thread or sync_to_async.
INFO 2026-10-05 14:51:09,960 middleware Request GET /async/cart/ by Anonymous in 5.73 ms | groups=Anonymous | status=500
ERROR 2026-10-05 14:51:09,991 log Internal Server Error: /async/cart/
Traceback (most recent call last):
  File "C:\Users\zenam\AppData\Local\Programs\Python\Python313\Lib\site-packages\django\template\base.py", line 964, in _resolve_lookup
    raise TypeError
TypeError

During handling of the above exception, another exception occurred:

Traceback (most recent call last):
  File "C:\Users\zenam\AppData\Local\Programs\Python\Python313\Lib\site-packages\django\urls\base.py", line 81, in reverse
    extra, resolver = resolver.namespace_dict[ns]
                      ~~~~~~~~~~~~~~~~~~~~~~~^^^^
KeyError: 'djdt'

During handling of the above exception, another exception occurred:

Traceback (most recent call last):
  File "C:\Users\zenam\AppData\Local\Programs\Python\Python313\Lib\site-packages\django\core\handlers\exception.py", line 55, in inner
    response = get_response(request)
  File "C:\Users\zenam\AppData\Local\Programs\Python\Python313\Lib\site-packages\debug_toolbar\middleware.py", line 130, in __call__
    return self._postprocess(request, response, toolbar)
           ~~~~~~~~~~~~~~~~~^^^^^^^^^^^^^^^^^^^^^^^^^^^^
  File "C:\Users\zenam\AppData\Local\Programs\Python\Python313\Lib\site-packages\debug_toolbar\middleware.py", line 172, in _postprocess
    rendered = toolbar.render_toolbar()
  File "C:\Users\zenam\AppData\Local\Programs\Python\Python313\Lib\site-packages\debug_toolbar\toolbar.py", line 96, in render_toolbar
    return render_to_string("debug_toolbar/base.html", context)
  File "C:\Users\zenam\AppData\Local\Programs\Python\Python313\Lib\site-packages\django\template\loader.py", line 62, in render_to_string
    return template.render(context, request)
           ~~~~~~~~~~~~~~~^^^^^^^^^^^^^^^^^^
  File "C:\Users\zenam\AppData\Local\Programs\Python\Python313\Lib\site-packages\django\template\backends\django.py", line 107, in render
    return self.template.render(context)
           ~~~~~~~~~~~~~~~~~~~~^^^^^^^^^
  File "C:\Users\zenam\AppData\Local\Programs\Python\Python313\Lib\site-packages\django\template\base.py", line 174, in render
    return self._render(context)
           ~~~~~~~~~~~~^^^^^^^^^
  File "C:\Users\zenam\AppData\Local\Programs\Python\Python313\Lib\site-packages\django\test\utils.py", line 114, in instrumented_test_render
    return self.nodelist.render(context)
           ~~~~~~~~~~~~~~~~~~~~^^^^^^^^^
  File "C:\Users\zenam\AppData\Local\Programs\Python\Python313\Lib\site-packages\django\template\base.py", line 1091, in render
    return SafeString("".join([node.render_annotated(context) for node in self]))
                               ~~~~~~~~~~~~~~~~~~~~~^^^^^^^^^
  File "C:\Users\zenam\AppData\Local\Programs\Python\Python313\Lib\site-packages\django\template\base.py", line 1052, in render_annotated
    return self.render(context)
           ~~~~~~~~~~~^^^^^^^^^
  File "C:\Users\zenam\AppData\Local\Programs\Python\Python313\Lib\site-packages\django\template\defaulttags.py", line 249, in render
    nodelist.append(node.render_annotated(context))
                    ~~~~~~~~~~~~~~~~~~~~~^^^^^^^^^
  File "C:\Users\zenam\AppData\Local\Programs\Python\Python313\Lib\site-packages\django\template\base.py", line 1052, in render_annotated
    return self.render(context)
           ~~~~~~~~~~~^^^^^^^^^
  File "C:\Users\zenam\AppData\Local\Programs\Python\Python313\Lib\site-packages\django\template\loader_tags.py", line 211, in render
    return template.render(context)
           ~~~~~~~~~~~~~~~^^^^^^^^^
  File "C:\Users\zenam\AppData\Local\Programs\Python\Python313\Lib\site-packages\django\template\base.py", line 176, in render
    return self._render(context)
           ~~~~~~~~~~~~^^^^^^^^^
  File "C:\Users\zenam\AppData\Local\Programs\Python\Python313\Lib\site-packages\django\test\utils.py", line 114, in instrumented_test_render
    return self.nodelist.render(context)
           ~~~~~~~~~~~~~~~~~~~~^^^^^^^^^
  File "C:\Users\zenam\AppData\Local\Programs\Python\Python313\Lib\site-packages\django\template\base.py", line 1091, in render
    return SafeString("".join([node.render_annotated(context) for node in self]))
                               ~~~~~~~~~~~~~~~~~~~~~^^^^^^^^^
  File "C:\Users\zenam\AppData\Local\Programs\Python\Python313\Lib\site-packages\django\template\base.py", line 1052, in render_annotated
    return self.render(context)
           ~~~~~~~~~~~^^^^^^^^^
  File "C:\Users\zenam\AppData\Local\Programs\Python\Python313\Lib\site-packages\django\template\defaulttags.py", line 333, in render
    return nodelist.render(context)
           ~~~~~~~~~~~~~~~^^^^^^^^^
  File "C:\Users\zenam\AppData\Local\Programs\Python\Python313\Lib\site-packages\django\template\base.py", line 1091, in render
    return SafeString("".join([node.render_annotated(context) for node in self]))
                               ~~~~~~~~~~~~~~~~~~~~~^^^^^^^^^
  File "C:\Users\zenam\AppData\Local\Programs\Python\Python313\Lib\site-packages\django\template\base.py", line 1052, in render_annotated
    return self.render(context)
           ~~~~~~~~~~~^^^^^^^^^
  File "C:\Users\zenam\AppData\Local\Programs\Python\Python313\Lib\site-packages\django\template\defaulttags.py", line 333, in render
    return nodelist.render(context)
           ~~~~~~~~~~~~~~~^^^^^^^^^
  File "C:\Users\zenam\AppData\Local\Programs\Python\Python313\Lib\site-packages\django\template\base.py", line 1091, in render
    return SafeString("".join([node.render_annotated(context) for node in self]))
                               ~~~~~~~~~~~~~~~~~~~~~^^^^^^^^^
  File "C:\Users\zenam\AppData\Local\Programs\Python\Python313\Lib\site-packages\django\template\base.py", line 1052, in render_annotated
    return self.render(context)
           ~~~~~~~~~~~^^^^^^^^^
  File "C:\Users\zenam\AppData\Local\Programs\Python\Python313\Lib\site-packages\django\template\base.py", line 1150, in render
    output = self.filter_expression.resolve(context)
  File "C:\Users\zenam\AppData\Local\Programs\Python\Python313\Lib\site-packages\django\template\base.py", line 788, in resolve
    obj = self.var.resolve(context)
  File "C:\Users\zenam\AppData\Local\Programs\Python\Python313\Lib\site-packages\django\template\base.py", line 928, in resolve
    value = self._resolve_lookup(context)
  File "C:\Users\zenam\AppData\Local\Programs\Python\Python313\Lib\site-packages\django\template\base.py", line 976, in _resolve_lookup
    current = getattr(current, bit)
  File "C:\Users\zenam\AppData\Local\Programs\Python\Python313\Lib\site-packages\debug_toolbar\panels\__init__.py", line 110, in content
    return render_to_string(self.template, self.get_stats())
  File "C:\Users\zenam\AppData\Local\Programs\Python\Python313\Lib\site-packages\django\template\loader.py", line 62, in render_to_string
    return template.render(context, request)
           ~~~~~~~~~~~~~~~^^^^^^^^^^^^^^^^^^
  File "C:\Users\zenam\AppData\Local\Programs\Python\Python313\Lib\site-packages\django\template\backends\django.py", line 107, in render
    return self.template.render(context)
           ~~~~~~~~~~~~~~~~~~~~^^^^^^^^^
  File "C:\Users\zenam\AppData\Local\Programs\Python\Python313\Lib\site-packages\django\template\base.py", line 174, in render
    return self._render(context)
           ~~~~~~~~~~~~^^^^^^^^^
  File "C:\Users\zenam\AppData\Local\Programs\Python\Python313\Lib\site-packages\django\test\utils.py", line 114, in instrumented_test_render
    return self.nodelist.render(context)
           ~~~~~~~~~~~~~~~~~~~~^^^^^^^^^
  File "C:\Users\zenam\AppData\Local\Programs\Python\Python313\Lib\site-packages\django\template\base.py", line 1091, in render
    return SafeString("".join([node.render_annotated(context) for node in self]))
                               ~~~~~~~~~~~~~~~~~~~~~^^^^^^^^^
  File "C:\Users\zenam\AppData\Local\Programs\Python\Python313\Lib\site-packages\django\template\base.py", line 1052, in render_annotated
    return self.render(context)
           ~~~~~~~~~~~^^^^^^^^^
  File "C:\Users\zenam\AppData\Local\Programs\Python\Python313\Lib\site-packages\django\template\defaulttags.py", line 333, in render
    return nodelist.render(context)
           ~~~~~~~~~~~~~~~^^^^^^^^^
  File "C:\Users\zenam\AppData\Local\Programs\Python\Python313\Lib\site-packages\django\template\base.py", line 1091, in render
    return SafeString("".join([node.render_annotated(context) for node in self]))
                               ~~~~~~~~~~~~~~~~~~~~~^^^^^^^^^
  File "C:\Users\zenam\AppData\Local\Programs\Python\Python313\Lib\site-packages\django\template\base.py", line 1052, in render_annotated
    return self.render(context)
           ~~~~~~~~~~~^^^^^^^^^
  File "C:\Users\zenam\AppData\Local\Programs\Python\Python313\Lib\site-packages\django\template\defaulttags.py", line 249, in render
    nodelist.append(node.render_annotated(context))
                    ~~~~~~~~~~~~~~~~~~~~~^^^^^^^^^
  File "C:\Users\zenam\AppData\Local\Programs\Python\Python313\Lib\site-packages\django\template\base.py", line 1052, in render_annotated
    return self.render(context)
           ~~~~~~~~~~~^^^^^^^^^
  File "C:\Users\zenam\AppData\Local\Programs\Python\Python313\Lib\site-packages\django\template\defaulttags.py", line 333, in render
    return nodelist.render(context)
           ~~~~~~~~~~~~~~~^^^^^^^^^
  File "C:\Users\zenam\AppData\Local\Programs\Python\Python313\Lib\site-packages\django\template\base.py", line 1091, in render
    return SafeString("".join([node.render_annotated(context) for node in self]))
                               ~~~~~~~~~~~~~~~~~~~~~^^^^^^^^^
  File "C:\Users\zenam\AppData\Local\Programs\Python\Python313\Lib\site-packages\django\template\base.py", line 1052, in render_annotated
    return self.render(context)
           ~~~~~~~~~~~^^^^^^^^^
  File "C:\Users\zenam\AppData\Local\Programs\Python\Python313\Lib\site-packages\django\template\defaulttags.py", line 333, in render
    return nodelist.render(context)
           ~~~~~~~~~~~~~~~^^^^^^^^^
  File "C:\Users\zenam\AppData\Local\Programs\Python\Python313\Lib\site-packages\django\template\base.py", line 1091, in render
    return SafeString("".join([node.render_annotated(context) for node in self]))
                               ~~~~~~~~~~~~~~~~~~~~~^^^^^^^^^
  File "C:\Users\zenam\AppData\Local\Programs\Python\Python313\Lib\site-packages\django\template\base.py", line 1052, in render_annotated
    return self.render(context)
           ~~~~~~~~~~~^^^^^^^^^
  File "C:\Users\zenam\AppData\Local\Programs\Python\Python313\Lib\site-packages\django\template\defaulttags.py", line 511, in render
    url = reverse(view_name, args=args, kwargs=kwargs, current_app=current_app)
  File "C:\Users\zenam\AppData\Local\Programs\Python\Python313\Lib\site-packages\django\urls\base.py", line 92, in reverse
    raise NoReverseMatch("%s is not a registered namespace" % key)
django.urls.exceptions.NoReverseMatch: 'djdt' is not a registered namespace
INFO 2026-10-05 14:51:11,207 middleware Request POST /users/register/ by Anonymous in 507.25 ms | groups=Anonymous | status=302
ERROR 2026-10-05 14:51:11,254 log Internal Server Error: /users/register/
Traceback (most recent call last):
  File "C:\Users\zenam\AppData\Local\Programs\Python\Python313\Lib\site-packages\django\template\base.py", line 964, in _resolve_lookup
    raise TypeError
TypeError

During handling of the above exception, another exception occurred:

Traceback (most recent call last):
  File "C:\Users\zenam\AppData\Local\Programs\Python\Python313\Lib\site-packages\django\urls\base.py", line 81, in reverse
    extra, resolver = resolver.namespace_dict[ns]
                      ~~~~~~~~~~~~~~~~~~~~~~~^^^^
KeyError: 'djdt'

During handling of the above exception, another exception occurred:

Traceback (most recent call last):
  File "C:\Users\zenam\AppData\Local\Programs\Python\Python313\Lib\site-packages\django\core\handlers\exception.py", line 55, in inner
    response = get_response(request)
  File "C:\Users\zenam\AppData\Local\Programs\Python\Python313\Lib\site-packages\debug_toolbar\middleware.py", line 130, in __call__
    return self._postprocess(request, response, toolbar)
           ~~~~~~~~~~~~~~~~~^^^^^^^^^^^^^^^^^^^^^^^^^^^^
  File "C:\Users\zenam\AppData\Local\Programs\Python\Python313\Lib\site-packages\debug_toolbar\middleware.py", line 172, in _postprocess
    rendered = toolbar.render_toolbar()
  File "C:\Users\zenam\AppData\Local\Programs\Python\Python313\Lib\site-packages\debug_toolbar\toolbar.py", line 96, in render_toolbar
    return render_to_string("debug_toolbar/base.html", context)
  File "C:\Users\zenam\AppData\Local\Programs\Python\Python313\Lib\site-packages\django\template\loader.py", line 62, in render_to_string
    return template.render(context, request)
           ~~~~~~~~~~~~~~~^^^^^^^^^^^^^^^^^^
  File "C:\Users\zenam\AppData\Local\Programs\Python\Python313\Lib\site-packages\django\template\backends\django.py", line 107, in render
    return self.template.render(context)
           ~~~~~~~~~~~~~~~~~~~~^^^^^^^^^
  File "C:\Users\zenam\AppData\Local\Programs\Python\Python313\Lib\site-packages\django\template\base.py", line 174, in render
    return self._render(context)
           ~~~~~~~~~~~~^^^^^^^^^
  File "C:\Users\zenam\AppData\Local\Programs\Python\Python313\Lib\site-packages\django\test\utils.py", line 114, in instrumented_test_render
    return self.nodelist.render(context)
           ~~~~~~~~~~~~~~~~~~~~^^^^^^^^^
  File "C:\Users\zenam\AppData\Local\Programs\Python\Python313\Lib\site-packages\django\template\base.py", line 1091, in render
    return SafeString("".join([node.render_annotated(context) for node in self]))
                               ~~~~~~~~~~~~~~~~~~~~~^^^^^^^^^
  File "C:\Users\zenam\AppData\Local\Programs\Python\Python313\Lib\site-packages\django\template\base.py", line 1052, in render_annotated
    return self.render(context)
           ~~~~~~~~~~~^^^^^^^^^
  File "C:\Users\zenam\AppData\Local\Programs\Python\Python313\Lib\site-packages\django\template\defaulttags.py", line 249, in render
    nodelist.append(node.render_annotated(context))
                    ~~~~~~~~~~~~~~~~~~~~~^^^^^^^^^
  File "C:\Users\zenam\AppData\Local\Programs\Python\Python313\Lib\site-packages\django\template\base.py", line 1052, in render_annotated
    return self.render(context)
           ~~~~~~~~~~~^^^^^^^^^
  File "C:\Users\zenam\AppData\Local\Programs\Python\Python313\Lib\site-packages\django\template\loader_tags.py", line 211, in render
    return template.render(context)
           ~~~~~~~~~~~~~~~^^^^^^^^^
  File "C:\Users\zenam\AppData\Local\Programs\Python\Python313\Lib\site-packages\django\template\base.py", line 176, in render
    return self._render(context)
           ~~~~~~~~~~~~^^^^^^^^^
  File "C:\Users\zenam\AppData\Local\Programs\Python\Python313\Lib\site-packages\django\test\utils.py", line 114, in instrumented_test_render
    return self.nodelist.render(context)
           ~~~~~~~~~~~~~~~~~~~~^^^^^^^^^
  File "C:\Users\zenam\AppData\Local\Programs\Python\Python313\Lib\site-packages\django\template\base.py", line 1091, in render
    return SafeString("".join([node.render_annotated(context) for node in self]))
                               ~~~~~~~~~~~~~~~~~~~~~^^^^^^^^^
  File "C:\Users\zenam\AppData\Local\Programs\Python\Python313\Lib\site-packages\django\template\base.py", line 1052, in render_annotated
    return self.render(context)
           ~~~~~~~~~~~^^^^^^^^^
  File "C:\Users\zenam\AppData\Local\Programs\Python\Python313\Lib\site-packages\django\template\defaulttags.py", line 333, in render
    return nodelist.render(context)
           ~~~~~~~~~~~~~~~^^^^^^^^^
  File "C:\Users\zenam\AppData\Local\Programs\Python\Python313\Lib\site-packages\django\template\base.py", line 1091, in render
    return SafeString("".join([node.render_annotated(context) for node in self]))
                               ~~~~~~~~~~~~~~~~~~~~~^^^^^^^^^
  File "C:\Users\zenam\AppData\Local\Programs\Python\Python313\Lib\site-packages\django\template\base.py", line 1052, in render_annotated
    return self.render(context)
           ~~~~~~~~~~~^^^^^^^^^
  File "C:\Users\zenam\AppData\Local\Programs\Python\Python313\Lib\site-packages\django\template\defaulttags.py", line 333, in render
    return nodelist.render(context)
           ~~~~~~~~~~~~~~~^^^^^^^^^
  File "C:\Users\zenam\AppData\Local\Programs\Python\Python313\Lib\site-packages\django\template\base.py", line 1091, in render
    return SafeString("".join([node.render_annotated(context) for node in self]))
                               ~~~~~~~~~~~~~~~~~~~~~^^^^^^^^^
  File "C:\Users\zenam\AppData\Local\Programs\Python\Python313\Lib\site-packages\django\template\base.py", line 1052, in render_annotated
    return self.render(context)
           ~~~~~~~~~~~^^^^^^^^^
  File "C:\Users\zenam\AppData\Local\Programs\Python\Python313\Lib\site-packages\django\template\base.py", line 1150, in render
    output = self.filter_expression.resolve(context)
  File "C:\Users\zenam\AppData\Local\Programs\Python\Python313\Lib\site-packages\django\template\base.py", line 788, in resolve
    obj = self.var.resolve(context)
  File "C:\Users\zenam\AppData\Local\Programs\Python\Python313\Lib\site-packages\django\template\base.py", line 928, in resolve
    value = self._resolve_lookup(context)
  File "C:\Users\zenam\AppData\Local\Programs\Python\Python313\Lib\site-packages\django\template\base.py", line 976, in _resolve_lookup
    current = getattr(current, bit)
  File "C:\Users\zenam\AppData\Local\Programs\Python\Python313\Lib\site-packages\debug_toolbar\panels\__init__.py", line 110, in content
    return render_to_string(self.template, self.get_stats())
  File "C:\Users\zenam\AppData\Local\Programs\Python\Python313\Lib\site-packages\django\template\loader.py", line 62, in render_to_string
    return template.render(context, request)
           ~~~~~~~~~~~~~~~^^^^^^^^^^^^^^^^^^
  File "C:\Users\zenam\AppData\Local\Programs\Python\Python313\Lib\site-packages\django\template\backends\django.py", line 107, in render
    return self.template.render(context)
           ~~~~~~~~~~~~~~~~~~~~^^^^^^^^^
  File "C:\Users\zenam\AppData\Local\Programs\Python\Python313\Lib\site-packages\django\template\base.py", line 174, in render
    return self._render(context)
           ~~~~~~~~~~~~^^^^^^^^^
  File "C:\Users\zenam\AppData\Local\Programs\Python\Python313\Lib\site-packages\django\test\utils.py", line 114, in instrumented_test_render
    return self.nodelist.render(context)
           ~~~~~~~~~~~~~~~~~~~~^^^^^^^^^
  File "C:\Users\zenam\AppData\Local\Programs\Python\Python313\Lib\site-packages\django\template\base.py", line 1091, in render
    return SafeString("".join([node.render_annotated(context) for node in self]))
                               ~~~~~~~~~~~~~~~~~~~~~^^^^^^^^^
  File "C:\Users\zenam\AppData\Local\Programs\Python\Python313\Lib\site-packages\django\template\base.py", line 1052, in render_annotated
    return self.render(context)
           ~~~~~~~~~~~^^^^^^^^^
  File "C:\Users\zenam\AppData\Local\Programs\Python\Python313\Lib\site-packages\django\template\defaulttags.py", line 333, in render
    return nodelist.render(context)
           ~~~~~~~~~~~~~~~^^^^^^^^^
  File "C:\Users\zenam\AppData\Local\Programs\Python\Python313\Lib\site-packages\django\template\base.py", line 1091, in render
    return SafeString("".join([node.render_annotated(context) for node in self]))
                               ~~~~~~~~~~~~~~~~~~~~~^^^^^^^^^
  File "C:\Users\zenam\AppData\Local\Programs\Python\Python313\Lib\site-packages\django\template\base.py", line 1052, in render_annotated
    return self.render(context)
           ~~~~~~~~~~~^^^^^^^^^
  File "C:\Users\zenam\AppData\Local\Programs\Python\Python313\Lib\site-packages\django\template\defaulttags.py", line 249, in render
    nodelist.append(node.render_annotated(context))
                    ~~~~~~~~~~~~~~~~~~~~~^^^^^^^^^
  File "C:\Users\zenam\AppData\Local\Programs\Python\Python313\Lib\site-packages\django\template\base.py", line 1052, in render_annotated
    return self.render(context)
           ~~~~~~~~~~~^^^^^^^^^
  File "C:\Users\zenam\AppData\Local\Programs\Python\Python313\Lib\site-packages\django\template\defaulttags.py", line 333, in render
    return nodelist.render(context)
           ~~~~~~~~~~~~~~~^^^^^^^^^
  File "C:\Users\zenam\AppData\Local\Programs\Python\Python313\Lib\site-packages\django\template\base.py", line 1091, in render
    return SafeString("".join([node.render_annotated(context) for node in self]))
                               ~~~~~~~~~~~~~~~~~~~~~^^^^^^^^^
  File "C:\Users\zenam\AppData\Local\Programs\Python\Python313\Lib\site-packages\django\template\base.py", line 1052, in render_annotated
    return self.render(context)
           ~~~~~~~~~~~^^^^^^^^^
  File "C:\Users\zenam\AppData\Local\Programs\Python\Python313\Lib\site-packages\django\template\defaulttags.py", line 333, in render
    return nodelist.render(context)
           ~~~~~~~~~~~~~~~^^^^^^^^^
  File "C:\Users\zenam\AppData\Local\Programs\Python\Python313\Lib\site-packages\django\template\base.py", line 1091, in render
    return SafeString("".join([node.render_annotated(context) for node in self]))
                               ~~~~~~~~~~~~~~~~~~~~~^^^^^^^^^
  File "C:\Users\zenam\AppData\Local\Programs\Python\Python313\Lib\site-packages\django\template\base.py", line 1052, in render_annotated
    return self.render(context)
           ~~~~~~~~~~~^^^^^^^^^
  File "C:\Users\zenam\AppData\Local\Programs\Python\Python313\Lib\site-packages\django\template\defaulttags.py", line 511, in render
    url = reverse(view_name, args=args, kwargs=kwargs, current_app=current_app)
  File "C:\Users\zenam\AppData\Local\Programs\Python\Python313\Lib\site-packages\django\urls\base.py", line 92, in reverse
    raise NoReverseMatch("%s is not a registered namespace" % key)
django.urls.exceptions.NoReverseMatch: 'djdt' is not a registered namespace
INFO 2026-10-05 14:51:11,908 middleware Request GET /admin/login/ by Anonymous in 21.85 ms | groups=Anonymous | status=200
ERROR 2026-10-05 14:51:11,938 log Internal Server Error: /admin/login/
Traceback (most recent call last):
  File "C:\Users\zenam\AppData\Local\Programs\Python\Python313\Lib\site-packages\django\template\base.py", line 964, in _resolve_lookup
    raise TypeError
TypeError

During handling of the above exception, another exception occurred:

Traceback (most recent call last):
  File "C:\Users\zenam\AppData\Local\Programs\Python\Python313\Lib\site-packages\django\urls\base.py", line 81, in reverse
    extra, resolver = resolver.namespace_dict[ns]
                      ~~~~~~~~~~~~~~~~~~~~~~~^^^^
KeyError: 'djdt'

During handling of the above exception, another exception occurred:

Traceback (most recent call last):
  File "C:\Users\zenam\AppData\Local\Programs\Python\Python313\Lib\site-packages\django\core\handlers\exception.py", line 55, in inner
    response = get_response(request)
  File "C:\Users\zenam\AppData\Local\Programs\Python\Python313\Lib\site-packages\debug_toolbar\middleware.py", line 130, in __call__
    return self._postprocess(request, response, toolbar)
           ~~~~~~~~~~~~~~~~~^^^^^^^^^^^^^^^^^^^^^^^^^^^^
  File "C:\Users\zenam\AppData\Local\Programs\Python\Python313\Lib\site-packages\debug_toolbar\middleware.py", line 172, in _postprocess
    rendered = toolbar.render_toolbar()
  File "C:\Users\zenam\AppData\Local\Programs\Python\Python313\Lib\site-packages\debug_toolbar\toolbar.py", line 96, in render_toolbar
    return render_to_string("debug_toolbar/base.html", context)
  File "C:\Users\zenam\AppData\Local\Programs\Python\Python313\Lib\site-packages\django\template\loader.py", line 62, in render_to_string
    return template.render(context, request)
           ~~~~~~~~~~~~~~~^^^^^^^^^^^^^^^^^^
  File "C:\Users\zenam\AppData\Local\Programs\Python\Python313\Lib\site-packages\django\template\backends\django.py", line 107, in render
    return self.template.render(context)
           ~~~~~~~~~~~~~~~~~~~~^^^^^^^^^
  File "C:\Users\zenam\AppData\Local\Programs\Python\Python313\Lib\site-packages\django\template\base.py", line 174, in render
    return self._render(context)
           ~~~~~~~~~~~~^^^^^^^^^
  File "C:\Users\zenam\AppData\Local\Programs\Python\Python313\Lib\site-packages\django\test\utils.py", line 114, in instrumented_test_render
    return self.nodelist.render(context)
           ~~~~~~~~~~~~~~~~~~~~^^^^^^^^^
  File "C:\Users\zenam\AppData\Local\Programs\Python\Python313\Lib\site-packages\django\template\base.py", line 1091, in render
    return SafeString("".join([node.render_annotated(context) for node in self]))
                               ~~~~~~~~~~~~~~~~~~~~~^^^^^^^^^
  File "C:\Users\zenam\AppData\Local\Programs\Python\Python313\Lib\site-packages\django\template\base.py", line 1052, in render_annotated
    return self.render(context)
           ~~~~~~~~~~~^^^^^^^^^
  File "C:\Users\zenam\AppData\Local\Programs\Python\Python313\Lib\site-packages\django\template\defaulttags.py", line 249, in render
    nodelist.append(node.render_annotated(context))
                    ~~~~~~~~~~~~~~~~~~~~~^^^^^^^^^
  File "C:\Users\zenam\AppData\Local\Programs\Python\Python313\Lib\site-packages\django\template\base.py", line 1052, in render_annotated
    return self.render(context)
           ~~~~~~~~~~~^^^^^^^^^
  File "C:\Users\zenam\AppData\Local\Programs\Python\Python313\Lib\site-packages\django\template\loader_tags.py", line 211, in render
    return template.render(context)
           ~~~~~~~~~~~~~~~^^^^^^^^^
  File "C:\Users\zenam\AppData\Local\Programs\Python\Python313\Lib\site-packages\django\template\base.py", line 176, in render
    return self._render(context)
           ~~~~~~~~~~~~^^^^^^^^^
  File "C:\Users\zenam\AppData\Local\Programs\Python\Python313\Lib\site-packages\django\test\utils.py", line 114, in instrumented_test_render
    return self.nodelist.render(context)
           ~~~~~~~~~~~~~~~~~~~~^^^^^^^^^
  File "C:\Users\zenam\AppData\Local\Programs\Python\Python313\Lib\site-packages\django\template\base.py", line 1091, in render
    return SafeString("".join([node.render_annotated(context) for node in self]))
                               ~~~~~~~~~~~~~~~~~~~~~^^^^^^^^^
  File "C:\Users\zenam\AppData\Local\Programs\Python\Python313\Lib\site-packages\django\template\base.py", line 1052, in render_annotated
    return self.render(context)
           ~~~~~~~~~~~^^^^^^^^^
  File "C:\Users\zenam\AppData\Local\Programs\Python\Python313\Lib\site-packages\django\template\defaulttags.py", line 333, in render
    return nodelist.render(context)
           ~~~~~~~~~~~~~~~^^^^^^^^^
  File "C:\Users\zenam\AppData\Local\Programs\Python\Python313\Lib\site-packages\django\template\base.py", line 1091, in render
    return SafeString("".join([node.render_annotated(context) for node in self]))
                               ~~~~~~~~~~~~~~~~~~~~~^^^^^^^^^
  File "C:\Users\zenam\AppData\Local\Programs\Python\Python313\Lib\site-packages\django\template\base.py", line 1052, in render_annotated
    return self.render(context)
           ~~~~~~~~~~~^^^^^^^^^
  File "C:\Users\zenam\AppData\Local\Programs\Python\Python313\Lib\site-packages\django\template\defaulttags.py", line 333, in render
    return nodelist.render(context)
           ~~~~~~~~~~~~~~~^^^^^^^^^
  File "C:\Users\zenam\AppData\Local\Programs\Python\Python313\Lib\site-packages\django\template\base.py", line 1091, in render
    return SafeString("".join([node.render_annotated(context) for node in self]))
                               ~~~~~~~~~~~~~~~~~~~~~^^^^^^^^^
  File "C:\Users\zenam\AppData\Local\Programs\Python\Python313\Lib\site-packages\django\template\base.py", line 1052, in render_annotated
    return self.render(context)
           ~~~~~~~~~~~^^^^^^^^^
  File "C:\Users\zenam\AppData\Local\Programs\Python\Python313\Lib\site-packages\django\template\base.py", line 1150, in render
    output = self.filter_expression.resolve(context)
  File "C:\Users\zenam\AppData\Local\Programs\Python\Python313\Lib\site-packages\django\template\base.py", line 788, in resolve
    obj = self.var.resolve(context)
  File "C:\Users\zenam\AppData\Local\Programs\Python\Python313\Lib\site-packages\django\template\base.py", line 928, in resolve
    value = self._resolve_lookup(context)
  File "C:\Users\zenam\AppData\Local\Programs\Python\Python313\Lib\site-packages\django\template\base.py", line 976, in _resolve_lookup
    current = getattr(current, bit)
  File "C:\Users\zenam\AppData\Local\Programs\Python\Python313\Lib\site-packages\debug_toolbar\panels\__init__.py", line 110, in content
    return render_to_string(self.template, self.get_stats())
  File "C:\Users\zenam\AppData\Local\Programs\Python\Python313\Lib\site-packages\django\template\loader.py", line 62, in render_to_string
    return template.render(context, request)
           ~~~~~~~~~~~~~~~^^^^^^^^^^^^^^^^^^
  File "C:\Users\zenam\AppData\Local\Programs\Python\Python313\Lib\site-packages\django\template\backends\django.py", line 107, in render
    return self.template.render(context)
           ~~~~~~~~~~~~~~~~~~~~^^^^^^^^^
  File "C:\Users\zenam\AppData\Local\Programs\Python\Python313\Lib\site-packages\django\template\base.py", line 174, in render
    return self._render(context)
           ~~~~~~~~~~~~^^^^^^^^^
  File "C:\Users\zenam\AppData\Local\Programs\Python\Python313\Lib\site-packages\django\test\utils.py", line 114, in instrumented_test_render
    return self.nodelist.render(context)
           ~~~~~~~~~~~~~~~~~~~~^^^^^^^^^
  File "C:\Users\zenam\AppData\Local\Programs\Python\Python313\Lib\site-packages\django\template\base.py", line 1091, in render
    return SafeString("".join([node.render_annotated(context) for node in self]))
                               ~~~~~~~~~~~~~~~~~~~~~^^^^^^^^^
  File "C:\Users\zenam\AppData\Local\Programs\Python\Python313\Lib\site-packages\django\template\base.py", line 1052, in render_annotated
    return self.render(context)
           ~~~~~~~~~~~^^^^^^^^^
  File "C:\Users\zenam\AppData\Local\Programs\Python\Python313\Lib\site-packages\django\template\defaulttags.py", line 333, in render
    return nodelist.render(context)
           ~~~~~~~~~~~~~~~^^^^^^^^^
  File "C:\Users\zenam\AppData\Local\Programs\Python\Python313\Lib\site-packages\django\template\base.py", line 1091, in render
    return SafeString("".join([node.render_annotated(context) for node in self]))
                               ~~~~~~~~~~~~~~~~~~~~~^^^^^^^^^
  File "C:\Users\zenam\AppData\Local\Programs\Python\Python313\Lib\site-packages\django\template\base.py", line 1052, in render_annotated
    return self.render(context)
           ~~~~~~~~~~~^^^^^^^^^
  File "C:\Users\zenam\AppData\Local\Programs\Python\Python313\Lib\site-packages\django\template\defaulttags.py", line 249, in render
    nodelist.append(node.render_annotated(context))
                    ~~~~~~~~~~~~~~~~~~~~~^^^^^^^^^
  File "C:\Users\zenam\AppData\Local\Programs\Python\Python313\Lib\site-packages\django\template\base.py", line 1052, in render_annotated
    return self.render(context)
           ~~~~~~~~~~~^^^^^^^^^
  File "C:\Users\zenam\AppData\Local\Programs\Python\Python313\Lib\site-packages\django\template\defaulttags.py", line 511, in render
    url = reverse(view_name, args=args, kwargs=kwargs, current_app=current_app)
  File "C:\Users\zenam\AppData\Local\Programs\Python\Python313\Lib\site-packages\django\urls\base.py", line 92, in reverse
    raise NoReverseMatch("%s is not a registered namespace" % key)
django.urls.exceptions.NoReverseMatch: 'djdt' is not a registered namespace
INFO 2026-10-05 14:51:12,552 middleware Request GET / by Anonymous in 4.86 ms | groups=Anonymous | status=200
ERROR 2026-10-05 14:51:12,573 log Internal Server Error: /
Traceback (most recent call last):
  File "C:\Users\zenam\AppData\Local\Programs\Python\Python313\Lib\site-packages\django\template\base.py", line 964, in _resolve_lookup
    raise TypeError
TypeError

During handling of the above exception, another exception occurred:

Traceback (most recent call last):
  File "C:\Users\zenam\AppData\Local\Programs\Python\Python313\Lib\site-packages\django\urls\base.py", line 81, in reverse
    extra, resolver = resolver.namespace_dict[ns]
                      ~~~~~~~~~~~~~~~~~~~~~~~^^^^
KeyError: 'djdt'

During handling of the above exception, another exception occurred:

Traceback (most recent call last):
  File "C:\Users\zenam\AppData\Local\Programs\Python\Python313\Lib\site-packages\django\core\handlers\exception.py", line 55, in inner
    response = get_response(request)
  File "C:\Users\zenam\AppData\Local\Programs\Python\Python313\Lib\site-packages\debug_toolbar\middleware.py", line 130, in __call__
    return self._postprocess(request, response, toolbar)
           ~~~~~~~~~~~~~~~~~^^^^^^^^^^^^^^^^^^^^^^^^^^^^
  File "C:\Users\zenam\AppData\Local\Programs\Python\Python313\Lib\site-packages\debug_toolbar\middleware.py", line 172, in _postprocess
    rendered = toolbar.render_toolbar()
  File "C:\Users\zenam\AppData\Local\Programs\Python\Python313\Lib\site-packages\debug_toolbar\toolbar.py", line 96, in render_toolbar
    return render_to_string("debug_toolbar/base.html", context)
  File "C:\Users\zenam\AppData\Local\Programs\Python\Python313\Lib\site-packages\django\template\loader.py", line 62, in render_to_string
    return template.render(context, request)
           ~~~~~~~~~~~~~~~^^^^^^^^^^^^^^^^^^
  File "C:\Users\zenam\AppData\Local\Programs\Python\Python313\Lib\site-packages\django\template\backends\django.py", line 107, in render
    return self.template.render(context)
           ~~~~~~~~~~~~~~~~~~~~^^^^^^^^^
  File "C:\Users\zenam\AppData\Local\Programs\Python\Python313\Lib\site-packages\django\template\base.py", line 174, in render
    return self._render(context)
           ~~~~~~~~~~~~^^^^^^^^^
  File "C:\Users\zenam\AppData\Local\Programs\Python\Python313\Lib\site-packages\django\test\utils.py", line 114, in instrumented_test_render
    return self.nodelist.render(context)
           ~~~~~~~~~~~~~~~~~~~~^^^^^^^^^
  File "C:\Users\zenam\AppData\Local\Programs\Python\Python313\Lib\site-packages\django\template\base.py", line 1091, in render
    return SafeString("".join([node.render_annotated(context) for node in self]))
                               ~~~~~~~~~~~~~~~~~~~~~^^^^^^^^^
  File "C:\Users\zenam\AppData\Local\Programs\Python\Python313\Lib\site-packages\django\template\base.py", line 1052, in render_annotated
    return self.render(context)
           ~~~~~~~~~~~^^^^^^^^^
  File "C:\Users\zenam\AppData\Local\Programs\Python\Python313\Lib\site-packages\django\template\defaulttags.py", line 249, in render
    nodelist.append(node.render_annotated(context))
                    ~~~~~~~~~~~~~~~~~~~~~^^^^^^^^^
  File "C:\Users\zenam\AppData\Local\Programs\Python\Python313\Lib\site-packages\django\template\base.py", line 1052, in render_annotated
    return self.render(context)
           ~~~~~~~~~~~^^^^^^^^^
  File "C:\Users\zenam\AppData\Local\Programs\Python\Python313\Lib\site-packages\django\template\loader_tags.py", line 211, in render
    return template.render(context)
           ~~~~~~~~~~~~~~~^^^^^^^^^
  File "C:\Users\zenam\AppData\Local\Programs\Python\Python313\Lib\site-packages\django\template\base.py", line 176, in render
    return self._render(context)
           ~~~~~~~~~~~~^^^^^^^^^
  File "C:\Users\zenam\AppData\Local\Programs\Python\Python313\Lib\site-packages\django\test\utils.py", line 114, in instrumented_test_render
    return self.nodelist.render(context)
           ~~~~~~~~~~~~~~~~~~~~^^^^^^^^^
  File "C:\Users\zenam\AppData\Local\Programs\Python\Python313\Lib\site-packages\django\template\base.py", line 1091, in render
    return SafeString("".join([node.render_annotated(context) for node in self]))
                               ~~~~~~~~~~~~~~~~~~~~~^^^^^^^^^
  File "C:\Users\zenam\AppData\Local\Programs\Python\Python313\Lib\site-packages\django\template\base.py", line 1052, in render_annotated
    return self.render(context)
           ~~~~~~~~~~~^^^^^^^^^
  File "C:\Users\zenam\AppData\Local\Programs\Python\Python313\Lib\site-packages\django\template\defaulttags.py", line 333, in render
    return nodelist.render(context)
           ~~~~~~~~~~~~~~~^^^^^^^^^
  File "C:\Users\zenam\AppData\Local\Programs\Python\Python313\Lib\site-packages\django\template\base.py", line 1091, in render
    return SafeString("".join([node.render_annotated(context) for node in self]))
                               ~~~~~~~~~~~~~~~~~~~~~^^^^^^^^^
  File "C:\Users\zenam\AppData\Local\Programs\Python\Python313\Lib\site-packages\django\template\base.py", line 1052, in render_annotated
    return self.render(context)
           ~~~~~~~~~~~^^^^^^^^^
  File "C:\Users\zenam\AppData\Local\Programs\Python\Python313\Lib\site-packages\django\template\defaulttags.py", line 333, in render
    return nodelist.render(context)
           ~~~~~~~~~~~~~~~^^^^^^^^^
  File "C:\Users\zenam\AppData\Local\Programs\Python\Python313\Lib\site-packages\django\template\base.py", line 1091, in render
    return SafeString("".join([node.render_annotated(context) for node in self]))
                               ~~~~~~~~~~~~~~~~~~~~~^^^^^^^^^
  File "C:\Users\zenam\AppData\Local\Programs\Python\Python313\Lib\site-packages\django\template\base.py", line 1052, in render_annotated
    return self.render(context)
           ~~~~~~~~~~~^^^^^^^^^
  File "C:\Users\zenam\AppData\Local\Programs\Python\Python313\Lib\site-packages\django\template\base.py", line 1150, in render
    output = self.filter_expression.resolve(context)
  File "C:\Users\zenam\AppData\Local\Programs\Python\Python313\Lib\site-packages\django\template\base.py", line 788, in resolve
    obj = self.var.resolve(context)
  File "C:\Users\zenam\AppData\Local\Programs\Python\Python313\Lib\site-packages\django\template\base.py", line 928, in resolve
    value = self._resolve_lookup(context)
  File "C:\Users\zenam\AppData\Local\Programs\Python\Python313\Lib\site-packages\django\template\base.py", line 976, in _resolve_lookup
    current = getattr(current, bit)
  File "C:\Users\zenam\AppData\Local\Programs\Python\Python313\Lib\site-packages\debug_toolbar\panels\__init__.py", line 110, in content
    return render_to_string(self.template, self.get_stats())
  File "C:\Users\zenam\AppData\Local\Programs\Python\Python313\Lib\site-packages\django\template\loader.py", line 62, in render_to_string
    return template.render(context, request)
           ~~~~~~~~~~~~~~~^^^^^^^^^^^^^^^^^^
  File "C:\Users\zenam\AppData\Local\Programs\Python\Python313\Lib\site-packages\django\template\backends\django.py", line 107, in render
    return self.template.render(context)
           ~~~~~~~~~~~~~~~~~~~~^^^^^^^^^
  File "C:\Users\zenam\AppData\Local\Programs\Python\Python313\Lib\site-packages\django\template\base.py", line 174, in render
    return self._render(context)
           ~~~~~~~~~~~~^^^^^^^^^
  File "C:\Users\zenam\AppData\Local\Programs\Python\Python313\Lib\site-packages\django\test\utils.py", line 114, in instrumented_test_render
    return self.nodelist.render(context)
           ~~~~~~~~~~~~~~~~~~~~^^^^^^^^^
  File "C:\Users\zenam\AppData\Local\Programs\Python\Python313\Lib\site-packages\django\template\base.py", line 1091, in render
    return SafeString("".join([node.render_annotated(context) for node in self]))
                               ~~~~~~~~~~~~~~~~~~~~~^^^^^^^^^
  File "C:\Users\zenam\AppData\Local\Programs\Python\Python313\Lib\site-packages\django\template\base.py", line 1052, in render_annotated
    return self.render(context)
           ~~~~~~~~~~~^^^^^^^^^
  File "C:\Users\zenam\AppData\Local\Programs\Python\Python313\Lib\site-packages\django\template\defaulttags.py", line 333, in render
    return nodelist.render(context)
           ~~~~~~~~~~~~~~~^^^^^^^^^
  File "C:\Users\zenam\AppData\Local\Programs\Python\Python313\Lib\site-packages\django\template\base.py", line 1091, in render
    return SafeString("".join([node.render_annotated(context) for node in self]))
                               ~~~~~~~~~~~~~~~~~~~~~^^^^^^^^^
  File "C:\Users\zenam\AppData\Local\Programs\Python\Python313\Lib\site-packages\django\template\base.py", line 1052, in render_annotated
    return self.render(context)
           ~~~~~~~~~~~^^^^^^^^^
  File "C:\Users\zenam\AppData\Local\Programs\Python\Python313\Lib\site-packages\django\template\defaulttags.py", line 249, in render
    nodelist.append(node.render_annotated(context))
                    ~~~~~~~~~~~~~~~~~~~~~^^^^^^^^^
  File "C:\Users\zenam\AppData\Local\Programs\Python\Python313\Lib\site-packages\django\template\base.py", line 1052, in render_annotated
    return self.render(context)
           ~~~~~~~~~~~^^^^^^^^^
  File "C:\Users\zenam\AppData\Local\Programs\Python\Python313\Lib\site-packages\django\template\defaulttags.py", line 333, in render
    return nodelist.render(context)
           ~~~~~~~~~~~~~~~^^^^^^^^^
  File "C:\Users\zenam\AppData\Local\Programs\Python\Python313\Lib\site-packages\django\template\base.py", line 1091, in render
    return SafeString("".join([node.render_annotated(context) for node in self]))
                               ~~~~~~~~~~~~~~~~~~~~~^^^^^^^^^
  File "C:\Users\zenam\AppData\Local\Programs\Python\Python313\Lib\site-packages\django\template\base.py", line 1052, in render_annotated
    return self.render(context)
           ~~~~~~~~~~~^^^^^^^^^
  File "C:\Users\zenam\AppData\Local\Programs\Python\Python313\Lib\site-packages\django\template\defaulttags.py", line 333, in render
    return nodelist.render(context)
           ~~~~~~~~~~~~~~~^^^^^^^^^
  File "C:\Users\zenam\AppData\Local\Programs\Python\Python313\Lib\site-packages\django\template\base.py", line 1091, in render
    return SafeString("".join([node.render_annotated(context) for node in self]))
                               ~~~~~~~~~~~~~~~~~~~~~^^^^^^^^^
  File "C:\Users\zenam\AppData\Local\Programs\Python\Python313\Lib\site-packages\django\template\base.py", line 1052, in render_annotated
    return self.render(context)
           ~~~~~~~~~~~^^^^^^^^^
  File "C:\Users\zenam\AppData\Local\Programs\Python\Python313\Lib\site-packages\django\template\defaulttags.py", line 511, in render
    url = reverse(view_name, args=args, kwargs=kwargs, current_app=current_app)
  File "C:\Users\zenam\AppData\Local\Programs\Python\Python313\Lib\site-packages\django\urls\base.py", line 92, in reverse
    raise NoReverseMatch("%s is not a registered namespace" % key)
django.urls.exceptions.NoReverseMatch: 'djdt' is not a registered namespace
INFO 2026-10-05 14:51:13,240 middleware Request POST /cart/add/1/ by Anonymous in 7.58 ms | groups=Anonymous | status=302
ERROR 2026-10-05 14:51:13,272 log Internal Server Error: /cart/add/1/
Traceback (most recent call last):
  File "C:\Users\zenam\AppData\Local\Programs\Python\Python313\Lib\site-packages\django\template\base.py", line 964, in _resolve_lookup
    raise TypeError
TypeError

During handling of the above exception, another exception occurred:

Traceback (most recent call last):
  File "C:\Users\zenam\AppData\Local\Programs\Python\Python313\Lib\site-packages\django\urls\base.py", line 81, in reverse
    extra, resolver = resolver.namespace_dict[ns]
                      ~~~~~~~~~~~~~~~~~~~~~~~^^^^
KeyError: 'djdt'

During handling of the above exception, another exception occurred:

Traceback (most recent call last):
  File "C:\Users\zenam\AppData\Local\Programs\Python\Python313\Lib\site-packages\django\core\handlers\exception.py", line 55, in inner
    response = get_response(request)
  File "C:\Users\zenam\AppData\Local\Programs\Python\Python313\Lib\site-packages\debug_toolbar\middleware.py", line 130, in __call__
    return self._postprocess(request, response, toolbar)
           ~~~~~~~~~~~~~~~~~^^^^^^^^^^^^^^^^^^^^^^^^^^^^
  File "C:\Users\zenam\AppData\Local\Programs\Python\Python313\Lib\site-packages\debug_toolbar\middleware.py", line 172, in _postprocess
    rendered = toolbar.render_toolbar()
  File "C:\Users\zenam\AppData\Local\Programs\Python\Python313\Lib\site-packages\debug_toolbar\toolbar.py", line 96, in render_toolbar
    return render_to_string("debug_toolbar/base.html", context)
  File "C:\Users\zenam\AppData\Local\Programs\Python\Python313\Lib\site-packages\django\template\loader.py", line 62, in render_to_string
    return template.render(context, request)
           ~~~~~~~~~~~~~~~^^^^^^^^^^^^^^^^^^
  File "C:\Users\zenam\AppData\Local\Programs\Python\Python313\Lib\site-packages\django\template\backends\django.py", line 107, in render
    return self.template.render(context)
           ~~~~~~~~~~~~~~~~~~~~^^^^^^^^^
  File "C:\Users\zenam\AppData\Local\Programs\Python\Python313\Lib\site-packages\django\template\base.py", line 174, in render
    return self._render(context)
           ~~~~~~~~~~~~^^^^^^^^^
  File "C:\Users\zenam\AppData\Local\Programs\Python\Python313\Lib\site-packages\django\test\utils.py", line 114, in instrumented_test_render
    return self.nodelist.render(context)
           ~~~~~~~~~~~~~~~~~~~~^^^^^^^^^
  File "C:\Users\zenam\AppData\Local\Programs\Python\Python313\Lib\site-packages\django\template\base.py", line 1091, in render
    return SafeString("".join([node.render_annotated(context) for node in self]))
                               ~~~~~~~~~~~~~~~~~~~~~^^^^^^^^^
  File "C:\Users\zenam\AppData\Local\Programs\Python\Python313\Lib\site-packages\django\template\base.py", line 1052, in render_annotated
    return self.render(context)
           ~~~~~~~~~~~^^^^^^^^^
  File "C:\Users\zenam\AppData\Local\Programs\Python\Python313\Lib\site-packages\django\template\defaulttags.py", line 249, in render
    nodelist.append(node.render_annotated(context))
                    ~~~~~~~~~~~~~~~~~~~~~^^^^^^^^^
  File "C:\Users\zenam\AppData\Local\Programs\Python\Python313\Lib\site-packages\django\template\base.py", line 1052, in render_annotated
    return self.render(context)
           ~~~~~~~~~~~^^^^^^^^^
  File "C:\Users\zenam\AppData\Local\Programs\Python\Python313\Lib\site-packages\django\template\loader_tags.py", line 211, in render
    return template.render(context)
           ~~~~~~~~~~~~~~~^^^^^^^^^
  File "C:\Users\zenam\AppData\Local\Programs\Python\Python313\Lib\site-packages\django\template\base.py", line 176, in render
    return self._render(context)
           ~~~~~~~~~~~~^^^^^^^^^
  File "C:\Users\zenam\AppData\Local\Programs\Python\Python313\Lib\site-packages\django\test\utils.py", line 114, in instrumented_test_render
    return self.nodelist.render(context)
           ~~~~~~~~~~~~~~~~~~~~^^^^^^^^^
  File "C:\Users\zenam\AppData\Local\Programs\Python\Python313\Lib\site-packages\django\template\base.py", line 1091, in render
    return SafeString("".join([node.render_annotated(context) for node in self]))
                               ~~~~~~~~~~~~~~~~~~~~~^^^^^^^^^
  File "C:\Users\zenam\AppData\Local\Programs\Python\Python313\Lib\site-packages\django\template\base.py", line 1052, in render_annotated
    return self.render(context)
           ~~~~~~~~~~~^^^^^^^^^
  File "C:\Users\zenam\AppData\Local\Programs\Python\Python313\Lib\site-packages\django\template\defaulttags.py", line 333, in render
    return nodelist.render(context)
           ~~~~~~~~~~~~~~~^^^^^^^^^
  File "C:\Users\zenam\AppData\Local\Programs\Python\Python313\Lib\site-packages\django\template\base.py", line 1091, in render
    return SafeString("".join([node.render_annotated(context) for node in self]))
                               ~~~~~~~~~~~~~~~~~~~~~^^^^^^^^^
  File "C:\Users\zenam\AppData\Local\Programs\Python\Python313\Lib\site-packages\django\template\base.py", line 1052, in render_annotated
    return self.render(context)
           ~~~~~~~~~~~^^^^^^^^^
  File "C:\Users\zenam\AppData\Local\Programs\Python\Python313\Lib\site-packages\django\template\defaulttags.py", line 333, in render
    return nodelist.render(context)
           ~~~~~~~~~~~~~~~^^^^^^^^^
  File "C:\Users\zenam\AppData\Local\Programs\Python\Python313\Lib\site-packages\django\template\base.py", line 1091, in render
    return SafeString("".join([node.render_annotated(context) for node in self]))
                               ~~~~~~~~~~~~~~~~~~~~~^^^^^^^^^
  File "C:\Users\zenam\AppData\Local\Programs\Python\Python313\Lib\site-packages\django\template\base.py", line 1052, in render_annotated
    return self.render(context)
           ~~~~~~~~~~~^^^^^^^^^
  File "C:\Users\zenam\AppData\Local\Programs\Python\Python313\Lib\site-packages\django\template\base.py", line 1150, in render
    output = self.filter_expression.resolve(context)
  File "C:\Users\zenam\AppData\Local\Programs\Python\Python313\Lib\site-packages\django\template\base.py", line 788, in resolve
    obj = self.var.resolve(context)
  File "C:\Users\zenam\AppData\Local\Programs\Python\Python313\Lib\site-packages\django\template\base.py", line 928, in resolve
    value = self._resolve_lookup(context)
  File "C:\Users\zenam\AppData\Local\Programs\Python\Python313\Lib\site-packages\django\template\base.py", line 976, in _resolve_lookup
    current = getattr(current, bit)
  File "C:\Users\zenam\AppData\Local\Programs\Python\Python313\Lib\site-packages\debug_toolbar\panels\__init__.py", line 110, in content
    return render_to_string(self.template, self.get_stats())
  File "C:\Users\zenam\AppData\Local\Programs\Python\Python313\Lib\site-packages\django\template\loader.py", line 62, in render_to_string
    return template.render(context, request)
           ~~~~~~~~~~~~~~~^^^^^^^^^^^^^^^^^^
  File "C:\Users\zenam\AppData\Local\Programs\Python\Python313\Lib\site-packages\django\template\backends\django.py", line 107, in render
    return self.template.render(context)
           ~~~~~~~~~~~~~~~~~~~~^^^^^^^^^
  File "C:\Users\zenam\AppData\Local\Programs\Python\Python313\Lib\site-packages\django\template\base.py", line 174, in render
    return self._render(context)
           ~~~~~~~~~~~~^^^^^^^^^
  File "C:\Users\zenam\AppData\Local\Programs\Python\Python313\Lib\site-packages\django\test\utils.py", line 114, in instrumented_test_render
    return self.nodelist.render(context)
           ~~~~~~~~~~~~~~~~~~~~^^^^^^^^^
  File "C:\Users\zenam\AppData\Local\Programs\Python\Python313\Lib\site-packages\django\template\base.py", line 1091, in render
    return SafeString("".join([node.render_annotated(context) for node in self]))
                               ~~~~~~~~~~~~~~~~~~~~~^^^^^^^^^
  File "C:\Users\zenam\AppData\Local\Programs\Python\Python313\Lib\site-packages\django\template\base.py", line 1052, in render_annotated
    return self.render(context)
           ~~~~~~~~~~~^^^^^^^^^
  File "C:\Users\zenam\AppData\Local\Programs\Python\Python313\Lib\site-packages\django\template\defaulttags.py", line 333, in render
    return nodelist.render(context)
           ~~~~~~~~~~~~~~~^^^^^^^^^
  File "C:\Users\zenam\AppData\Local\Programs\Python\Python313\Lib\site-packages\django\template\base.py", line 1091, in render
    return SafeString("".join([node.render_annotated(context) for node in self]))
                               ~~~~~~~~~~~~~~~~~~~~~^^^^^^^^^
  File "C:\Users\zenam\AppData\Local\Programs\Python\Python313\Lib\site-packages\django\template\base.py", line 1052, in render_annotated
    return self.render(context)
           ~~~~~~~~~~~^^^^^^^^^
  File "C:\Users\zenam\AppData\Local\Programs\Python\Python313\Lib\site-packages\django\template\defaulttags.py", line 249, in render
    nodelist.append(node.render_annotated(context))
                    ~~~~~~~~~~~~~~~~~~~~~^^^^^^^^^
  File "C:\Users\zenam\AppData\Local\Programs\Python\Python313\Lib\site-packages\django\template\base.py", line 1052, in render_annotated
    return self.render(context)
           ~~~~~~~~~~~^^^^^^^^^
  File "C:\Users\zenam\AppData\Local\Programs\Python\Python313\Lib\site-packages\django\template\defaulttags.py", line 333, in render
    return nodelist.render(context)
           ~~~~~~~~~~~~~~~^^^^^^^^^
  File "C:\Users\zenam\AppData\Local\Programs\Python\Python313\Lib\site-packages\django\template\base.py", line 1091, in render
    return SafeString("".join([node.render_annotated(context) for node in self]))
                               ~~~~~~~~~~~~~~~~~~~~~^^^^^^^^^
  File "C:\Users\zenam\AppData\Local\Programs\Python\Python313\Lib\site-packages\django\template\base.py", line 1052, in render_annotated
    return self.render(context)
           ~~~~~~~~~~~^^^^^^^^^
  File "C:\Users\zenam\AppData\Local\Programs\Python\Python313\Lib\site-packages\django\template\defaulttags.py", line 333, in render
    return nodelist.render(context)
           ~~~~~~~~~~~~~~~^^^^^^^^^
  File "C:\Users\zenam\AppData\Local\Programs\Python\Python313\Lib\site-packages\django\template\base.py", line 1091, in render
    return SafeString("".join([node.render_annotated(context) for node in self]))
                               ~~~~~~~~~~~~~~~~~~~~~^^^^^^^^^
  File "C:\Users\zenam\AppData\Local\Programs\Python\Python313\Lib\site-packages\django\template\base.py", line 1052, in render_annotated
    return self.render(context)
           ~~~~~~~~~~~^^^^^^^^^
  File "C:\Users\zenam\AppData\Local\Programs\Python\Python313\Lib\site-packages\django\template\defaulttags.py", line 511, in render
    url = reverse(view_name, args=args, kwargs=kwargs, current_app=current_app)
  File "C:\Users\zenam\AppData\Local\Programs\Python\Python313\Lib\site-packages\django\urls\base.py", line 92, in reverse
    raise NoReverseMatch("%s is not a registered namespace" % key)
django.urls.exceptions.NoReverseMatch: 'djdt' is not a registered namespace
INFO 2026-10-05 14:51:17,026 middleware Request GET / by Anonymous in 5.53 ms | groups=Anonymous | status=200
ERROR 2026-10-05 14:51:17,049 log Internal Server Error: /
Traceback (most recent call last):
  File "C:\Users\zenam\AppData\Local\Programs\Python\Python313\Lib\site-packages\django\template\base.py", line 964, in _resolve_lookup
    raise TypeError
TypeError

During handling of the above exception, another exception occurred:

Traceback (most recent call last):
  File "C:\Users\zenam\AppData\Local\Programs\Python\Python313\Lib\site-packages\django\urls\base.py", line 81, in reverse
    extra, resolver = resolver.namespace_dict[ns]
                      ~~~~~~~~~~~~~~~~~~~~~~~^^^^
KeyError: 'djdt'

During handling of the above exception, another exception occurred:

Traceback (most recent call last):
  File "C:\Users\zenam\AppData\Local\Programs\Python\Python313\Lib\site-packages\django\core\handlers\exception.py", line 55, in inner
    response = get_response(request)
  File "C:\Users\zenam\AppData\Local\Programs\Python\Python313\Lib\site-packages\debug_toolbar\middleware.py", line 130, in __call__
    return self._postprocess(request, response, toolbar)
           ~~~~~~~~~~~~~~~~~^^^^^^^^^^^^^^^^^^^^^^^^^^^^
  File "C:\Users\zenam\AppData\Local\Programs\Python\Python313\Lib\site-packages\debug_toolbar\middleware.py", line 172, in _postprocess
    rendered = toolbar.render_toolbar()
  File "C:\Users\zenam\AppData\Local\Programs\Python\Python313\Lib\site-packages\debug_toolbar\toolbar.py", line 96, in render_toolbar
    return render_to_string("debug_toolbar/base.html", context)
  File "C:\Users\zenam\AppData\Local\Programs\Python\Python313\Lib\site-packages\django\template\loader.py", line 62, in render_to_string
    return template.render(context, request)
           ~~~~~~~~~~~~~~~^^^^^^^^^^^^^^^^^^
  File "C:\Users\zenam\AppData\Local\Programs\Python\Python313\Lib\site-packages\django\template\backends\django.py", line 107, in render
    return self.template.render(context)
           ~~~~~~~~~~~~~~~~~~~~^^^^^^^^^
  File "C:\Users\zenam\AppData\Local\Programs\Python\Python313\Lib\site-packages\django\template\base.py", line 174, in render
    return self._render(context)
           ~~~~~~~~~~~~^^^^^^^^^
  File "C:\Users\zenam\AppData\Local\Programs\Python\Python313\Lib\site-packages\django\test\utils.py", line 114, in instrumented_test_render
    return self.nodelist.render(context)
           ~~~~~~~~~~~~~~~~~~~~^^^^^^^^^
  File "C:\Users\zenam\AppData\Local\Programs\Python\Python313\Lib\site-packages\django\template\base.py", line 1091, in render
    return SafeString("".join([node.render_annotated(context) for node in self]))
                               ~~~~~~~~~~~~~~~~~~~~~^^^^^^^^^
  File "C:\Users\zenam\AppData\Local\Programs\Python\Python313\Lib\site-packages\django\template\base.py", line 1052, in render_annotated
    return self.render(context)
           ~~~~~~~~~~~^^^^^^^^^
  File "C:\Users\zenam\AppData\Local\Programs\Python\Python313\Lib\site-packages\django\template\defaulttags.py", line 249, in render
    nodelist.append(node.render_annotated(context))
                    ~~~~~~~~~~~~~~~~~~~~~^^^^^^^^^
  File "C:\Users\zenam\AppData\Local\Programs\Python\Python313\Lib\site-packages\django\template\base.py", line 1052, in render_annotated
    return self.render(context)
           ~~~~~~~~~~~^^^^^^^^^
  File "C:\Users\zenam\AppData\Local\Programs\Python\Python313\Lib\site-packages\django\template\loader_tags.py", line 211, in render
    return template.render(context)
           ~~~~~~~~~~~~~~~^^^^^^^^^
  File "C:\Users\zenam\AppData\Local\Programs\Python\Python313\Lib\site-packages\django\template\base.py", line 176, in render
    return self._render(context)
           ~~~~~~~~~~~~^^^^^^^^^
  File "C:\Users\zenam\AppData\Local\Programs\Python\Python313\Lib\site-packages\django\test\utils.py", line 114, in instrumented_test_render
    return self.nodelist.render(context)
           ~~~~~~~~~~~~~~~~~~~~^^^^^^^^^
  File "C:\Users\zenam\AppData\Local\Programs\Python\Python313\Lib\site-packages\django\template\base.py", line 1091, in render
    return SafeString("".join([node.render_annotated(context) for node in self]))
                               ~~~~~~~~~~~~~~~~~~~~~^^^^^^^^^
  File "C:\Users\zenam\AppData\Local\Programs\Python\Python313\Lib\site-packages\django\template\base.py", line 1052, in render_annotated
    return self.render(context)
           ~~~~~~~~~~~^^^^^^^^^
  File "C:\Users\zenam\AppData\Local\Programs\Python\Python313\Lib\site-packages\django\template\defaulttags.py", line 333, in render
    return nodelist.render(context)
           ~~~~~~~~~~~~~~~^^^^^^^^^
  File "C:\Users\zenam\AppData\Local\Programs\Python\Python313\Lib\site-packages\django\template\base.py", line 1091, in render
    return SafeString("".join([node.render_annotated(context) for node in self]))
                               ~~~~~~~~~~~~~~~~~~~~~^^^^^^^^^
  File "C:\Users\zenam\AppData\Local\Programs\Python\Python313\Lib\site-packages\django\template\base.py", line 1052, in render_annotated
    return self.render(context)
           ~~~~~~~~~~~^^^^^^^^^
  File "C:\Users\zenam\AppData\Local\Programs\Python\Python313\Lib\site-packages\django\template\defaulttags.py", line 333, in render
    return nodelist.render(context)
           ~~~~~~~~~~~~~~~^^^^^^^^^
  File "C:\Users\zenam\AppData\Local\Programs\Python\Python313\Lib\site-packages\django\template\base.py", line 1091, in render
    return SafeString("".join([node.render_annotated(context) for node in self]))
                               ~~~~~~~~~~~~~~~~~~~~~^^^^^^^^^
  File "C:\Users\zenam\AppData\Local\Programs\Python\Python313\Lib\site-packages\django\template\base.py", line 1052, in render_annotated
    return self.render(context)
           ~~~~~~~~~~~^^^^^^^^^
  File "C:\Users\zenam\AppData\Local\Programs\Python\Python313\Lib\site-packages\django\template\base.py", line 1150, in render
    output = self.filter_expression.resolve(context)
  File "C:\Users\zenam\AppData\Local\Programs\Python\Python313\Lib\site-packages\django\template\base.py", line 788, in resolve
    obj = self.var.resolve(context)
  File "C:\Users\zenam\AppData\Local\Programs\Python\Python313\Lib\site-packages\django\template\base.py", line 928, in resolve
    value = self._resolve_lookup(context)
  File "C:\Users\zenam\AppData\Local\Programs\Python\Python313\Lib\site-packages\django\template\base.py", line 976, in _resolve_lookup
    current = getattr(current, bit)
  File "C:\Users\zenam\AppData\Local\Programs\Python\Python313\Lib\site-packages\debug_toolbar\panels\__init__.py", line 110, in content
    return render_to_string(self.template, self.get_stats())
  File "C:\Users\zenam\AppData\Local\Programs\Python\Python313\Lib\site-packages\django\template\loader.py", line 62, in render_to_string
    return template.render(context, request)
           ~~~~~~~~~~~~~~~^^^^^^^^^^^^^^^^^^
  File "C:\Users\zenam\AppData\Local\Programs\Python\Python313\Lib\site-packages\django\template\backends\django.py", line 107, in render
    return self.template.render(context)
           ~~~~~~~~~~~~~~~~~~~~^^^^^^^^^
  File "C:\Users\zenam\AppData\Local\Programs\Python\Python313\Lib\site-packages\django\template\base.py", line 174, in render
    return self._render(context)
           ~~~~~~~~~~~~^^^^^^^^^
  File "C:\Users\zenam\AppData\Local\Programs\Python\Python313\Lib\site-packages\django\test\utils.py", line 114, in instrumented_test_render
    return self.nodelist.render(context)
           ~~~~~~~~~~~~~~~~~~~~^^^^^^^^^
  File "C:\Users\zenam\AppData\Local\Programs\Python\Python313\Lib\site-packages\django\template\base.py", line 1091, in render
    return SafeString("".join([node.render_annotated(context) for node in self]))
                               ~~~~~~~~~~~~~~~~~~~~~^^^^^^^^^
  File "C:\Users\zenam\AppData\Local\Programs\Python\Python313\Lib\site-packages\django\template\base.py", line 1052, in render_annotated
    return self.render(context)
           ~~~~~~~~~~~^^^^^^^^^
  File "C:\Users\zenam\AppData\Local\Programs\Python\Python313\Lib\site-packages\django\template\defaulttags.py", line 333, in render
    return nodelist.render(context)
           ~~~~~~~~~~~~~~~^^^^^^^^^
  File "C:\Users\zenam\AppData\Local\Programs\Python\Python313\Lib\site-packages\django\template\base.py", line 1091, in render
    return SafeString("".join([node.render_annotated(context) for node in self]))
                               ~~~~~~~~~~~~~~~~~~~~~^^^^^^^^^
  File "C:\Users\zenam\AppData\Local\Programs\Python\Python313\Lib\site-packages\django\template\base.py", line 1052, in render_annotated
    return self.render(context)
           ~~~~~~~~~~~^^^^^^^^^
  File "C:\Users\zenam\AppData\Local\Programs\Python\Python313\Lib\site-packages\django\template\defaulttags.py", line 249, in render
    nodelist.append(node.render_annotated(context))
                    ~~~~~~~~~~~~~~~~~~~~~^^^^^^^^^
  File "C:\Users\zenam\AppData\Local\Programs\Python\Python313\Lib\site-packages\django\template\base.py", line 1052, in render_annotated
    return self.render(context)
           ~~~~~~~~~~~^^^^^^^^^
  File "C:\Users\zenam\AppData\Local\Programs\Python\Python313\Lib\site-packages\django\template\defaulttags.py", line 333, in render
    return nodelist.render(context)
           ~~~~~~~~~~~~~~~^^^^^^^^^
  File "C:\Users\zenam\AppData\Local\Programs\Python\Python313\Lib\site-packages\django\template\base.py", line 1091, in render
    return SafeString("".join([node.render_annotated(context) for node in self]))
                               ~~~~~~~~~~~~~~~~~~~~~^^^^^^^^^
  File "C:\Users\zenam\AppData\Local\Programs\Python\Python313\Lib\site-packages\django\template\base.py", line 1052, in render_annotated
    return self.render(context)
           ~~~~~~~~~~~^^^^^^^^^
  File "C:\Users\zenam\AppData\Local\Programs\Python\Python313\Lib\site-packages\django\template\defaulttags.py", line 333, in render
    return nodelist.render(context)
           ~~~~~~~~~~~~~~~^^^^^^^^^
  File "C:\Users\zenam\AppData\Local\Programs\Python\Python313\Lib\site-packages\django\template\base.py", line 1091, in render
    return SafeString("".join([node.render_annotated(context) for node in self]))
                               ~~~~~~~~~~~~~~~~~~~~~^^^^^^^^^
  File "C:\Users\zenam\AppData\Local\Programs\Python\Python313\Lib\site-packages\django\template\base.py", line 1052, in render_annotated
    return self.render(context)
           ~~~~~~~~~~~^^^^^^^^^
  File "C:\Users\zenam\AppData\Local\Programs\Python\Python313\Lib\site-packages\django\template\defaulttags.py", line 511, in render
    url = reverse(view_name, args=args, kwargs=kwargs, current_app=current_app)
  File "C:\Users\zenam\AppData\Local\Programs\Python\Python313\Lib\site-packages\django\urls\base.py", line 92, in reverse
    raise NoReverseMatch("%s is not a registered namespace" % key)
django.urls.exceptions.NoReverseMatch: 'djdt' is not a registered namespace
INFO 2026-10-05 14:51:17,759 middleware Request GET / by Anonymous in 5.06 ms | groups=Anonymous | status=200
ERROR 2026-10-05 14:51:17,790 log Internal Server Error: /
Traceback (most recent call last):
  File "C:\Users\zenam\AppData\Local\Programs\Python\Python313\Lib\site-packages\django\template\base.py", line 964, in _resolve_lookup
    raise TypeError
TypeError

During handling of the above exception, another exception occurred:

Traceback (most recent call last):
  File "C:\Users\zenam\AppData\Local\Programs\Python\Python313\Lib\site-packages\django\urls\base.py", line 81, in reverse
    extra, resolver = resolver.namespace_dict[ns]
                      ~~~~~~~~~~~~~~~~~~~~~~~^^^^
KeyError: 'djdt'

During handling of the above exception, another exception occurred:

Traceback (most recent call last):
  File "C:\Users\zenam\AppData\Local\Programs\Python\Python313\Lib\site-packages\django\core\handlers\exception.py", line 55, in inner
    response = get_response(request)
  File "C:\Users\zenam\AppData\Local\Programs\Python\Python313\Lib\site-packages\debug_toolbar\middleware.py", line 130, in __call__
    return self._postprocess(request, response, toolbar)
           ~~~~~~~~~~~~~~~~~^^^^^^^^^^^^^^^^^^^^^^^^^^^^
  File "C:\Users\zenam\AppData\Local\Programs\Python\Python313\Lib\site-packages\debug_toolbar\middleware.py", line 172, in _postprocess
    rendered = toolbar.render_toolbar()
  File "C:\Users\zenam\AppData\Local\Programs\Python\Python313\Lib\site-packages\debug_toolbar\toolbar.py", line 96, in render_toolbar
    return render_to_string("debug_toolbar/base.html", context)
  File "C:\Users\zenam\AppData\Local\Programs\Python\Python313\Lib\site-packages\django\template\loader.py", line 62, in render_to_string
    return template.render(context, request)
           ~~~~~~~~~~~~~~~^^^^^^^^^^^^^^^^^^
  File "C:\Users\zenam\AppData\Local\Programs\Python\Python313\Lib\site-packages\django\template\backends\django.py", line 107, in render
    return self.template.render(context)
           ~~~~~~~~~~~~~~~~~~~~^^^^^^^^^
  File "C:\Users\zenam\AppData\Local\Programs\Python\Python313\Lib\site-packages\django\template\base.py", line 174, in render
    return self._render(context)
           ~~~~~~~~~~~~^^^^^^^^^
  File "C:\Users\zenam\AppData\Local\Programs\Python\Python313\Lib\site-packages\django\test\utils.py", line 114, in instrumented_test_render
    return self.nodelist.render(context)
           ~~~~~~~~~~~~~~~~~~~~^^^^^^^^^
  File "C:\Users\zenam\AppData\Local\Programs\Python\Python313\Lib\site-packages\django\template\base.py", line 1091, in render
    return SafeString("".join([node.render_annotated(context) for node in self]))
                               ~~~~~~~~~~~~~~~~~~~~~^^^^^^^^^
  File "C:\Users\zenam\AppData\Local\Programs\Python\Python313\Lib\site-packages\django\template\base.py", line 1052, in render_annotated
    return self.render(context)
           ~~~~~~~~~~~^^^^^^^^^
  File "C:\Users\zenam\AppData\Local\Programs\Python\Python313\Lib\site-packages\django\template\defaulttags.py", line 249, in render
    nodelist.append(node.render_annotated(context))
                    ~~~~~~~~~~~~~~~~~~~~~^^^^^^^^^
  File "C:\Users\zenam\AppData\Local\Programs\Python\Python313\Lib\site-packages\django\template\base.py", line 1052, in render_annotated
    return self.render(context)
           ~~~~~~~~~~~^^^^^^^^^
  File "C:\Users\zenam\AppData\Local\Programs\Python\Python313\Lib\site-packages\django\template\loader_tags.py", line 211, in render
    return template.render(context)
           ~~~~~~~~~~~~~~~^^^^^^^^^
  File "C:\Users\zenam\AppData\Local\Programs\Python\Python313\Lib\site-packages\django\template\base.py", line 176, in render
    return self._render(context)
           ~~~~~~~~~~~~^^^^^^^^^
  File "C:\Users\zenam\AppData\Local\Programs\Python\Python313\Lib\site-packages\django\test\utils.py", line 114, in instrumented_test_render
    return self.nodelist.render(context)
           ~~~~~~~~~~~~~~~~~~~~^^^^^^^^^
  File "C:\Users\zenam\AppData\Local\Programs\Python\Python313\Lib\site-packages\django\template\base.py", line 1091, in render
    return SafeString("".join([node.render_annotated(context) for node in self]))
                               ~~~~~~~~~~~~~~~~~~~~~^^^^^^^^^
  File "C:\Users\zenam\AppData\Local\Programs\Python\Python313\Lib\site-packages\django\template\base.py", line 1052, in render_annotated
    return self.render(context)
           ~~~~~~~~~~~^^^^^^^^^
  File "C:\Users\zenam\AppData\Local\Programs\Python\Python313\Lib\site-packages\django\template\defaulttags.py", line 333, in render
    return nodelist.render(context)
           ~~~~~~~~~~~~~~~^^^^^^^^^
  File "C:\Users\zenam\AppData\Local\Programs\Python\Python313\Lib\site-packages\django\template\base.py", line 1091, in render
    return SafeString("".join([node.render_annotated(context) for node in self]))
                               ~~~~~~~~~~~~~~~~~~~~~^^^^^^^^^
  File "C:\Users\zenam\AppData\Local\Programs\Python\Python313\Lib\site-packages\django\template\base.py", line 1052, in render_annotated
    return self.render(context)
           ~~~~~~~~~~~^^^^^^^^^
  File "C:\Users\zenam\AppData\Local\Programs\Python\Python313\Lib\site-packages\django\template\defaulttags.py", line 333, in render
    return nodelist.render(context)
           ~~~~~~~~~~~~~~~^^^^^^^^^
  File "C:\Users\zenam\AppData\Local\Programs\Python\Python313\Lib\site-packages\django\template\base.py", line 1091, in render
    return SafeString("".join([node.render_annotated(context) for node in self]))
                               ~~~~~~~~~~~~~~~~~~~~~^^^^^^^^^
  File "C:\Users\zenam\AppData\Local\Programs\Python\Python313\Lib\site-packages\django\template\base.py", line 1052, in render_annotated
    return self.render(context)
           ~~~~~~~~~~~^^^^^^^^^
  File "C:\Users\zenam\AppData\Local\Programs\Python\Python313\Lib\site-packages\django\template\base.py", line 1150, in render
    output = self.filter_expression.resolve(context)
  File "C:\Users\zenam\AppData\Local\Programs\Python\Python313\Lib\site-packages\django\template\base.py", line 788, in resolve
    obj = self.var.resolve(context)
  File "C:\Users\zenam\AppData\Local\Programs\Python\Python313\Lib\site-packages\django\template\base.py", line 928, in resolve
    value = self._resolve_lookup(context)
  File "C:\Users\zenam\AppData\Local\Programs\Python\Python313\Lib\site-packages\django\template\base.py", line 976, in _resolve_lookup
    current = getattr(current, bit)
  File "C:\Users\zenam\AppData\Local\Programs\Python\Python313\Lib\site-packages\debug_toolbar\panels\__init__.py", line 110, in content
    return render_to_string(self.template, self.get_stats())
  File "C:\Users\zenam\AppData\Local\Programs\Python\Python313\Lib\site-packages\django\template\loader.py", line 62, in render_to_string
    return template.render(context, request)
           ~~~~~~~~~~~~~~~^^^^^^^^^^^^^^^^^^
  File "C:\Users\zenam\AppData\Local\Programs\Python\Python313\Lib\site-packages\django\template\backends\django.py", line 107, in render
    return self.template.render(context)
           ~~~~~~~~~~~~~~~~~~~~^^^^^^^^^
  File "C:\Users\zenam\AppData\Local\Programs\Python\Python313\Lib\site-packages\django\template\base.py", line 174, in render
    return self._render(context)
           ~~~~~~~~~~~~^^^^^^^^^
  File "C:\Users\zenam\AppData\Local\Programs\Python\Python313\Lib\site-packages\django\test\utils.py", line 114, in instrumented_test_render
    return self.nodelist.render(context)
           ~~~~~~~~~~~~~~~~~~~~^^^^^^^^^
  File "C:\Users\zenam\AppData\Local\Programs\Python\Python313\Lib\site-packages\django\template\base.py", line 1091, in render
    return SafeString("".join([node.render_annotated(context) for node in self]))
                               ~~~~~~~~~~~~~~~~~~~~~^^^^^^^^^
  File "C:\Users\zenam\AppData\Local\Programs\Python\Python313\Lib\site-packages\django\template\base.py", line 1052, in render_annotated
    return self.render(context)
           ~~~~~~~~~~~^^^^^^^^^
  File "C:\Users\zenam\AppData\Local\Programs\Python\Python313\Lib\site-packages\django\template\defaulttags.py", line 333, in render
    return nodelist.render(context)
           ~~~~~~~~~~~~~~~^^^^^^^^^
  File "C:\Users\zenam\AppData\Local\Programs\Python\Python313\Lib\site-packages\django\template\base.py", line 1091, in render
    return SafeString("".join([node.render_annotated(context) for node in self]))
                               ~~~~~~~~~~~~~~~~~~~~~^^^^^^^^^
  File "C:\Users\zenam\AppData\Local\Programs\Python\Python313\Lib\site-packages\django\template\base.py", line 1052, in render_annotated
    return self.render(context)
           ~~~~~~~~~~~^^^^^^^^^
  File "C:\Users\zenam\AppData\Local\Programs\Python\Python313\Lib\site-packages\django\template\defaulttags.py", line 249, in render
    nodelist.append(node.render_annotated(context))
                    ~~~~~~~~~~~~~~~~~~~~~^^^^^^^^^
  File "C:\Users\zenam\AppData\Local\Programs\Python\Python313\Lib\site-packages\django\template\base.py", line 1052, in render_annotated
    return self.render(context)
           ~~~~~~~~~~~^^^^^^^^^
  File "C:\Users\zenam\AppData\Local\Programs\Python\Python313\Lib\site-packages\django\template\defaulttags.py", line 333, in render
    return nodelist.render(context)
           ~~~~~~~~~~~~~~~^^^^^^^^^
  File "C:\Users\zenam\AppData\Local\Programs\Python\Python313\Lib\site-packages\django\template\base.py", line 1091, in render
    return SafeString("".join([node.render_annotated(context) for node in self]))
                               ~~~~~~~~~~~~~~~~~~~~~^^^^^^^^^
  File "C:\Users\zenam\AppData\Local\Programs\Python\Python313\Lib\site-packages\django\template\base.py", line 1052, in render_annotated
    return self.render(context)
           ~~~~~~~~~~~^^^^^^^^^
  File "C:\Users\zenam\AppData\Local\Programs\Python\Python313\Lib\site-packages\django\template\defaulttags.py", line 333, in render
    return nodelist.render(context)
           ~~~~~~~~~~~~~~~^^^^^^^^^
  File "C:\Users\zenam\AppData\Local\Programs\Python\Python313\Lib\site-packages\django\template\base.py", line 1091, in render
    return SafeString("".join([node.render_annotated(context) for node in self]))
                               ~~~~~~~~~~~~~~~~~~~~~^^^^^^^^^
  File "C:\Users\zenam\AppData\Local\Programs\Python\Python313\Lib\site-packages\django\template\base.py", line 1052, in render_annotated
    return self.render(context)
           ~~~~~~~~~~~^^^^^^^^^
  File "C:\Users\zenam\AppData\Local\Programs\Python\Python313\Lib\site-packages\django\template\defaulttags.py", line 511, in render
    url = reverse(view_name, args=args, kwargs=kwargs, current_app=current_app)
  File "C:\Users\zenam\AppData\Local\Programs\Python\Python313\Lib\site-packages\django\urls\base.py", line 92, in reverse
    raise NoReverseMatch("%s is not a registered namespace" % key)
django.urls.exceptions.NoReverseMatch: 'djdt' is not a registered namespace
INFO 2026-10-05 14:51:18,483 middleware Request GET /1/ by Anonymous in 15.64 ms | groups=Anonymous | status=200
ERROR 2026-10-05 14:51:18,510 log Internal Server Error: /1/
Traceback (most recent call last):
  File "C:\Users\zenam\AppData\Local\Programs\Python\Python313\Lib\site-packages\django\template\base.py", line 964, in _resolve_lookup
    raise TypeError
TypeError

During handling of the above exception, another exception occurred:

Traceback (most recent call last):
  File "C:\Users\zenam\AppData\Local\Programs\Python\Python313\Lib\site-packages\django\urls\base.py", line 81, in reverse
    extra, resolver = resolver.namespace_dict[ns]
                      ~~~~~~~~~~~~~~~~~~~~~~~^^^^
KeyError: 'djdt'

During handling of the above exception, another exception occurred:

Traceback (most recent call last):
  File "C:\Users\zenam\AppData\Local\Programs\Python\Python313\Lib\site-packages\django\core\handlers\exception.py", line 55, in inner
    response = get_response(request)
  File "C:\Users\zenam\AppData\Local\Programs\Python\Python313\Lib\site-packages\debug_toolbar\middleware.py", line 130, in __call__
    return self._postprocess(request, response, toolbar)
           ~~~~~~~~~~~~~~~~~^^^^^^^^^^^^^^^^^^^^^^^^^^^^
  File "C:\Users\zenam\AppData\Local\Programs\Python\Python313\Lib\site-packages\debug_toolbar\middleware.py", line 172, in _postprocess
    rendered = toolbar.render_toolbar()
  File "C:\Users\zenam\AppData\Local\Programs\Python\Python313\Lib\site-packages\debug_toolbar\toolbar.py", line 96, in render_toolbar
    return render_to_string("debug_toolbar/base.html", context)
  File "C:\Users\zenam\AppData\Local\Programs\Python\Python313\Lib\site-packages\django\template\loader.py", line 62, in render_to_string
    return template.render(context, request)
           ~~~~~~~~~~~~~~~^^^^^^^^^^^^^^^^^^
  File "C:\Users\zenam\AppData\Local\Programs\Python\Python313\Lib\site-packages\django\template\backends\django.py", line 107, in render
    return self.template.render(context)
           ~~~~~~~~~~~~~~~~~~~~^^^^^^^^^
  File "C:\Users\zenam\AppData\Local\Programs\Python\Python313\Lib\site-packages\django\template\base.py", line 174, in render
    return self._render(context)
           ~~~~~~~~~~~~^^^^^^^^^
  File "C:\Users\zenam\AppData\Local\Programs\Python\Python313\Lib\site-packages\django\test\utils.py", line 114, in instrumented_test_render
    return self.nodelist.render(context)
           ~~~~~~~~~~~~~~~~~~~~^^^^^^^^^
  File "C:\Users\zenam\AppData\Local\Programs\Python\Python313\Lib\site-packages\django\template\base.py", line 1091, in render
    return SafeString("".join([node.render_annotated(context) for node in self]))
                               ~~~~~~~~~~~~~~~~~~~~~^^^^^^^^^
  File "C:\Users\zenam\AppData\Local\Programs\Python\Python313\Lib\site-packages\django\template\base.py", line 1052, in render_annotated
    return self.render(context)
           ~~~~~~~~~~~^^^^^^^^^
  File "C:\Users\zenam\AppData\Local\Programs\Python\Python313\Lib\site-packages\django\template\defaulttags.py", line 249, in render
    nodelist.append(node.render_annotated(context))
                    ~~~~~~~~~~~~~~~~~~~~~^^^^^^^^^
  File "C:\Users\zenam\AppData\Local\Programs\Python\Python313\Lib\site-packages\django\template\base.py", line 1052, in render_annotated
    return self.render(context)
           ~~~~~~~~~~~^^^^^^^^^
  File "C:\Users\zenam\AppData\Local\Programs\Python\Python313\Lib\site-packages\django\template\loader_tags.py", line 211, in render
    return template.render(context)
           ~~~~~~~~~~~~~~~^^^^^^^^^
  File "C:\Users\zenam\AppData\Local\Programs\Python\Python313\Lib\site-packages\django\template\base.py", line 176, in render
    return self._render(context)
           ~~~~~~~~~~~~^^^^^^^^^
  File "C:\Users\zenam\AppData\Local\Programs\Python\Python313\Lib\site-packages\django\test\utils.py", line 114, in instrumented_test_render
    return self.nodelist.render(context)
           ~~~~~~~~~~~~~~~~~~~~^^^^^^^^^
  File "C:\Users\zenam\AppData\Local\Programs\Python\Python313\Lib\site-packages\django\template\base.py", line 1091, in render
    return SafeString("".join([node.render_annotated(context) for node in self]))
                               ~~~~~~~~~~~~~~~~~~~~~^^^^^^^^^
  File "C:\Users\zenam\AppData\Local\Programs\Python\Python313\Lib\site-packages\django\template\base.py", line 1052, in render_annotated
    return self.render(context)
           ~~~~~~~~~~~^^^^^^^^^
  File "C:\Users\zenam\AppData\Local\Programs\Python\Python313\Lib\site-packages\django\template\defaulttags.py", line 333, in render
    return nodelist.render(context)
           ~~~~~~~~~~~~~~~^^^^^^^^^
  File "C:\Users\zenam\AppData\Local\Programs\Python\Python313\Lib\site-packages\django\template\base.py", line 1091, in render
    return SafeString("".join([node.render_annotated(context) for node in self]))
                               ~~~~~~~~~~~~~~~~~~~~~^^^^^^^^^
  File "C:\Users\zenam\AppData\Local\Programs\Python\Python313\Lib\site-packages\django\template\base.py", line 1052, in render_annotated
    return self.render(context)
           ~~~~~~~~~~~^^^^^^^^^
  File "C:\Users\zenam\AppData\Local\Programs\Python\Python313\Lib\site-packages\django\template\defaulttags.py", line 333, in render
    return nodelist.render(context)
           ~~~~~~~~~~~~~~~^^^^^^^^^
  File "C:\Users\zenam\AppData\Local\Programs\Python\Python313\Lib\site-packages\django\template\base.py", line 1091, in render
    return SafeString("".join([node.render_annotated(context) for node in self]))
                               ~~~~~~~~~~~~~~~~~~~~~^^^^^^^^^
  File "C:\Users\zenam\AppData\Local\Programs\Python\Python313\Lib\site-packages\django\template\base.py", line 1052, in render_annotated
    return self.render(context)
           ~~~~~~~~~~~^^^^^^^^^
  File "C:\Users\zenam\AppData\Local\Programs\Python\Python313\Lib\site-packages\django\template\base.py", line 1150, in render
    output = self.filter_expression.resolve(context)
  File "C:\Users\zenam\AppData\Local\Programs\Python\Python313\Lib\site-packages\django\template\base.py", line 788, in resolve
    obj = self.var.resolve(context)
  File "C:\Users\zenam\AppData\Local\Programs\Python\Python313\Lib\site-packages\django\template\base.py", line 928, in resolve
    value = self._resolve_lookup(context)
  File "C:\Users\zenam\AppData\Local\Programs\Python\Python313\Lib\site-packages\django\template\base.py", line 976, in _resolve_lookup
    current = getattr(current, bit)
  File "C:\Users\zenam\AppData\Local\Programs\Python\Python313\Lib\site-packages\debug_toolbar\panels\__init__.py", line 110, in content
    return render_to_string(self.template, self.get_stats())
  File "C:\Users\zenam\AppData\Local\Programs\Python\Python313\Lib\site-packages\django\template\loader.py", line 62, in render_to_string
    return template.render(context, request)
           ~~~~~~~~~~~~~~~^^^^^^^^^^^^^^^^^^
  File "C:\Users\zenam\AppData\Local\Programs\Python\Python313\Lib\site-packages\django\template\backends\django.py", line 107, in render
    return self.template.render(context)
           ~~~~~~~~~~~~~~~~~~~~^^^^^^^^^
  File "C:\Users\zenam\AppData\Local\Programs\Python\Python313\Lib\site-packages\django\template\base.py", line 174, in render
    return self._render(context)
           ~~~~~~~~~~~~^^^^^^^^^
  File "C:\Users\zenam\AppData\Local\Programs\Python\Python313\Lib\site-packages\django\test\utils.py", line 114, in instrumented_test_render
    return self.nodelist.render(context)
           ~~~~~~~~~~~~~~~~~~~~^^^^^^^^^
  File "C:\Users\zenam\AppData\Local\Programs\Python\Python313\Lib\site-packages\django\template\base.py", line 1091, in render
    return SafeString("".join([node.render_annotated(context) for node in self]))
                               ~~~~~~~~~~~~~~~~~~~~~^^^^^^^^^
  File "C:\Users\zenam\AppData\Local\Programs\Python\Python313\Lib\site-packages\django\template\base.py", line 1052, in render_annotated
    return self.render(context)
           ~~~~~~~~~~~^^^^^^^^^
  File "C:\Users\zenam\AppData\Local\Programs\Python\Python313\Lib\site-packages\django\template\defaulttags.py", line 333, in render
    return nodelist.render(context)
           ~~~~~~~~~~~~~~~^^^^^^^^^
  File "C:\Users\zenam\AppData\Local\Programs\Python\Python313\Lib\site-packages\django\template\base.py", line 1091, in render
    return SafeString("".join([node.render_annotated(context) for node in self]))
                               ~~~~~~~~~~~~~~~~~~~~~^^^^^^^^^
  File "C:\Users\zenam\AppData\Local\Programs\Python\Python313\Lib\site-packages\django\template\base.py", line 1052, in render_annotated
    return self.render(context)
           ~~~~~~~~~~~^^^^^^^^^
  File "C:\Users\zenam\AppData\Local\Programs\Python\Python313\Lib\site-packages\django\template\defaulttags.py", line 249, in render
    nodelist.append(node.render_annotated(context))
                    ~~~~~~~~~~~~~~~~~~~~~^^^^^^^^^
  File "C:\Users\zenam\AppData\Local\Programs\Python\Python313\Lib\site-packages\django\template\base.py", line 1052, in render_annotated
    return self.render(context)
           ~~~~~~~~~~~^^^^^^^^^
  File "C:\Users\zenam\AppData\Local\Programs\Python\Python313\Lib\site-packages\django\template\defaulttags.py", line 333, in render
    return nodelist.render(context)
           ~~~~~~~~~~~~~~~^^^^^^^^^
  File "C:\Users\zenam\AppData\Local\Programs\Python\Python313\Lib\site-packages\django\template\base.py", line 1091, in render
    return SafeString("".join([node.render_annotated(context) for node in self]))
                               ~~~~~~~~~~~~~~~~~~~~~^^^^^^^^^
  File "C:\Users\zenam\AppData\Local\Programs\Python\Python313\Lib\site-packages\django\template\base.py", line 1052, in render_annotated
    return self.render(context)
           ~~~~~~~~~~~^^^^^^^^^
  File "C:\Users\zenam\AppData\Local\Programs\Python\Python313\Lib\site-packages\django\template\defaulttags.py", line 333, in render
    return nodelist.render(context)
           ~~~~~~~~~~~~~~~^^^^^^^^^
  File "C:\Users\zenam\AppData\Local\Programs\Python\Python313\Lib\site-packages\django\template\base.py", line 1091, in render
    return SafeString("".join([node.render_annotated(context) for node in self]))
                               ~~~~~~~~~~~~~~~~~~~~~^^^^^^^^^
  File "C:\Users\zenam\AppData\Local\Programs\Python\Python313\Lib\site-packages\django\template\base.py", line 1052, in render_annotated
    return self.render(context)
           ~~~~~~~~~~~^^^^^^^^^
  File "C:\Users\zenam\AppData\Local\Programs\Python\Python313\Lib\site-packages\django\template\defaulttags.py", line 511, in render
    url = reverse(view_name, args=args, kwargs=kwargs, current_app=current_app)
  File "C:\Users\zenam\AppData\Local\Programs\Python\Python313\Lib\site-packages\django\urls\base.py", line 92, in reverse
    raise NoReverseMatch("%s is not a registered namespace" % key)
django.urls.exceptions.NoReverseMatch: 'djdt' is not a registered namespace
INFO 2026-10-05 14:51:19,190 middleware Request POST /cart/add/1/ by Anonymous in 7.64 ms | groups=Anonymous | status=302
ERROR 2026-10-05 14:51:19,223 log Internal Server Error: /cart/add/1/
Traceback (most recent call last):
  File "C:\Users\zenam\AppData\Local\Programs\Python\Python313\Lib\site-packages\django\template\base.py", line 964, in _resolve_lookup
    raise TypeError
TypeError

During handling of the above exception, another exception occurred:

Traceback (most recent call last):
  File "C:\Users\zenam\AppData\Local\Programs\Python\Python313\Lib\site-packages\django\urls\base.py", line 81, in reverse
    extra, resolver = resolver.namespace_dict[ns]
                      ~~~~~~~~~~~~~~~~~~~~~~~^^^^
KeyError: 'djdt'

During handling of the above exception, another exception occurred:

Traceback (most recent call last):
  File "C:\Users\zenam\AppData\Local\Programs\Python\Python313\Lib\site-packages\django\core\handlers\exception.py", line 55, in inner
    response = get_response(request)
  File "C:\Users\zenam\AppData\Local\Programs\Python\Python313\Lib\site-packages\debug_toolbar\middleware.py", line 130, in __call__
    return self._postprocess(request, response, toolbar)
           ~~~~~~~~~~~~~~~~~^^^^^^^^^^^^^^^^^^^^^^^^^^^^
  File "C:\Users\zenam\AppData\Local\Programs\Python\Python313\Lib\site-packages\debug_toolbar\middleware.py", line 172, in _postprocess
    rendered = toolbar.render_toolbar()
  File "C:\Users\zenam\AppData\Local\Programs\Python\Python313\Lib\site-packages\debug_toolbar\toolbar.py", line 96, in render_toolbar
    return render_to_string("debug_toolbar/base.html", context)
  File "C:\Users\zenam\AppData\Local\Programs\Python\Python313\Lib\site-packages\django\template\loader.py", line 62, in render_to_string
    return template.render(context, request)
           ~~~~~~~~~~~~~~~^^^^^^^^^^^^^^^^^^
  File "C:\Users\zenam\AppData\Local\Programs\Python\Python313\Lib\site-packages\django\template\backends\django.py", line 107, in render
    return self.template.render(context)
           ~~~~~~~~~~~~~~~~~~~~^^^^^^^^^
  File "C:\Users\zenam\AppData\Local\Programs\Python\Python313\Lib\site-packages\django\template\base.py", line 174, in render
    return self._render(context)
           ~~~~~~~~~~~~^^^^^^^^^
  File "C:\Users\zenam\AppData\Local\Programs\Python\Python313\Lib\site-packages\django\test\utils.py", line 114, in instrumented_test_render
    return self.nodelist.render(context)
           ~~~~~~~~~~~~~~~~~~~~^^^^^^^^^
  File "C:\Users\zenam\AppData\Local\Programs\Python\Python313\Lib\site-packages\django\template\base.py", line 1091, in render
    return SafeString("".join([node.render_annotated(context) for node in self]))
                               ~~~~~~~~~~~~~~~~~~~~~^^^^^^^^^
  File "C:\Users\zenam\AppData\Local\Programs\Python\Python313\Lib\site-packages\django\template\base.py", line 1052, in render_annotated
    return self.render(context)
           ~~~~~~~~~~~^^^^^^^^^
  File "C:\Users\zenam\AppData\Local\Programs\Python\Python313\Lib\site-packages\django\template\defaulttags.py", line 249, in render
    nodelist.append(node.render_annotated(context))
                    ~~~~~~~~~~~~~~~~~~~~~^^^^^^^^^
  File "C:\Users\zenam\AppData\Local\Programs\Python\Python313\Lib\site-packages\django\template\base.py", line 1052, in render_annotated
    return self.render(context)
           ~~~~~~~~~~~^^^^^^^^^
  File "C:\Users\zenam\AppData\Local\Programs\Python\Python313\Lib\site-packages\django\template\loader_tags.py", line 211, in render
    return template.render(context)
           ~~~~~~~~~~~~~~~^^^^^^^^^
  File "C:\Users\zenam\AppData\Local\Programs\Python\Python313\Lib\site-packages\django\template\base.py", line 176, in render
    return self._render(context)
           ~~~~~~~~~~~~^^^^^^^^^
  File "C:\Users\zenam\AppData\Local\Programs\Python\Python313\Lib\site-packages\django\test\utils.py", line 114, in instrumented_test_render
    return self.nodelist.render(context)
           ~~~~~~~~~~~~~~~~~~~~^^^^^^^^^
  File "C:\Users\zenam\AppData\Local\Programs\Python\Python313\Lib\site-packages\django\template\base.py", line 1091, in render
    return SafeString("".join([node.render_annotated(context) for node in self]))
                               ~~~~~~~~~~~~~~~~~~~~~^^^^^^^^^
  File "C:\Users\zenam\AppData\Local\Programs\Python\Python313\Lib\site-packages\django\template\base.py", line 1052, in render_annotated
    return self.render(context)
           ~~~~~~~~~~~^^^^^^^^^
  File "C:\Users\zenam\AppData\Local\Programs\Python\Python313\Lib\site-packages\django\template\defaulttags.py", line 333, in render
    return nodelist.render(context)
           ~~~~~~~~~~~~~~~^^^^^^^^^
  File "C:\Users\zenam\AppData\Local\Programs\Python\Python313\Lib\site-packages\django\template\base.py", line 1091, in render
    return SafeString("".join([node.render_annotated(context) for node in self]))
                               ~~~~~~~~~~~~~~~~~~~~~^^^^^^^^^
  File "C:\Users\zenam\AppData\Local\Programs\Python\Python313\Lib\site-packages\django\template\base.py", line 1052, in render_annotated
    return self.render(context)
           ~~~~~~~~~~~^^^^^^^^^
  File "C:\Users\zenam\AppData\Local\Programs\Python\Python313\Lib\site-packages\django\template\defaulttags.py", line 333, in render
    return nodelist.render(context)
           ~~~~~~~~~~~~~~~^^^^^^^^^
  File "C:\Users\zenam\AppData\Local\Programs\Python\Python313\Lib\site-packages\django\template\base.py", line 1091, in render
    return SafeString("".join([node.render_annotated(context) for node in self]))
                               ~~~~~~~~~~~~~~~~~~~~~^^^^^^^^^
  File "C:\Users\zenam\AppData\Local\Programs\Python\Python313\Lib\site-packages\django\template\base.py", line 1052, in render_annotated
    return self.render(context)
           ~~~~~~~~~~~^^^^^^^^^
  File "C:\Users\zenam\AppData\Local\Programs\Python\Python313\Lib\site-packages\django\template\base.py", line 1150, in render
    output = self.filter_expression.resolve(context)
  File "C:\Users\zenam\AppData\Local\Programs\Python\Python313\Lib\site-packages\django\template\base.py", line 788, in resolve
    obj = self.var.resolve(context)
  File "C:\Users\zenam\AppData\Local\Programs\Python\Python313\Lib\site-packages\django\template\base.py", line 928, in resolve
    value = self._resolve_lookup(context)
  File "C:\Users\zenam\AppData\Local\Programs\Python\Python313\Lib\site-packages\django\template\base.py", line 976, in _resolve_lookup
    current = getattr(current, bit)
  File "C:\Users\zenam\AppData\Local\Programs\Python\Python313\Lib\site-packages\debug_toolbar\panels\__init__.py", line 110, in content
    return render_to_string(self.template, self.get_stats())
  File "C:\Users\zenam\AppData\Local\Programs\Python\Python313\Lib\site-packages\django\template\loader.py", line 62, in render_to_string
    return template.render(context, request)
           ~~~~~~~~~~~~~~~^^^^^^^^^^^^^^^^^^
  File "C:\Users\zenam\AppData\Local\Programs\Python\Python313\Lib\site-packages\django\template\backends\django.py", line 107, in render
    return self.template.render(context)
           ~~~~~~~~~~~~~~~~~~~~^^^^^^^^^
  File "C:\Users\zenam\AppData\Local\Programs\Python\Python313\Lib\site-packages\django\template\base.py", line 174, in render
    return self._render(context)
           ~~~~~~~~~~~~^^^^^^^^^
  File "C:\Users\zenam\AppData\Local\Programs\Python\Python313\Lib\site-packages\django\test\utils.py", line 114, in instrumented_test_render
    return self.nodelist.render(context)
           ~~~~~~~~~~~~~~~~~~~~^^^^^^^^^
  File "C:\Users\zenam\AppData\Local\Programs\Python\Python313\Lib\site-packages\django\template\base.py", line 1091, in render
    return SafeString("".join([node.render_annotated(context) for node in self]))
                               ~~~~~~~~~~~~~~~~~~~~~^^^^^^^^^
  File "C:\Users\zenam\AppData\Local\Programs\Python\Python313\Lib\site-packages\django\template\base.py", line 1052, in render_annotated
    return self.render(context)
           ~~~~~~~~~~~^^^^^^^^^
  File "C:\Users\zenam\AppData\Local\Programs\Python\Python313\Lib\site-packages\django\template\defaulttags.py", line 333, in render
    return nodelist.render(context)
           ~~~~~~~~~~~~~~~^^^^^^^^^
  File "C:\Users\zenam\AppData\Local\Programs\Python\Python313\Lib\site-packages\django\template\base.py", line 1091, in render
    return SafeString("".join([node.render_annotated(context) for node in self]))
                               ~~~~~~~~~~~~~~~~~~~~~^^^^^^^^^
  File "C:\Users\zenam\AppData\Local\Programs\Python\Python313\Lib\site-packages\django\template\base.py", line 1052, in render_annotated
    return self.render(context)
           ~~~~~~~~~~~^^^^^^^^^
  File "C:\Users\zenam\AppData\Local\Programs\Python\Python313\Lib\site-packages\django\template\defaulttags.py", line 249, in render
    nodelist.append(node.render_annotated(context))
                    ~~~~~~~~~~~~~~~~~~~~~^^^^^^^^^
  File "C:\Users\zenam\AppData\Local\Programs\Python\Python313\Lib\site-packages\django\template\base.py", line 1052, in render_annotated
    return self.render(context)
           ~~~~~~~~~~~^^^^^^^^^
  File "C:\Users\zenam\AppData\Local\Programs\Python\Python313\Lib\site-packages\django\template\defaulttags.py", line 333, in render
    return nodelist.render(context)
           ~~~~~~~~~~~~~~~^^^^^^^^^
  File "C:\Users\zenam\AppData\Local\Programs\Python\Python313\Lib\site-packages\django\template\base.py", line 1091, in render
    return SafeString("".join([node.render_annotated(context) for node in self]))
                               ~~~~~~~~~~~~~~~~~~~~~^^^^^^^^^
  File "C:\Users\zenam\AppData\Local\Programs\Python\Python313\Lib\site-packages\django\template\base.py", line 1052, in render_annotated
    return self.render(context)
           ~~~~~~~~~~~^^^^^^^^^
  File "C:\Users\zenam\AppData\Local\Programs\Python\Python313\Lib\site-packages\django\template\defaulttags.py", line 333, in render
    return nodelist.render(context)
           ~~~~~~~~~~~~~~~^^^^^^^^^
  File "C:\Users\zenam\AppData\Local\Programs\Python\Python313\Lib\site-packages\django\template\base.py", line 1091, in render
    return SafeString("".join([node.render_annotated(context) for node in self]))
                               ~~~~~~~~~~~~~~~~~~~~~^^^^^^^^^
  File "C:\Users\zenam\AppData\Local\Programs\Python\Python313\Lib\site-packages\django\template\base.py", line 1052, in render_annotated
    return self.render(context)
           ~~~~~~~~~~~^^^^^^^^^
  File "C:\Users\zenam\AppData\Local\Programs\Python\Python313\Lib\site-packages\django\template\defaulttags.py", line 511, in render
    url = reverse(view_name, args=args, kwargs=kwargs, current_app=current_app)
  File "C:\Users\zenam\AppData\Local\Programs\Python\Python313\Lib\site-packages\django\urls\base.py", line 92, in reverse
    raise NoReverseMatch("%s is not a registered namespace" % key)
django.urls.exceptions.NoReverseMatch: 'djdt' is not a registered namespace
INFO 2026-10-05 14:51:19,876 middleware Request POST /cart/add/1/ by Anonymous in 7.17 ms | groups=Anonymous | status=302
ERROR 2026-10-05 14:51:19,908 log Internal Server Error: /cart/add/1/
Traceback (most recent call last):
  File "C:\Users\zenam\AppData\Local\Programs\Python\Python313\Lib\site-packages\django\template\base.py", line 964, in _resolve_lookup
    raise TypeError
TypeError

During handling of the above exception, another exception occurred:

Traceback (most recent call last):
  File "C:\Users\zenam\AppData\Local\Programs\Python\Python313\Lib\site-packages\django\urls\base.py", line 81, in reverse
    extra, resolver = resolver.namespace_dict[ns]
                      ~~~~~~~~~~~~~~~~~~~~~~~^^^^
KeyError: 'djdt'

During handling of the above exception, another exception occurred:

Traceback (most recent call last):
  File "C:\Users\zenam\AppData\Local\Programs\Python\Python313\Lib\site-packages\django\core\handlers\exception.py", line 55, in inner
    response = get_response(request)
  File "C:\Users\zenam\AppData\Local\Programs\Python\Python313\Lib\site-packages\debug_toolbar\middleware.py", line 130, in __call__
    return self._postprocess(request, response, toolbar)
           ~~~~~~~~~~~~~~~~~^^^^^^^^^^^^^^^^^^^^^^^^^^^^
  File "C:\Users\zenam\AppData\Local\Programs\Python\Python313\Lib\site-packages\debug_toolbar\middleware.py", line 172, in _postprocess
    rendered = toolbar.render_toolbar()
  File "C:\Users\zenam\AppData\Local\Programs\Python\Python313\Lib\site-packages\debug_toolbar\toolbar.py", line 96, in render_toolbar
    return render_to_string("debug_toolbar/base.html", context)
  File "C:\Users\zenam\AppData\Local\Programs\Python\Python313\Lib\site-packages\django\template\loader.py", line 62, in render_to_string
    return template.render(context, request)
           ~~~~~~~~~~~~~~~^^^^^^^^^^^^^^^^^^
  File "C:\Users\zenam\AppData\Local\Programs\Python\Python313\Lib\site-packages\django\template\backends\django.py", line 107, in render
    return self.template.render(context)
           ~~~~~~~~~~~~~~~~~~~~^^^^^^^^^
  File "C:\Users\zenam\AppData\Local\Programs\Python\Python313\Lib\site-packages\django\template\base.py", line 174, in render
    return self._render(context)
           ~~~~~~~~~~~~^^^^^^^^^
  File "C:\Users\zenam\AppData\Local\Programs\Python\Python313\Lib\site-packages\django\test\utils.py", line 114, in instrumented_test_render
    return self.nodelist.render(context)
           ~~~~~~~~~~~~~~~~~~~~^^^^^^^^^
  File "C:\Users\zenam\AppData\Local\Programs\Python\Python313\Lib\site-packages\django\template\base.py", line 1091, in render
    return SafeString("".join([node.render_annotated(context) for node in self]))
                               ~~~~~~~~~~~~~~~~~~~~~^^^^^^^^^
  File "C:\Users\zenam\AppData\Local\Programs\Python\Python313\Lib\site-packages\django\template\base.py", line 1052, in render_annotated
    return self.render(context)
           ~~~~~~~~~~~^^^^^^^^^
  File "C:\Users\zenam\AppData\Local\Programs\Python\Python313\Lib\site-packages\django\template\defaulttags.py", line 249, in render
    nodelist.append(node.render_annotated(context))
                    ~~~~~~~~~~~~~~~~~~~~~^^^^^^^^^
  File "C:\Users\zenam\AppData\Local\Programs\Python\Python313\Lib\site-packages\django\template\base.py", line 1052, in render_annotated
    return self.render(context)
           ~~~~~~~~~~~^^^^^^^^^
  File "C:\Users\zenam\AppData\Local\Programs\Python\Python313\Lib\site-packages\django\template\loader_tags.py", line 211, in render
    return template.render(context)
           ~~~~~~~~~~~~~~~^^^^^^^^^
  File "C:\Users\zenam\AppData\Local\Programs\Python\Python313\Lib\site-packages\django\template\base.py", line 176, in render
    return self._render(context)
           ~~~~~~~~~~~~^^^^^^^^^
  File "C:\Users\zenam\AppData\Local\Programs\Python\Python313\Lib\site-packages\django\test\utils.py", line 114, in instrumented_test_render
    return self.nodelist.render(context)
           ~~~~~~~~~~~~~~~~~~~~^^^^^^^^^
  File "C:\Users\zenam\AppData\Local\Programs\Python\Python313\Lib\site-packages\django\template\base.py", line 1091, in render
    return SafeString("".join([node.render_annotated(context) for node in self]))
                               ~~~~~~~~~~~~~~~~~~~~~^^^^^^^^^
  File "C:\Users\zenam\AppData\Local\Programs\Python\Python313\Lib\site-packages\django\template\base.py", line 1052, in render_annotated
    return self.render(context)
           ~~~~~~~~~~~^^^^^^^^^
  File "C:\Users\zenam\AppData\Local\Programs\Python\Python313\Lib\site-packages\django\template\defaulttags.py", line 333, in render
    return nodelist.render(context)
           ~~~~~~~~~~~~~~~^^^^^^^^^
  File "C:\Users\zenam\AppData\Local\Programs\Python\Python313\Lib\site-packages\django\template\base.py", line 1091, in render
    return SafeString("".join([node.render_annotated(context) for node in self]))
                               ~~~~~~~~~~~~~~~~~~~~~^^^^^^^^^
  File "C:\Users\zenam\AppData\Local\Programs\Python\Python313\Lib\site-packages\django\template\base.py", line 1052, in render_annotated
    return self.render(context)
           ~~~~~~~~~~~^^^^^^^^^
  File "C:\Users\zenam\AppData\Local\Programs\Python\Python313\Lib\site-packages\django\template\defaulttags.py", line 333, in render
    return nodelist.render(context)
           ~~~~~~~~~~~~~~~^^^^^^^^^
  File "C:\Users\zenam\AppData\Local\Programs\Python\Python313\Lib\site-packages\django\template\base.py", line 1091, in render
    return SafeString("".join([node.render_annotated(context) for node in self]))
                               ~~~~~~~~~~~~~~~~~~~~~^^^^^^^^^
  File "C:\Users\zenam\AppData\Local\Programs\Python\Python313\Lib\site-packages\django\template\base.py", line 1052, in render_annotated
    return self.render(context)
           ~~~~~~~~~~~^^^^^^^^^
  File "C:\Users\zenam\AppData\Local\Programs\Python\Python313\Lib\site-packages\django\template\base.py", line 1150, in render
    output = self.filter_expression.resolve(context)
  File "C:\Users\zenam\AppData\Local\Programs\Python\Python313\Lib\site-packages\django\template\base.py", line 788, in resolve
    obj = self.var.resolve(context)
  File "C:\Users\zenam\AppData\Local\Programs\Python\Python313\Lib\site-packages\django\template\base.py", line 928, in resolve
    value = self._resolve_lookup(context)
  File "C:\Users\zenam\AppData\Local\Programs\Python\Python313\Lib\site-packages\django\template\base.py", line 976, in _resolve_lookup
    current = getattr(current, bit)
  File "C:\Users\zenam\AppData\Local\Programs\Python\Python313\Lib\site-packages\debug_toolbar\panels\__init__.py", line 110, in content
    return render_to_string(self.template, self.get_stats())
  File "C:\Users\zenam\AppData\Local\Programs\Python\Python313\Lib\site-packages\django\template\loader.py", line 62, in render_to_string
    return template.render(context, request)
           ~~~~~~~~~~~~~~~^^^^^^^^^^^^^^^^^^
  File "C:\Users\zenam\AppData\Local\Programs\Python\Python313\Lib\site-packages\django\template\backends\django.py", line 107, in render
    return self.template.render(context)
           ~~~~~~~~~~~~~~~~~~~~^^^^^^^^^
  File "C:\Users\zenam\AppData\Local\Programs\Python\Python313\Lib\site-packages\django\template\base.py", line 174, in render
    return self._render(context)
           ~~~~~~~~~~~~^^^^^^^^^
  File "C:\Users\zenam\AppData\Local\Programs\Python\Python313\Lib\site-packages\django\test\utils.py", line 114, in instrumented_test_render
    return self.nodelist.render(context)
           ~~~~~~~~~~~~~~~~~~~~^^^^^^^^^
  File "C:\Users\zenam\AppData\Local\Programs\Python\Python313\Lib\site-packages\django\template\base.py", line 1091, in render
    return SafeString("".join([node.render_annotated(context) for node in self]))
                               ~~~~~~~~~~~~~~~~~~~~~^^^^^^^^^
  File "C:\Users\zenam\AppData\Local\Programs\Python\Python313\Lib\site-packages\django\template\base.py", line 1052, in render_annotated
    return self.render(context)
           ~~~~~~~~~~~^^^^^^^^^
  File "C:\Users\zenam\AppData\Local\Programs\Python\Python313\Lib\site-packages\django\template\defaulttags.py", line 333, in render
    return nodelist.render(context)
           ~~~~~~~~~~~~~~~^^^^^^^^^
  File "C:\Users\zenam\AppData\Local\Programs\Python\Python313\Lib\site-packages\django\template\base.py", line 1091, in render
    return SafeString("".join([node.render_annotated(context) for node in self]))
                               ~~~~~~~~~~~~~~~~~~~~~^^^^^^^^^
  File "C:\Users\zenam\AppData\Local\Programs\Python\Python313\Lib\site-packages\django\template\base.py", line 1052, in render_annotated
    return self.render(context)
           ~~~~~~~~~~~^^^^^^^^^
  File "C:\Users\zenam\AppData\Local\Programs\Python\Python313\Lib\site-packages\django\template\defaulttags.py", line 249, in render
    nodelist.append(node.render_annotated(context))
                    ~~~~~~~~~~~~~~~~~~~~~^^^^^^^^^
  File "C:\Users\zenam\AppData\Local\Programs\Python\Python313\Lib\site-packages\django\template\base.py", line 1052, in render_annotated
    return self.render(context)
           ~~~~~~~~~~~^^^^^^^^^
  File "C:\Users\zenam\AppData\Local\Programs\Python\Python313\Lib\site-packages\django\template\defaulttags.py", line 333, in render
    return nodelist.render(context)
           ~~~~~~~~~~~~~~~^^^^^^^^^
  File "C:\Users\zenam\AppData\Local\Programs\Python\Python313\Lib\site-packages\django\template\base.py", line 1091, in render
    return SafeString("".join([node.render_annotated(context) for node in self]))
                               ~~~~~~~~~~~~~~~~~~~~~^^^^^^^^^
  File "C:\Users\zenam\AppData\Local\Programs\Python\Python313\Lib\site-packages\django\template\base.py", line 1052, in render_annotated
    return self.render(context)
           ~~~~~~~~~~~^^^^^^^^^
  File "C:\Users\zenam\AppData\Local\Programs\Python\Python313\Lib\site-packages\django\template\defaulttags.py", line 333, in render
    return nodelist.render(context)
           ~~~~~~~~~~~~~~~^^^^^^^^^
  File "C:\Users\zenam\AppData\Local\Programs\Python\Python313\Lib\site-packages\django\template\base.py", line 1091, in render
    return SafeString("".join([node.render_annotated(context) for node in self]))
                               ~~~~~~~~~~~~~~~~~~~~~^^^^^^^^^
  File "C:\Users\zenam\AppData\Local\Programs\Python\Python313\Lib\site-packages\django\template\base.py", line 1052, in render_annotated
    return self.render(context)
           ~~~~~~~~~~~^^^^^^^^^
  File "C:\Users\zenam\AppData\Local\Programs\Python\Python313\Lib\site-packages\django\template\defaulttags.py", line 511, in render
    url = reverse(view_name, args=args, kwargs=kwargs, current_app=current_app)
  File "C:\Users\zenam\AppData\Local\Programs\Python\Python313\Lib\site-packages\django\urls\base.py", line 92, in reverse
    raise NoReverseMatch("%s is not a registered namespace" % key)
django.urls.exceptions.NoReverseMatch: 'djdt' is not a registered namespace
INFO 2026-10-05 14:51:20,651 middleware Request POST /cart/add/1/ by Anonymous in 8.05 ms | groups=Anonymous | status=302
ERROR 2026-10-05 14:51:20,682 log Internal Server Error: /cart/add/1/
Traceback (most recent call last):
  File "C:\Users\zenam\AppData\Local\Programs\Python\Python313\Lib\site-packages\django\template\base.py", line 964, in _resolve_lookup
    raise TypeError
TypeError

During handling of the above exception, another exception occurred:

Traceback (most recent call last):
  File "C:\Users\zenam\AppData\Local\Programs\Python\Python313\Lib\site-packages\django\urls\base.py", line 81, in reverse
    extra, resolver = resolver.namespace_dict[ns]
                      ~~~~~~~~~~~~~~~~~~~~~~~^^^^
KeyError: 'djdt'

During handling of the above exception, another exception occurred:

Traceback (most recent call last):
  File "C:\Users\zenam\AppData\Local\Programs\Python\Python313\Lib\site-packages\django\core\handlers\exception.py", line 55, in inner
    response = get_response(request)
  File "C:\Users\zenam\AppData\Local\Programs\Python\Python313\Lib\site-packages\debug_toolbar\middleware.py", line 130, in __call__
    return self._postprocess(request, response, toolbar)
           ~~~~~~~~~~~~~~~~~^^^^^^^^^^^^^^^^^^^^^^^^^^^^
  File "C:\Users\zenam\AppData\Local\Programs\Python\Python313\Lib\site-packages\debug_toolbar\middleware.py", line 172, in _postprocess
    rendered = toolbar.render_toolbar()
  File "C:\Users\zenam\AppData\Local\Programs\Python\Python313\Lib\site-packages\debug_toolbar\toolbar.py", line 96, in render_toolbar
    return render_to_string("debug_toolbar/base.html", context)
  File "C:\Users\zenam\AppData\Local\Programs\Python\Python313\Lib\site-packages\django\template\loader.py", line 62, in render_to_string
    return template.render(context, request)
           ~~~~~~~~~~~~~~~^^^^^^^^^^^^^^^^^^
  File "C:\Users\zenam\AppData\Local\Programs\Python\Python313\Lib\site-packages\django\template\backends\django.py", line 107, in render
    return self.template.render(context)
           ~~~~~~~~~~~~~~~~~~~~^^^^^^^^^
  File "C:\Users\zenam\AppData\Local\Programs\Python\Python313\Lib\site-packages\django\template\base.py", line 174, in render
    return self._render(context)
           ~~~~~~~~~~~~^^^^^^^^^
  File "C:\Users\zenam\AppData\Local\Programs\Python\Python313\Lib\site-packages\django\test\utils.py", line 114, in instrumented_test_render
    return self.nodelist.render(context)
           ~~~~~~~~~~~~~~~~~~~~^^^^^^^^^
  File "C:\Users\zenam\AppData\Local\Programs\Python\Python313\Lib\site-packages\django\template\base.py", line 1091, in render
    return SafeString("".join([node.render_annotated(context) for node in self]))
                               ~~~~~~~~~~~~~~~~~~~~~^^^^^^^^^
  File "C:\Users\zenam\AppData\Local\Programs\Python\Python313\Lib\site-packages\django\template\base.py", line 1052, in render_annotated
    return self.render(context)
           ~~~~~~~~~~~^^^^^^^^^
  File "C:\Users\zenam\AppData\Local\Programs\Python\Python313\Lib\site-packages\django\template\defaulttags.py", line 249, in render
    nodelist.append(node.render_annotated(context))
                    ~~~~~~~~~~~~~~~~~~~~~^^^^^^^^^
  File "C:\Users\zenam\AppData\Local\Programs\Python\Python313\Lib\site-packages\django\template\base.py", line 1052, in render_annotated
    return self.render(context)
           ~~~~~~~~~~~^^^^^^^^^
  File "C:\Users\zenam\AppData\Local\Programs\Python\Python313\Lib\site-packages\django\template\loader_tags.py", line 211, in render
    return template.render(context)
           ~~~~~~~~~~~~~~~^^^^^^^^^
  File "C:\Users\zenam\AppData\Local\Programs\Python\Python313\Lib\site-packages\django\template\base.py", line 176, in render
    return self._render(context)
           ~~~~~~~~~~~~^^^^^^^^^
  File "C:\Users\zenam\AppData\Local\Programs\Python\Python313\Lib\site-packages\django\test\utils.py", line 114, in instrumented_test_render
    return self.nodelist.render(context)
           ~~~~~~~~~~~~~~~~~~~~^^^^^^^^^
  File "C:\Users\zenam\AppData\Local\Programs\Python\Python313\Lib\site-packages\django\template\base.py", line 1091, in render
    return SafeString("".join([node.render_annotated(context) for node in self]))
                               ~~~~~~~~~~~~~~~~~~~~~^^^^^^^^^
  File "C:\Users\zenam\AppData\Local\Programs\Python\Python313\Lib\site-packages\django\template\base.py", line 1052, in render_annotated
    return self.render(context)
           ~~~~~~~~~~~^^^^^^^^^
  File "C:\Users\zenam\AppData\Local\Programs\Python\Python313\Lib\site-packages\django\template\defaulttags.py", line 333, in render
    return nodelist.render(context)
           ~~~~~~~~~~~~~~~^^^^^^^^^
  File "C:\Users\zenam\AppData\Local\Programs\Python\Python313\Lib\site-packages\django\template\base.py", line 1091, in render
    return SafeString("".join([node.render_annotated(context) for node in self]))
                               ~~~~~~~~~~~~~~~~~~~~~^^^^^^^^^
  File "C:\Users\zenam\AppData\Local\Programs\Python\Python313\Lib\site-packages\django\template\base.py", line 1052, in render_annotated
    return self.render(context)
           ~~~~~~~~~~~^^^^^^^^^
  File "C:\Users\zenam\AppData\Local\Programs\Python\Python313\Lib\site-packages\django\template\defaulttags.py", line 333, in render
    return nodelist.render(context)
           ~~~~~~~~~~~~~~~^^^^^^^^^
  File "C:\Users\zenam\AppData\Local\Programs\Python\Python313\Lib\site-packages\django\template\base.py", line 1091, in render
    return SafeString("".join([node.render_annotated(context) for node in self]))
                               ~~~~~~~~~~~~~~~~~~~~~^^^^^^^^^
  File "C:\Users\zenam\AppData\Local\Programs\Python\Python313\Lib\site-packages\django\template\base.py", line 1052, in render_annotated
    return self.render(context)
           ~~~~~~~~~~~^^^^^^^^^
  File "C:\Users\zenam\AppData\Local\Programs\Python\Python313\Lib\site-packages\django\template\base.py", line 1150, in render
    output = self.filter_expression.resolve(context)
  File "C:\Users\zenam\AppData\Local\Programs\Python\Python313\Lib\site-packages\django\template\base.py", line 788, in resolve
    obj = self.var.resolve(context)
  File "C:\Users\zenam\AppData\Local\Programs\Python\Python313\Lib\site-packages\django\template\base.py", line 928, in resolve
    value = self._resolve_lookup(context)
  File "C:\Users\zenam\AppData\Local\Programs\Python\Python313\Lib\site-packages\django\template\base.py", line 976, in _resolve_lookup
    current = getattr(current, bit)
  File "C:\Users\zenam\AppData\Local\Programs\Python\Python313\Lib\site-packages\debug_toolbar\panels\__init__.py", line 110, in content
    return render_to_string(self.template, self.get_stats())
  File "C:\Users\zenam\AppData\Local\Programs\Python\Python313\Lib\site-packages\django\template\loader.py", line 62, in render_to_string
    return template.render(context, request)
           ~~~~~~~~~~~~~~~^^^^^^^^^^^^^^^^^^
  File "C:\Users\zenam\AppData\Local\Programs\Python\Python313\Lib\site-packages\django\template\backends\django.py", line 107, in render
    return self.template.render(context)
           ~~~~~~~~~~~~~~~~~~~~^^^^^^^^^
  File "C:\Users\zenam\AppData\Local\Programs\Python\Python313\Lib\site-packages\django\template\base.py", line 174, in render
    return self._render(context)
           ~~~~~~~~~~~~^^^^^^^^^
  File "C:\Users\zenam\AppData\Local\Programs\Python\Python313\Lib\site-packages\django\test\utils.py", line 114, in instrumented_test_render
    return self.nodelist.render(context)
           ~~~~~~~~~~~~~~~~~~~~^^^^^^^^^
  File "C:\Users\zenam\AppData\Local\Programs\Python\Python313\Lib\site-packages\django\template\base.py", line 1091, in render
    return SafeString("".join([node.render_annotated(context) for node in self]))
                               ~~~~~~~~~~~~~~~~~~~~~^^^^^^^^^
  File "C:\Users\zenam\AppData\Local\Programs\Python\Python313\Lib\site-packages\django\template\base.py", line 1052, in render_annotated
    return self.render(context)
           ~~~~~~~~~~~^^^^^^^^^
  File "C:\Users\zenam\AppData\Local\Programs\Python\Python313\Lib\site-packages\django\template\defaulttags.py", line 333, in render
    return nodelist.render(context)
           ~~~~~~~~~~~~~~~^^^^^^^^^
  File "C:\Users\zenam\AppData\Local\Programs\Python\Python313\Lib\site-packages\django\template\base.py", line 1091, in render
    return SafeString("".join([node.render_annotated(context) for node in self]))
                               ~~~~~~~~~~~~~~~~~~~~~^^^^^^^^^
  File "C:\Users\zenam\AppData\Local\Programs\Python\Python313\Lib\site-packages\django\template\base.py", line 1052, in render_annotated
    return self.render(context)
           ~~~~~~~~~~~^^^^^^^^^
  File "C:\Users\zenam\AppData\Local\Programs\Python\Python313\Lib\site-packages\django\template\defaulttags.py", line 249, in render
    nodelist.append(node.render_annotated(context))
                    ~~~~~~~~~~~~~~~~~~~~~^^^^^^^^^
  File "C:\Users\zenam\AppData\Local\Programs\Python\Python313\Lib\site-packages\django\template\base.py", line 1052, in render_annotated
    return self.render(context)
           ~~~~~~~~~~~^^^^^^^^^
  File "C:\Users\zenam\AppData\Local\Programs\Python\Python313\Lib\site-packages\django\template\defaulttags.py", line 333, in render
    return nodelist.render(context)
           ~~~~~~~~~~~~~~~^^^^^^^^^
  File "C:\Users\zenam\AppData\Local\Programs\Python\Python313\Lib\site-packages\django\template\base.py", line 1091, in render
    return SafeString("".join([node.render_annotated(context) for node in self]))
                               ~~~~~~~~~~~~~~~~~~~~~^^^^^^^^^
  File "C:\Users\zenam\AppData\Local\Programs\Python\Python313\Lib\site-packages\django\template\base.py", line 1052, in render_annotated
    return self.render(context)
           ~~~~~~~~~~~^^^^^^^^^
  File "C:\Users\zenam\AppData\Local\Programs\Python\Python313\Lib\site-packages\django\template\defaulttags.py", line 333, in render
    return nodelist.render(context)
           ~~~~~~~~~~~~~~~^^^^^^^^^
  File "C:\Users\zenam\AppData\Local\Programs\Python\Python313\Lib\site-packages\django\template\base.py", line 1091, in render
    return SafeString("".join([node.render_annotated(context) for node in self]))
                               ~~~~~~~~~~~~~~~~~~~~~^^^^^^^^^
  File "C:\Users\zenam\AppData\Local\Programs\Python\Python313\Lib\site-packages\django\template\base.py", line 1052, in render_annotated
    return self.render(context)
           ~~~~~~~~~~~^^^^^^^^^
  File "C:\Users\zenam\AppData\Local\Programs\Python\Python313\Lib\site-packages\django\template\defaulttags.py", line 511, in render
    url = reverse(view_name, args=args, kwargs=kwargs, current_app=current_app)
  File "C:\Users\zenam\AppData\Local\Programs\Python\Python313\Lib\site-packages\django\urls\base.py", line 92, in reverse
    raise NoReverseMatch("%s is not a registered namespace" % key)
django.urls.exceptions.NoReverseMatch: 'djdt' is not a registered namespace
INFO 2026-10-05 14:51:21,339 middleware Request POST /cart/add/1/ by Anonymous in 9.78 ms | groups=Anonymous | status=302
ERROR 2026-10-05 14:51:21,373 log Internal Server Error: /cart/add/1/
Traceback (most recent call last):
  File "C:\Users\zenam\AppData\Local\Programs\Python\Python313\Lib\site-packages\django\template\base.py", line 964, in _resolve_lookup
    raise TypeError
TypeError

During handling of the above exception, another exception occurred:

Traceback (most recent call last):
  File "C:\Users\zenam\AppData\Local\Programs\Python\Python313\Lib\site-packages\django\urls\base.py", line 81, in reverse
    extra, resolver = resolver.namespace_dict[ns]
                      ~~~~~~~~~~~~~~~~~~~~~~~^^^^
KeyError: 'djdt'

During handling of the above exception, another exception occurred:

Traceback (most recent call last):
  File "C:\Users\zenam\AppData\Local\Programs\Python\Python313\Lib\site-packages\django\core\handlers\exception.py", line 55, in inner
    response = get_response(request)
  File "C:\Users\zenam\AppData\Local\Programs\Python\Python313\Lib\site-packages\debug_toolbar\middleware.py", line 130, in __call__
    return self._postprocess(request, response, toolbar)
           ~~~~~~~~~~~~~~~~~^^^^^^^^^^^^^^^^^^^^^^^^^^^^
  File "C:\Users\zenam\AppData\Local\Programs\Python\Python313\Lib\site-packages\debug_toolbar\middleware.py", line 172, in _postprocess
    rendered = toolbar.render_toolbar()
  File "C:\Users\zenam\AppData\Local\Programs\Python\Python313\Lib\site-packages\debug_toolbar\toolbar.py", line 96, in render_toolbar
    return render_to_string("debug_toolbar/base.html", context)
  File "C:\Users\zenam\AppData\Local\Programs\Python\Python313\Lib\site-packages\django\template\loader.py", line 62, in render_to_string
    return template.render(context, request)
           ~~~~~~~~~~~~~~~^^^^^^^^^^^^^^^^^^
  File "C:\Users\zenam\AppData\Local\Programs\Python\Python313\Lib\site-packages\django\template\backends\django.py", line 107, in render
    return self.template.render(context)
           ~~~~~~~~~~~~~~~~~~~~^^^^^^^^^
  File "C:\Users\zenam\AppData\Local\Programs\Python\Python313\Lib\site-packages\django\template\base.py", line 174, in render
    return self._render(context)
           ~~~~~~~~~~~~^^^^^^^^^
  File "C:\Users\zenam\AppData\Local\Programs\Python\Python313\Lib\site-packages\django\test\utils.py", line 114, in instrumented_test_render
    return self.nodelist.render(context)
           ~~~~~~~~~~~~~~~~~~~~^^^^^^^^^
  File "C:\Users\zenam\AppData\Local\Programs\Python\Python313\Lib\site-packages\django\template\base.py", line 1091, in render
    return SafeString("".join([node.render_annotated(context) for node in self]))
                               ~~~~~~~~~~~~~~~~~~~~~^^^^^^^^^
  File "C:\Users\zenam\AppData\Local\Programs\Python\Python313\Lib\site-packages\django\template\base.py", line 1052, in render_annotated
    return self.render(context)
           ~~~~~~~~~~~^^^^^^^^^
  File "C:\Users\zenam\AppData\Local\Programs\Python\Python313\Lib\site-packages\django\template\defaulttags.py", line 249, in render
    nodelist.append(node.render_annotated(context))
                    ~~~~~~~~~~~~~~~~~~~~~^^^^^^^^^
  File "C:\Users\zenam\AppData\Local\Programs\Python\Python313\Lib\site-packages\django\template\base.py", line 1052, in render_annotated
    return self.render(context)
           ~~~~~~~~~~~^^^^^^^^^
  File "C:\Users\zenam\AppData\Local\Programs\Python\Python313\Lib\site-packages\django\template\loader_tags.py", line 211, in render
    return template.render(context)
           ~~~~~~~~~~~~~~~^^^^^^^^^
  File "C:\Users\zenam\AppData\Local\Programs\Python\Python313\Lib\site-packages\django\template\base.py", line 176, in render
    return self._render(context)
           ~~~~~~~~~~~~^^^^^^^^^
  File "C:\Users\zenam\AppData\Local\Programs\Python\Python313\Lib\site-packages\django\test\utils.py", line 114, in instrumented_test_render
    return self.nodelist.render(context)
           ~~~~~~~~~~~~~~~~~~~~^^^^^^^^^
  File "C:\Users\zenam\AppData\Local\Programs\Python\Python313\Lib\site-packages\django\template\base.py", line 1091, in render
    return SafeString("".join([node.render_annotated(context) for node in self]))
                               ~~~~~~~~~~~~~~~~~~~~~^^^^^^^^^
  File "C:\Users\zenam\AppData\Local\Programs\Python\Python313\Lib\site-packages\django\template\base.py", line 1052, in render_annotated
    return self.render(context)
           ~~~~~~~~~~~^^^^^^^^^
  File "C:\Users\zenam\AppData\Local\Programs\Python\Python313\Lib\site-packages\django\template\defaulttags.py", line 333, in render
    return nodelist.render(context)
           ~~~~~~~~~~~~~~~^^^^^^^^^
  File "C:\Users\zenam\AppData\Local\Programs\Python\Python313\Lib\site-packages\django\template\base.py", line 1091, in render
    return SafeString("".join([node.render_annotated(context) for node in self]))
                               ~~~~~~~~~~~~~~~~~~~~~^^^^^^^^^
  File "C:\Users\zenam\AppData\Local\Programs\Python\Python313\Lib\site-packages\django\template\base.py", line 1052, in render_annotated
    return self.render(context)
           ~~~~~~~~~~~^^^^^^^^^
  File "C:\Users\zenam\AppData\Local\Programs\Python\Python313\Lib\site-packages\django\template\defaulttags.py", line 333, in render
    return nodelist.render(context)
           ~~~~~~~~~~~~~~~^^^^^^^^^
  File "C:\Users\zenam\AppData\Local\Programs\Python\Python313\Lib\site-packages\django\template\base.py", line 1091, in render
    return SafeString("".join([node.render_annotated(context) for node in self]))
                               ~~~~~~~~~~~~~~~~~~~~~^^^^^^^^^
  File "C:\Users\zenam\AppData\Local\Programs\Python\Python313\Lib\site-packages\django\template\base.py", line 1052, in render_annotated
    return self.render(context)
           ~~~~~~~~~~~^^^^^^^^^
  File "C:\Users\zenam\AppData\Local\Programs\Python\Python313\Lib\site-packages\django\template\base.py", line 1150, in render
    output = self.filter_expression.resolve(context)
  File "C:\Users\zenam\AppData\Local\Programs\Python\Python313\Lib\site-packages\django\template\base.py", line 788, in resolve
    obj = self.var.resolve(context)
  File "C:\Users\zenam\AppData\Local\Programs\Python\Python313\Lib\site-packages\django\template\base.py", line 928, in resolve
    value = self._resolve_lookup(context)
  File "C:\Users\zenam\AppData\Local\Programs\Python\Python313\Lib\site-packages\django\template\base.py", line 976, in _resolve_lookup
    current = getattr(current, bit)
  File "C:\Users\zenam\AppData\Local\Programs\Python\Python313\Lib\site-packages\debug_toolbar\panels\__init__.py", line 110, in content
    return render_to_string(self.template, self.get_stats())
  File "C:\Users\zenam\AppData\Local\Programs\Python\Python313\Lib\site-packages\django\template\loader.py", line 62, in render_to_string
    return template.render(context, request)
           ~~~~~~~~~~~~~~~^^^^^^^^^^^^^^^^^^
  File "C:\Users\zenam\AppData\Local\Programs\Python\Python313\Lib\site-packages\django\template\backends\django.py", line 107, in render
    return self.template.render(context)
           ~~~~~~~~~~~~~~~~~~~~^^^^^^^^^
  File "C:\Users\zenam\AppData\Local\Programs\Python\Python313\Lib\site-packages\django\template\base.py", line 174, in render
    return self._render(context)
           ~~~~~~~~~~~~^^^^^^^^^
  File "C:\Users\zenam\AppData\Local\Programs\Python\Python313\Lib\site-packages\django\test\utils.py", line 114, in instrumented_test_render
    return self.nodelist.render(context)
           ~~~~~~~~~~~~~~~~~~~~^^^^^^^^^
  File "C:\Users\zenam\AppData\Local\Programs\Python\Python313\Lib\site-packages\django\template\base.py", line 1091, in render
    return SafeString("".join([node.render_annotated(context) for node in self]))
                               ~~~~~~~~~~~~~~~~~~~~~^^^^^^^^^
  File "C:\Users\zenam\AppData\Local\Programs\Python\Python313\Lib\site-packages\django\template\base.py", line 1052, in render_annotated
    return self.render(context)
           ~~~~~~~~~~~^^^^^^^^^
  File "C:\Users\zenam\AppData\Local\Programs\Python\Python313\Lib\site-packages\django\template\defaulttags.py", line 333, in render
    return nodelist.render(context)
           ~~~~~~~~~~~~~~~^^^^^^^^^
  File "C:\Users\zenam\AppData\Local\Programs\Python\Python313\Lib\site-packages\django\template\base.py", line 1091, in render
    return SafeString("".join([node.render_annotated(context) for node in self]))
                               ~~~~~~~~~~~~~~~~~~~~~^^^^^^^^^
  File "C:\Users\zenam\AppData\Local\Programs\Python\Python313\Lib\site-packages\django\template\base.py", line 1052, in render_annotated
    return self.render(context)
           ~~~~~~~~~~~^^^^^^^^^
  File "C:\Users\zenam\AppData\Local\Programs\Python\Python313\Lib\site-packages\django\template\defaulttags.py", line 249, in render
    nodelist.append(node.render_annotated(context))
                    ~~~~~~~~~~~~~~~~~~~~~^^^^^^^^^
  File "C:\Users\zenam\AppData\Local\Programs\Python\Python313\Lib\site-packages\django\template\base.py", line 1052, in render_annotated
    return self.render(context)
           ~~~~~~~~~~~^^^^^^^^^
  File "C:\Users\zenam\AppData\Local\Programs\Python\Python313\Lib\site-packages\django\template\defaulttags.py", line 333, in render
    return nodelist.render(context)
           ~~~~~~~~~~~~~~~^^^^^^^^^
  File "C:\Users\zenam\AppData\Local\Programs\Python\Python313\Lib\site-packages\django\template\base.py", line 1091, in render
    return SafeString("".join([node.render_annotated(context) for node in self]))
                               ~~~~~~~~~~~~~~~~~~~~~^^^^^^^^^
  File "C:\Users\zenam\AppData\Local\Programs\Python\Python313\Lib\site-packages\django\template\base.py", line 1052, in render_annotated
    return self.render(context)
           ~~~~~~~~~~~^^^^^^^^^
  File "C:\Users\zenam\AppData\Local\Programs\Python\Python313\Lib\site-packages\django\template\defaulttags.py", line 333, in render
    return nodelist.render(context)
           ~~~~~~~~~~~~~~~^^^^^^^^^
  File "C:\Users\zenam\AppData\Local\Programs\Python\Python313\Lib\site-packages\django\template\base.py", line 1091, in render
    return SafeString("".join([node.render_annotated(context) for node in self]))
                               ~~~~~~~~~~~~~~~~~~~~~^^^^^^^^^
  File "C:\Users\zenam\AppData\Local\Programs\Python\Python313\Lib\site-packages\django\template\base.py", line 1052, in render_annotated
    return self.render(context)
           ~~~~~~~~~~~^^^^^^^^^
  File "C:\Users\zenam\AppData\Local\Programs\Python\Python313\Lib\site-packages\django\template\defaulttags.py", line 511, in render
    url = reverse(view_name, args=args, kwargs=kwargs, current_app=current_app)
  File "C:\Users\zenam\AppData\Local\Programs\Python\Python313\Lib\site-packages\django\urls\base.py", line 92, in reverse
    raise NoReverseMatch("%s is not a registered namespace" % key)
django.urls.exceptions.NoReverseMatch: 'djdt' is not a registered namespace
ERROR 2026-10-05 14:51:22,035 log Internal Server Error: /async/
Traceback (most recent call last):
  File "C:\Users\zenam\AppData\Local\Programs\Python\Python313\Lib\site-packages\django\core\handlers\exception.py", line 55, in inner
    response = get_response(request)
  File "C:\Users\zenam\AppData\Local\Programs\Python\Python313\Lib\site-packages\django\core\handlers\base.py", line 198, in _get_response
    response = wrapped_callback(request, *callback_args, **callback_kwargs)
  File "C:\Users\zenam\AppData\Local\Programs\Python\Python313\Lib\site-packages\asgiref\sync.py", line 325, in __call__
    return call_result.result()
           ~~~~~~~~~~~~~~~~~~^^
  File "C:\Users\zenam\AppData\Local\Programs\Python\Python313\Lib\concurrent\futures\_base.py", line 449, in result
    return self.__get_result()
           ~~~~~~~~~~~~~~~~~^^
  File "C:\Users\zenam\AppData\Local\Programs\Python\Python313\Lib\concurrent\futures\_base.py", line 401, in __get_result
    raise self._exception
  File "C:\Users\zenam\AppData\Local\Programs\Python\Python313\Lib\site-packages\asgiref\sync.py", line 365, in main_wrap
    result = await awaitable
             ^^^^^^^^^^^^^^^
  File "C:\Users\zenam\django_flask_env\books\views.py", line 175, in async_book_list
    async for book in Book.objects.select_related('category').order_by('title').aiter():
                      ^^^^^^^^^^^^^^^^^^^^^^^^^^^^^^^^^^^^^^^^^^^^^^^^^^^^^^^^^^^^^^^
AttributeError: 'QuerySet' object has no attribute 'aiter'. Did you mean: 'filter'?
INFO 2026-10-05 14:51:22,037 middleware Request GET /async/ by Anonymous in 3.46 ms | groups=Anonymous | status=500
INFO 2026-10-05 14:51:22,218 middleware Request GET /async/1/ by Anonymous in 5.65 ms | groups=Anonymous | status=200
ERROR 2026-10-05 14:51:22,248 log Internal Server Error: /async/1/
Traceback (most recent call last):
  File "C:\Users\zenam\AppData\Local\Programs\Python\Python313\Lib\site-packages\django\template\base.py", line 964, in _resolve_lookup
    raise TypeError
TypeError

During handling of the above exception, another exception occurred:

Traceback (most recent call last):
  File "C:\Users\zenam\AppData\Local\Programs\Python\Python313\Lib\site-packages\django\urls\base.py", line 81, in reverse
    extra, resolver = resolver.namespace_dict[ns]
                      ~~~~~~~~~~~~~~~~~~~~~~~^^^^
KeyError: 'djdt'

During handling of the above exception, another exception occurred:

Traceback (most recent call last):
  File "C:\Users\zenam\AppData\Local\Programs\Python\Python313\Lib\site-packages\django\core\handlers\exception.py", line 55, in inner
    response = get_response(request)
  File "C:\Users\zenam\AppData\Local\Programs\Python\Python313\Lib\site-packages\debug_toolbar\middleware.py", line 130, in __call__
    return self._postprocess(request, response, toolbar)
           ~~~~~~~~~~~~~~~~~^^^^^^^^^^^^^^^^^^^^^^^^^^^^
  File "C:\Users\zenam\AppData\Local\Programs\Python\Python313\Lib\site-packages\debug_toolbar\middleware.py", line 172, in _postprocess
    rendered = toolbar.render_toolbar()
  File "C:\Users\zenam\AppData\Local\Programs\Python\Python313\Lib\site-packages\debug_toolbar\toolbar.py", line 96, in render_toolbar
    return render_to_string("debug_toolbar/base.html", context)
  File "C:\Users\zenam\AppData\Local\Programs\Python\Python313\Lib\site-packages\django\template\loader.py", line 62, in render_to_string
    return template.render(context, request)
           ~~~~~~~~~~~~~~~^^^^^^^^^^^^^^^^^^
  File "C:\Users\zenam\AppData\Local\Programs\Python\Python313\Lib\site-packages\django\template\backends\django.py", line 107, in render
    return self.template.render(context)
           ~~~~~~~~~~~~~~~~~~~~^^^^^^^^^
  File "C:\Users\zenam\AppData\Local\Programs\Python\Python313\Lib\site-packages\django\template\base.py", line 174, in render
    return self._render(context)
           ~~~~~~~~~~~~^^^^^^^^^
  File "C:\Users\zenam\AppData\Local\Programs\Python\Python313\Lib\site-packages\django\test\utils.py", line 114, in instrumented_test_render
    return self.nodelist.render(context)
           ~~~~~~~~~~~~~~~~~~~~^^^^^^^^^
  File "C:\Users\zenam\AppData\Local\Programs\Python\Python313\Lib\site-packages\django\template\base.py", line 1091, in render
    return SafeString("".join([node.render_annotated(context) for node in self]))
                               ~~~~~~~~~~~~~~~~~~~~~^^^^^^^^^
  File "C:\Users\zenam\AppData\Local\Programs\Python\Python313\Lib\site-packages\django\template\base.py", line 1052, in render_annotated
    return self.render(context)
           ~~~~~~~~~~~^^^^^^^^^
  File "C:\Users\zenam\AppData\Local\Programs\Python\Python313\Lib\site-packages\django\template\defaulttags.py", line 249, in render
    nodelist.append(node.render_annotated(context))
                    ~~~~~~~~~~~~~~~~~~~~~^^^^^^^^^
  File "C:\Users\zenam\AppData\Local\Programs\Python\Python313\Lib\site-packages\django\template\base.py", line 1052, in render_annotated
    return self.render(context)
           ~~~~~~~~~~~^^^^^^^^^
  File "C:\Users\zenam\AppData\Local\Programs\Python\Python313\Lib\site-packages\django\template\loader_tags.py", line 211, in render
    return template.render(context)
           ~~~~~~~~~~~~~~~^^^^^^^^^
  File "C:\Users\zenam\AppData\Local\Programs\Python\Python313\Lib\site-packages\django\template\base.py", line 176, in render
    return self._render(context)
           ~~~~~~~~~~~~^^^^^^^^^
  File "C:\Users\zenam\AppData\Local\Programs\Python\Python313\Lib\site-packages\django\test\utils.py", line 114, in instrumented_test_render
    return self.nodelist.render(context)
           ~~~~~~~~~~~~~~~~~~~~^^^^^^^^^
  File "C:\Users\zenam\AppData\Local\Programs\Python\Python313\Lib\site-packages\django\template\base.py", line 1091, in render
    return SafeString("".join([node.render_annotated(context) for node in self]))
                               ~~~~~~~~~~~~~~~~~~~~~^^^^^^^^^
  File "C:\Users\zenam\AppData\Local\Programs\Python\Python313\Lib\site-packages\django\template\base.py", line 1052, in render_annotated
    return self.render(context)
           ~~~~~~~~~~~^^^^^^^^^
  File "C:\Users\zenam\AppData\Local\Programs\Python\Python313\Lib\site-packages\django\template\defaulttags.py", line 333, in render
    return nodelist.render(context)
           ~~~~~~~~~~~~~~~^^^^^^^^^
  File "C:\Users\zenam\AppData\Local\Programs\Python\Python313\Lib\site-packages\django\template\base.py", line 1091, in render
    return SafeString("".join([node.render_annotated(context) for node in self]))
                               ~~~~~~~~~~~~~~~~~~~~~^^^^^^^^^
  File "C:\Users\zenam\AppData\Local\Programs\Python\Python313\Lib\site-packages\django\template\base.py", line 1052, in render_annotated
    return self.render(context)
           ~~~~~~~~~~~^^^^^^^^^
  File "C:\Users\zenam\AppData\Local\Programs\Python\Python313\Lib\site-packages\django\template\defaulttags.py", line 333, in render
    return nodelist.render(context)
           ~~~~~~~~~~~~~~~^^^^^^^^^
  File "C:\Users\zenam\AppData\Local\Programs\Python\Python313\Lib\site-packages\django\template\base.py", line 1091, in render
    return SafeString("".join([node.render_annotated(context) for node in self]))
                               ~~~~~~~~~~~~~~~~~~~~~^^^^^^^^^
  File "C:\Users\zenam\AppData\Local\Programs\Python\Python313\Lib\site-packages\django\template\base.py", line 1052, in render_annotated
    return self.render(context)
           ~~~~~~~~~~~^^^^^^^^^
  File "C:\Users\zenam\AppData\Local\Programs\Python\Python313\Lib\site-packages\django\template\base.py", line 1150, in render
    output = self.filter_expression.resolve(context)
  File "C:\Users\zenam\AppData\Local\Programs\Python\Python313\Lib\site-packages\django\template\base.py", line 788, in resolve
    obj = self.var.resolve(context)
  File "C:\Users\zenam\AppData\Local\Programs\Python\Python313\Lib\site-packages\django\template\base.py", line 928, in resolve
    value = self._resolve_lookup(context)
  File "C:\Users\zenam\AppData\Local\Programs\Python\Python313\Lib\site-packages\django\template\base.py", line 976, in _resolve_lookup
    current = getattr(current, bit)
  File "C:\Users\zenam\AppData\Local\Programs\Python\Python313\Lib\site-packages\debug_toolbar\panels\__init__.py", line 110, in content
    return render_to_string(self.template, self.get_stats())
  File "C:\Users\zenam\AppData\Local\Programs\Python\Python313\Lib\site-packages\django\template\loader.py", line 62, in render_to_string
    return template.render(context, request)
           ~~~~~~~~~~~~~~~^^^^^^^^^^^^^^^^^^
  File "C:\Users\zenam\AppData\Local\Programs\Python\Python313\Lib\site-packages\django\template\backends\django.py", line 107, in render
    return self.template.render(context)
           ~~~~~~~~~~~~~~~~~~~~^^^^^^^^^
  File "C:\Users\zenam\AppData\Local\Programs\Python\Python313\Lib\site-packages\django\template\base.py", line 174, in render
    return self._render(context)
           ~~~~~~~~~~~~^^^^^^^^^
  File "C:\Users\zenam\AppData\Local\Programs\Python\Python313\Lib\site-packages\django\test\utils.py", line 114, in instrumented_test_render
    return self.nodelist.render(context)
           ~~~~~~~~~~~~~~~~~~~~^^^^^^^^^
  File "C:\Users\zenam\AppData\Local\Programs\Python\Python313\Lib\site-packages\django\template\base.py", line 1091, in render
    return SafeString("".join([node.render_annotated(context) for node in self]))
                               ~~~~~~~~~~~~~~~~~~~~~^^^^^^^^^
  File "C:\Users\zenam\AppData\Local\Programs\Python\Python313\Lib\site-packages\django\template\base.py", line 1052, in render_annotated
    return self.render(context)
           ~~~~~~~~~~~^^^^^^^^^
  File "C:\Users\zenam\AppData\Local\Programs\Python\Python313\Lib\site-packages\django\template\defaulttags.py", line 333, in render
    return nodelist.render(context)
           ~~~~~~~~~~~~~~~^^^^^^^^^
  File "C:\Users\zenam\AppData\Local\Programs\Python\Python313\Lib\site-packages\django\template\base.py", line 1091, in render
    return SafeString("".join([node.render_annotated(context) for node in self]))
                               ~~~~~~~~~~~~~~~~~~~~~^^^^^^^^^
  File "C:\Users\zenam\AppData\Local\Programs\Python\Python313\Lib\site-packages\django\template\base.py", line 1052, in render_annotated
    return self.render(context)
           ~~~~~~~~~~~^^^^^^^^^
  File "C:\Users\zenam\AppData\Local\Programs\Python\Python313\Lib\site-packages\django\template\defaulttags.py", line 249, in render
    nodelist.append(node.render_annotated(context))
                    ~~~~~~~~~~~~~~~~~~~~~^^^^^^^^^
  File "C:\Users\zenam\AppData\Local\Programs\Python\Python313\Lib\site-packages\django\template\base.py", line 1052, in render_annotated
    return self.render(context)
           ~~~~~~~~~~~^^^^^^^^^
  File "C:\Users\zenam\AppData\Local\Programs\Python\Python313\Lib\site-packages\django\template\defaulttags.py", line 333, in render
    return nodelist.render(context)
           ~~~~~~~~~~~~~~~^^^^^^^^^
  File "C:\Users\zenam\AppData\Local\Programs\Python\Python313\Lib\site-packages\django\template\base.py", line 1091, in render
    return SafeString("".join([node.render_annotated(context) for node in self]))
                               ~~~~~~~~~~~~~~~~~~~~~^^^^^^^^^
  File "C:\Users\zenam\AppData\Local\Programs\Python\Python313\Lib\site-packages\django\template\base.py", line 1052, in render_annotated
    return self.render(context)
           ~~~~~~~~~~~^^^^^^^^^
  File "C:\Users\zenam\AppData\Local\Programs\Python\Python313\Lib\site-packages\django\template\defaulttags.py", line 333, in render
    return nodelist.render(context)
           ~~~~~~~~~~~~~~~^^^^^^^^^
  File "C:\Users\zenam\AppData\Local\Programs\Python\Python313\Lib\site-packages\django\template\base.py", line 1091, in render
    return SafeString("".join([node.render_annotated(context) for node in self]))
                               ~~~~~~~~~~~~~~~~~~~~~^^^^^^^^^
  File "C:\Users\zenam\AppData\Local\Programs\Python\Python313\Lib\site-packages\django\template\base.py", line 1052, in render_annotated
    return self.render(context)
           ~~~~~~~~~~~^^^^^^^^^
  File "C:\Users\zenam\AppData\Local\Programs\Python\Python313\Lib\site-packages\django\template\defaulttags.py", line 511, in render
    url = reverse(view_name, args=args, kwargs=kwargs, current_app=current_app)
  File "C:\Users\zenam\AppData\Local\Programs\Python\Python313\Lib\site-packages\django\urls\base.py", line 92, in reverse
    raise NoReverseMatch("%s is not a registered namespace" % key)
django.urls.exceptions.NoReverseMatch: 'djdt' is not a registered namespace
ERROR 2026-10-05 14:51:23,004 log Internal Server Error: /async/cart/
Traceback (most recent call last):
  File "C:\Users\zenam\AppData\Local\Programs\Python\Python313\Lib\site-packages\django\contrib\sessions\backends\base.py", line 246, in _get_session
    return self._session_cache
           ^^^^^^^^^^^^^^^^^^^
AttributeError: 'SessionStore' object has no attribute '_session_cache'

During handling of the above exception, another exception occurred:

Traceback (most recent call last):
  File "C:\Users\zenam\AppData\Local\Programs\Python\Python313\Lib\site-packages\django\core\handlers\exception.py", line 55, in inner
    response = get_response(request)
  File "C:\Users\zenam\AppData\Local\Programs\Python\Python313\Lib\site-packages\django\core\handlers\base.py", line 198, in _get_response
    response = wrapped_callback(request, *callback_args, **callback_kwargs)
  File "C:\Users\zenam\AppData\Local\Programs\Python\Python313\Lib\site-packages\asgiref\sync.py", line 325, in __call__
    return call_result.result()
           ~~~~~~~~~~~~~~~~~~^^
  File "C:\Users\zenam\AppData\Local\Programs\Python\Python313\Lib\concurrent\futures\_base.py", line 449, in result
    return self.__get_result()
           ~~~~~~~~~~~~~~~~~^^
  File "C:\Users\zenam\AppData\Local\Programs\Python\Python313\Lib\concurrent\futures\_base.py", line 401, in __get_result
    raise self._exception
  File "C:\Users\zenam\AppData\Local\Programs\Python\Python313\Lib\site-packages\asgiref\sync.py", line 365, in main_wrap
    result = await awaitable
             ^^^^^^^^^^^^^^^
  File "C:\Users\zenam\django_flask_env\books\views.py", line 202, in async_cart_summary
    cart = request.session.get('cart', {})
  File "C:\Users\zenam\AppData\Local\Programs\Python\Python313\Lib\site-packages\django\contrib\sessions\backends\base.py", line 74, in get
    return self._session.get(key, default)
           ^^^^^^^^^^^^^
  File "C:\Users\zenam\AppData\Local\Programs\Python\Python313\Lib\site-packages\django\contrib\sessions\backends\base.py", line 251, in _get_session
    self._session_cache = self.load()
                          ~~~~~~~~~^^
  File "C:\Users\zenam\AppData\Local\Programs\Python\Python313\Lib\site-packages\django\contrib\sessions\backends\db.py", line 55, in load
    s = self._get_session_from_db()
  File "C:\Users\zenam\AppData\Local\Programs\Python\Python313\Lib\site-packages\django\contrib\sessions\backends\db.py", line 34, in _get_session_from_db
    return self.model.objects.get(
           ~~~~~~~~~~~~~~~~~~~~~~^
        session_key=self.session_key, expire_date__gt=timezone.now()
        ^^^^^^^^^^^^^^^^^^^^^^^^^^^^^^^^^^^^^^^^^^^^^^^^^^^^^^^^^^^^
    )
    ^
  File "C:\Users\zenam\AppData\Local\Programs\Python\Python313\Lib\site-packages\django\db\models\manager.py", line 87, in manager_method
    return getattr(self.get_queryset(), name)(*args, **kwargs)
           ~~~~~~~~~~~~~~~~~~~~~~~~~~~~~~~~~~^^^^^^^^^^^^^^^^^
  File "C:\Users\zenam\AppData\Local\Programs\Python\Python313\Lib\site-packages\django\db\models\query.py", line 635, in get
    num = len(clone)
  File "C:\Users\zenam\AppData\Local\Programs\Python\Python313\Lib\site-packages\django\db\models\query.py", line 372, in __len__
    self._fetch_all()
    ~~~~~~~~~~~~~~~^^
  File "C:\Users\zenam\AppData\Local\Programs\Python\Python313\Lib\site-packages\django\db\models\query.py", line 2000, in _fetch_all
    self._result_cache = list(self._iterable_class(self))
                         ~~~~^^^^^^^^^^^^^^^^^^^^^^^^^^^^
  File "C:\Users\zenam\AppData\Local\Programs\Python\Python313\Lib\site-packages\django\db\models\query.py", line 95, in __iter__
    results = compiler.execute_sql(
        chunked_fetch=self.chunked_fetch, chunk_size=self.chunk_size
    )
  File "C:\Users\zenam\AppData\Local\Programs\Python\Python313\Lib\site-packages\django\db\models\sql\compiler.py", line 1622, in execute_sql
    cursor = self.connection.cursor()
  File "C:\Users\zenam\AppData\Local\Programs\Python\Python313\Lib\site-packages\django\utils\asyncio.py", line 24, in inner
    raise SynchronousOnlyOperation(message)
django.core.exceptions.SynchronousOnlyOperation: You cannot call this from an async context - use a thread or sync_to_async.
INFO 2026-10-05 14:51:23,010 middleware Request GET /async/cart/ by Anonymous in 5.14 ms | groups=Anonymous | status=500
ERROR 2026-10-05 14:51:23,039 log Internal Server Error: /async/cart/
Traceback (most recent call last):
  File "C:\Users\zenam\AppData\Local\Programs\Python\Python313\Lib\site-packages\django\template\base.py", line 964, in _resolve_lookup
    raise TypeError
TypeError

During handling of the above exception, another exception occurred:

Traceback (most recent call last):
  File "C:\Users\zenam\AppData\Local\Programs\Python\Python313\Lib\site-packages\django\urls\base.py", line 81, in reverse
    extra, resolver = resolver.namespace_dict[ns]
                      ~~~~~~~~~~~~~~~~~~~~~~~^^^^
KeyError: 'djdt'

During handling of the above exception, another exception occurred:

Traceback (most recent call last):
  File "C:\Users\zenam\AppData\Local\Programs\Python\Python313\Lib\site-packages\django\core\handlers\exception.py", line 55, in inner
    response = get_response(request)
  File "C:\Users\zenam\AppData\Local\Programs\Python\Python313\Lib\site-packages\debug_toolbar\middleware.py", line 130, in __call__
    return self._postprocess(request, response, toolbar)
           ~~~~~~~~~~~~~~~~~^^^^^^^^^^^^^^^^^^^^^^^^^^^^
  File "C:\Users\zenam\AppData\Local\Programs\Python\Python313\Lib\site-packages\debug_toolbar\middleware.py", line 172, in _postprocess
    rendered = toolbar.render_toolbar()
  File "C:\Users\zenam\AppData\Local\Programs\Python\Python313\Lib\site-packages\debug_toolbar\toolbar.py", line 96, in render_toolbar
    return render_to_string("debug_toolbar/base.html", context)
  File "C:\Users\zenam\AppData\Local\Programs\Python\Python313\Lib\site-packages\django\template\loader.py", line 62, in render_to_string
    return template.render(context, request)
           ~~~~~~~~~~~~~~~^^^^^^^^^^^^^^^^^^
  File "C:\Users\zenam\AppData\Local\Programs\Python\Python313\Lib\site-packages\django\template\backends\django.py", line 107, in render
    return self.template.render(context)
           ~~~~~~~~~~~~~~~~~~~~^^^^^^^^^
  File "C:\Users\zenam\AppData\Local\Programs\Python\Python313\Lib\site-packages\django\template\base.py", line 174, in render
    return self._render(context)
           ~~~~~~~~~~~~^^^^^^^^^
  File "C:\Users\zenam\AppData\Local\Programs\Python\Python313\Lib\site-packages\django\test\utils.py", line 114, in instrumented_test_render
    return self.nodelist.render(context)
           ~~~~~~~~~~~~~~~~~~~~^^^^^^^^^
  File "C:\Users\zenam\AppData\Local\Programs\Python\Python313\Lib\site-packages\django\template\base.py", line 1091, in render
    return SafeString("".join([node.render_annotated(context) for node in self]))
                               ~~~~~~~~~~~~~~~~~~~~~^^^^^^^^^
  File "C:\Users\zenam\AppData\Local\Programs\Python\Python313\Lib\site-packages\django\template\base.py", line 1052, in render_annotated
    return self.render(context)
           ~~~~~~~~~~~^^^^^^^^^
  File "C:\Users\zenam\AppData\Local\Programs\Python\Python313\Lib\site-packages\django\template\defaulttags.py", line 249, in render
    nodelist.append(node.render_annotated(context))
                    ~~~~~~~~~~~~~~~~~~~~~^^^^^^^^^
  File "C:\Users\zenam\AppData\Local\Programs\Python\Python313\Lib\site-packages\django\template\base.py", line 1052, in render_annotated
    return self.render(context)
           ~~~~~~~~~~~^^^^^^^^^
  File "C:\Users\zenam\AppData\Local\Programs\Python\Python313\Lib\site-packages\django\template\loader_tags.py", line 211, in render
    return template.render(context)
           ~~~~~~~~~~~~~~~^^^^^^^^^
  File "C:\Users\zenam\AppData\Local\Programs\Python\Python313\Lib\site-packages\django\template\base.py", line 176, in render
    return self._render(context)
           ~~~~~~~~~~~~^^^^^^^^^
  File "C:\Users\zenam\AppData\Local\Programs\Python\Python313\Lib\site-packages\django\test\utils.py", line 114, in instrumented_test_render
    return self.nodelist.render(context)
           ~~~~~~~~~~~~~~~~~~~~^^^^^^^^^
  File "C:\Users\zenam\AppData\Local\Programs\Python\Python313\Lib\site-packages\django\template\base.py", line 1091, in render
    return SafeString("".join([node.render_annotated(context) for node in self]))
                               ~~~~~~~~~~~~~~~~~~~~~^^^^^^^^^
  File "C:\Users\zenam\AppData\Local\Programs\Python\Python313\Lib\site-packages\django\template\base.py", line 1052, in render_annotated
    return self.render(context)
           ~~~~~~~~~~~^^^^^^^^^
  File "C:\Users\zenam\AppData\Local\Programs\Python\Python313\Lib\site-packages\django\template\defaulttags.py", line 333, in render
    return nodelist.render(context)
           ~~~~~~~~~~~~~~~^^^^^^^^^
  File "C:\Users\zenam\AppData\Local\Programs\Python\Python313\Lib\site-packages\django\template\base.py", line 1091, in render
    return SafeString("".join([node.render_annotated(context) for node in self]))
                               ~~~~~~~~~~~~~~~~~~~~~^^^^^^^^^
  File "C:\Users\zenam\AppData\Local\Programs\Python\Python313\Lib\site-packages\django\template\base.py", line 1052, in render_annotated
    return self.render(context)
           ~~~~~~~~~~~^^^^^^^^^
  File "C:\Users\zenam\AppData\Local\Programs\Python\Python313\Lib\site-packages\django\template\defaulttags.py", line 333, in render
    return nodelist.render(context)
           ~~~~~~~~~~~~~~~^^^^^^^^^
  File "C:\Users\zenam\AppData\Local\Programs\Python\Python313\Lib\site-packages\django\template\base.py", line 1091, in render
    return SafeString("".join([node.render_annotated(context) for node in self]))
                               ~~~~~~~~~~~~~~~~~~~~~^^^^^^^^^
  File "C:\Users\zenam\AppData\Local\Programs\Python\Python313\Lib\site-packages\django\template\base.py", line 1052, in render_annotated
    return self.render(context)
           ~~~~~~~~~~~^^^^^^^^^
  File "C:\Users\zenam\AppData\Local\Programs\Python\Python313\Lib\site-packages\django\template\base.py", line 1150, in render
    output = self.filter_expression.resolve(context)
  File "C:\Users\zenam\AppData\Local\Programs\Python\Python313\Lib\site-packages\django\template\base.py", line 788, in resolve
    obj = self.var.resolve(context)
  File "C:\Users\zenam\AppData\Local\Programs\Python\Python313\Lib\site-packages\django\template\base.py", line 928, in resolve
    value = self._resolve_lookup(context)
  File "C:\Users\zenam\AppData\Local\Programs\Python\Python313\Lib\site-packages\django\template\base.py", line 976, in _resolve_lookup
    current = getattr(current, bit)
  File "C:\Users\zenam\AppData\Local\Programs\Python\Python313\Lib\site-packages\debug_toolbar\panels\__init__.py", line 110, in content
    return render_to_string(self.template, self.get_stats())
  File "C:\Users\zenam\AppData\Local\Programs\Python\Python313\Lib\site-packages\django\template\loader.py", line 62, in render_to_string
    return template.render(context, request)
           ~~~~~~~~~~~~~~~^^^^^^^^^^^^^^^^^^
  File "C:\Users\zenam\AppData\Local\Programs\Python\Python313\Lib\site-packages\django\template\backends\django.py", line 107, in render
    return self.template.render(context)
           ~~~~~~~~~~~~~~~~~~~~^^^^^^^^^
  File "C:\Users\zenam\AppData\Local\Programs\Python\Python313\Lib\site-packages\django\template\base.py", line 174, in render
    return self._render(context)
           ~~~~~~~~~~~~^^^^^^^^^
  File "C:\Users\zenam\AppData\Local\Programs\Python\Python313\Lib\site-packages\django\test\utils.py", line 114, in instrumented_test_render
    return self.nodelist.render(context)
           ~~~~~~~~~~~~~~~~~~~~^^^^^^^^^
  File "C:\Users\zenam\AppData\Local\Programs\Python\Python313\Lib\site-packages\django\template\base.py", line 1091, in render
    return SafeString("".join([node.render_annotated(context) for node in self]))
                               ~~~~~~~~~~~~~~~~~~~~~^^^^^^^^^
  File "C:\Users\zenam\AppData\Local\Programs\Python\Python313\Lib\site-packages\django\template\base.py", line 1052, in render_annotated
    return self.render(context)
           ~~~~~~~~~~~^^^^^^^^^
  File "C:\Users\zenam\AppData\Local\Programs\Python\Python313\Lib\site-packages\django\template\defaulttags.py", line 333, in render
    return nodelist.render(context)
           ~~~~~~~~~~~~~~~^^^^^^^^^
  File "C:\Users\zenam\AppData\Local\Programs\Python\Python313\Lib\site-packages\django\template\base.py", line 1091, in render
    return SafeString("".join([node.render_annotated(context) for node in self]))
                               ~~~~~~~~~~~~~~~~~~~~~^^^^^^^^^
  File "C:\Users\zenam\AppData\Local\Programs\Python\Python313\Lib\site-packages\django\template\base.py", line 1052, in render_annotated
    return self.render(context)
           ~~~~~~~~~~~^^^^^^^^^
  File "C:\Users\zenam\AppData\Local\Programs\Python\Python313\Lib\site-packages\django\template\defaulttags.py", line 249, in render
    nodelist.append(node.render_annotated(context))
                    ~~~~~~~~~~~~~~~~~~~~~^^^^^^^^^
  File "C:\Users\zenam\AppData\Local\Programs\Python\Python313\Lib\site-packages\django\template\base.py", line 1052, in render_annotated
    return self.render(context)
           ~~~~~~~~~~~^^^^^^^^^
  File "C:\Users\zenam\AppData\Local\Programs\Python\Python313\Lib\site-packages\django\template\defaulttags.py", line 333, in render
    return nodelist.render(context)
           ~~~~~~~~~~~~~~~^^^^^^^^^
  File "C:\Users\zenam\AppData\Local\Programs\Python\Python313\Lib\site-packages\django\template\base.py", line 1091, in render
    return SafeString("".join([node.render_annotated(context) for node in self]))
                               ~~~~~~~~~~~~~~~~~~~~~^^^^^^^^^
  File "C:\Users\zenam\AppData\Local\Programs\Python\Python313\Lib\site-packages\django\template\base.py", line 1052, in render_annotated
    return self.render(context)
           ~~~~~~~~~~~^^^^^^^^^
  File "C:\Users\zenam\AppData\Local\Programs\Python\Python313\Lib\site-packages\django\template\defaulttags.py", line 333, in render
    return nodelist.render(context)
           ~~~~~~~~~~~~~~~^^^^^^^^^
  File "C:\Users\zenam\AppData\Local\Programs\Python\Python313\Lib\site-packages\django\template\base.py", line 1091, in render
    return SafeString("".join([node.render_annotated(context) for node in self]))
                               ~~~~~~~~~~~~~~~~~~~~~^^^^^^^^^
  File "C:\Users\zenam\AppData\Local\Programs\Python\Python313\Lib\site-packages\django\template\base.py", line 1052, in render_annotated
    return self.render(context)
           ~~~~~~~~~~~^^^^^^^^^
  File "C:\Users\zenam\AppData\Local\Programs\Python\Python313\Lib\site-packages\django\template\defaulttags.py", line 511, in render
    url = reverse(view_name, args=args, kwargs=kwargs, current_app=current_app)
  File "C:\Users\zenam\AppData\Local\Programs\Python\Python313\Lib\site-packages\django\urls\base.py", line 92, in reverse
    raise NoReverseMatch("%s is not a registered namespace" % key)
django.urls.exceptions.NoReverseMatch: 'djdt' is not a registered namespace
INFO 2026-10-05 14:52:13,906 middleware Request POST /users/register/ by Anonymous in 660.63 ms | groups=Anonymous | status=302
ERROR 2026-10-05 14:52:14,016 log Internal Server Error: /users/register/
Traceback (most recent call last):
  File "C:\Users\zenam\AppData\Local\Programs\Python\Python313\Lib\site-packages\django\template\base.py", line 964, in _resolve_lookup
    raise TypeError
TypeError

During handling of the above exception, another exception occurred:

Traceback (most recent call last):
  File "C:\Users\zenam\AppData\Local\Programs\Python\Python313\Lib\site-packages\django\urls\base.py", line 81, in reverse
    extra, resolver = resolver.namespace_dict[ns]
                      ~~~~~~~~~~~~~~~~~~~~~~~^^^^
KeyError: 'djdt'

During handling of the above exception, another exception occurred:

Traceback (most recent call last):
  File "C:\Users\zenam\AppData\Local\Programs\Python\Python313\Lib\site-packages\django\core\handlers\exception.py", line 55, in inner
    response = get_response(request)
  File "C:\Users\zenam\AppData\Local\Programs\Python\Python313\Lib\site-packages\debug_toolbar\middleware.py", line 130, in __call__
    return self._postprocess(request, response, toolbar)
           ~~~~~~~~~~~~~~~~~^^^^^^^^^^^^^^^^^^^^^^^^^^^^
  File "C:\Users\zenam\AppData\Local\Programs\Python\Python313\Lib\site-packages\debug_toolbar\middleware.py", line 172, in _postprocess
    rendered = toolbar.render_toolbar()
  File "C:\Users\zenam\AppData\Local\Programs\Python\Python313\Lib\site-packages\debug_toolbar\toolbar.py", line 96, in render_toolbar
    return render_to_string("debug_toolbar/base.html", context)
  File "C:\Users\zenam\AppData\Local\Programs\Python\Python313\Lib\site-packages\django\template\loader.py", line 62, in render_to_string
    return template.render(context, request)
           ~~~~~~~~~~~~~~~^^^^^^^^^^^^^^^^^^
  File "C:\Users\zenam\AppData\Local\Programs\Python\Python313\Lib\site-packages\django\template\backends\django.py", line 107, in render
    return self.template.render(context)
           ~~~~~~~~~~~~~~~~~~~~^^^^^^^^^
  File "C:\Users\zenam\AppData\Local\Programs\Python\Python313\Lib\site-packages\django\template\base.py", line 174, in render
    return self._render(context)
           ~~~~~~~~~~~~^^^^^^^^^
  File "C:\Users\zenam\AppData\Local\Programs\Python\Python313\Lib\site-packages\django\test\utils.py", line 114, in instrumented_test_render
    return self.nodelist.render(context)
           ~~~~~~~~~~~~~~~~~~~~^^^^^^^^^
  File "C:\Users\zenam\AppData\Local\Programs\Python\Python313\Lib\site-packages\django\template\base.py", line 1091, in render
    return SafeString("".join([node.render_annotated(context) for node in self]))
                               ~~~~~~~~~~~~~~~~~~~~~^^^^^^^^^
  File "C:\Users\zenam\AppData\Local\Programs\Python\Python313\Lib\site-packages\django\template\base.py", line 1052, in render_annotated
    return self.render(context)
           ~~~~~~~~~~~^^^^^^^^^
  File "C:\Users\zenam\AppData\Local\Programs\Python\Python313\Lib\site-packages\django\template\defaulttags.py", line 249, in render
    nodelist.append(node.render_annotated(context))
                    ~~~~~~~~~~~~~~~~~~~~~^^^^^^^^^
  File "C:\Users\zenam\AppData\Local\Programs\Python\Python313\Lib\site-packages\django\template\base.py", line 1052, in render_annotated
    return self.render(context)
           ~~~~~~~~~~~^^^^^^^^^
  File "C:\Users\zenam\AppData\Local\Programs\Python\Python313\Lib\site-packages\django\template\loader_tags.py", line 211, in render
    return template.render(context)
           ~~~~~~~~~~~~~~~^^^^^^^^^
  File "C:\Users\zenam\AppData\Local\Programs\Python\Python313\Lib\site-packages\django\template\base.py", line 176, in render
    return self._render(context)
           ~~~~~~~~~~~~^^^^^^^^^
  File "C:\Users\zenam\AppData\Local\Programs\Python\Python313\Lib\site-packages\django\test\utils.py", line 114, in instrumented_test_render
    return self.nodelist.render(context)
           ~~~~~~~~~~~~~~~~~~~~^^^^^^^^^
  File "C:\Users\zenam\AppData\Local\Programs\Python\Python313\Lib\site-packages\django\template\base.py", line 1091, in render
    return SafeString("".join([node.render_annotated(context) for node in self]))
                               ~~~~~~~~~~~~~~~~~~~~~^^^^^^^^^
  File "C:\Users\zenam\AppData\Local\Programs\Python\Python313\Lib\site-packages\django\template\base.py", line 1052, in render_annotated
    return self.render(context)
           ~~~~~~~~~~~^^^^^^^^^
  File "C:\Users\zenam\AppData\Local\Programs\Python\Python313\Lib\site-packages\django\template\defaulttags.py", line 333, in render
    return nodelist.render(context)
           ~~~~~~~~~~~~~~~^^^^^^^^^
  File "C:\Users\zenam\AppData\Local\Programs\Python\Python313\Lib\site-packages\django\template\base.py", line 1091, in render
    return SafeString("".join([node.render_annotated(context) for node in self]))
                               ~~~~~~~~~~~~~~~~~~~~~^^^^^^^^^
  File "C:\Users\zenam\AppData\Local\Programs\Python\Python313\Lib\site-packages\django\template\base.py", line 1052, in render_annotated
    return self.render(context)
           ~~~~~~~~~~~^^^^^^^^^
  File "C:\Users\zenam\AppData\Local\Programs\Python\Python313\Lib\site-packages\django\template\defaulttags.py", line 333, in render
    return nodelist.render(context)
           ~~~~~~~~~~~~~~~^^^^^^^^^
  File "C:\Users\zenam\AppData\Local\Programs\Python\Python313\Lib\site-packages\django\template\base.py", line 1091, in render
    return SafeString("".join([node.render_annotated(context) for node in self]))
                               ~~~~~~~~~~~~~~~~~~~~~^^^^^^^^^
  File "C:\Users\zenam\AppData\Local\Programs\Python\Python313\Lib\site-packages\django\template\base.py", line 1052, in render_annotated
    return self.render(context)
           ~~~~~~~~~~~^^^^^^^^^
  File "C:\Users\zenam\AppData\Local\Programs\Python\Python313\Lib\site-packages\django\template\base.py", line 1150, in render
    output = self.filter_expression.resolve(context)
  File "C:\Users\zenam\AppData\Local\Programs\Python\Python313\Lib\site-packages\django\template\base.py", line 788, in resolve
    obj = self.var.resolve(context)
  File "C:\Users\zenam\AppData\Local\Programs\Python\Python313\Lib\site-packages\django\template\base.py", line 928, in resolve
    value = self._resolve_lookup(context)
  File "C:\Users\zenam\AppData\Local\Programs\Python\Python313\Lib\site-packages\django\template\base.py", line 976, in _resolve_lookup
    current = getattr(current, bit)
  File "C:\Users\zenam\AppData\Local\Programs\Python\Python313\Lib\site-packages\debug_toolbar\panels\__init__.py", line 110, in content
    return render_to_string(self.template, self.get_stats())
  File "C:\Users\zenam\AppData\Local\Programs\Python\Python313\Lib\site-packages\django\template\loader.py", line 62, in render_to_string
    return template.render(context, request)
           ~~~~~~~~~~~~~~~^^^^^^^^^^^^^^^^^^
  File "C:\Users\zenam\AppData\Local\Programs\Python\Python313\Lib\site-packages\django\template\backends\django.py", line 107, in render
    return self.template.render(context)
           ~~~~~~~~~~~~~~~~~~~~^^^^^^^^^
  File "C:\Users\zenam\AppData\Local\Programs\Python\Python313\Lib\site-packages\django\template\base.py", line 174, in render
    return self._render(context)
           ~~~~~~~~~~~~^^^^^^^^^
  File "C:\Users\zenam\AppData\Local\Programs\Python\Python313\Lib\site-packages\django\test\utils.py", line 114, in instrumented_test_render
    return self.nodelist.render(context)
           ~~~~~~~~~~~~~~~~~~~~^^^^^^^^^
  File "C:\Users\zenam\AppData\Local\Programs\Python\Python313\Lib\site-packages\django\template\base.py", line 1091, in render
    return SafeString("".join([node.render_annotated(context) for node in self]))
                               ~~~~~~~~~~~~~~~~~~~~~^^^^^^^^^
  File "C:\Users\zenam\AppData\Local\Programs\Python\Python313\Lib\site-packages\django\template\base.py", line 1052, in render_annotated
    return self.render(context)
           ~~~~~~~~~~~^^^^^^^^^
  File "C:\Users\zenam\AppData\Local\Programs\Python\Python313\Lib\site-packages\django\template\defaulttags.py", line 333, in render
    return nodelist.render(context)
           ~~~~~~~~~~~~~~~^^^^^^^^^
  File "C:\Users\zenam\AppData\Local\Programs\Python\Python313\Lib\site-packages\django\template\base.py", line 1091, in render
    return SafeString("".join([node.render_annotated(context) for node in self]))
                               ~~~~~~~~~~~~~~~~~~~~~^^^^^^^^^
  File "C:\Users\zenam\AppData\Local\Programs\Python\Python313\Lib\site-packages\django\template\base.py", line 1052, in render_annotated
    return self.render(context)
           ~~~~~~~~~~~^^^^^^^^^
  File "C:\Users\zenam\AppData\Local\Programs\Python\Python313\Lib\site-packages\django\template\defaulttags.py", line 249, in render
    nodelist.append(node.render_annotated(context))
                    ~~~~~~~~~~~~~~~~~~~~~^^^^^^^^^
  File "C:\Users\zenam\AppData\Local\Programs\Python\Python313\Lib\site-packages\django\template\base.py", line 1052, in render_annotated
    return self.render(context)
           ~~~~~~~~~~~^^^^^^^^^
  File "C:\Users\zenam\AppData\Local\Programs\Python\Python313\Lib\site-packages\django\template\defaulttags.py", line 333, in render
    return nodelist.render(context)
           ~~~~~~~~~~~~~~~^^^^^^^^^
  File "C:\Users\zenam\AppData\Local\Programs\Python\Python313\Lib\site-packages\django\template\base.py", line 1091, in render
    return SafeString("".join([node.render_annotated(context) for node in self]))
                               ~~~~~~~~~~~~~~~~~~~~~^^^^^^^^^
  File "C:\Users\zenam\AppData\Local\Programs\Python\Python313\Lib\site-packages\django\template\base.py", line 1052, in render_annotated
    return self.render(context)
           ~~~~~~~~~~~^^^^^^^^^
  File "C:\Users\zenam\AppData\Local\Programs\Python\Python313\Lib\site-packages\django\template\defaulttags.py", line 333, in render
    return nodelist.render(context)
           ~~~~~~~~~~~~~~~^^^^^^^^^
  File "C:\Users\zenam\AppData\Local\Programs\Python\Python313\Lib\site-packages\django\template\base.py", line 1091, in render
    return SafeString("".join([node.render_annotated(context) for node in self]))
                               ~~~~~~~~~~~~~~~~~~~~~^^^^^^^^^
  File "C:\Users\zenam\AppData\Local\Programs\Python\Python313\Lib\site-packages\django\template\base.py", line 1052, in render_annotated
    return self.render(context)
           ~~~~~~~~~~~^^^^^^^^^
  File "C:\Users\zenam\AppData\Local\Programs\Python\Python313\Lib\site-packages\django\template\defaulttags.py", line 511, in render
    url = reverse(view_name, args=args, kwargs=kwargs, current_app=current_app)
  File "C:\Users\zenam\AppData\Local\Programs\Python\Python313\Lib\site-packages\django\urls\base.py", line 92, in reverse
    raise NoReverseMatch("%s is not a registered namespace" % key)
django.urls.exceptions.NoReverseMatch: 'djdt' is not a registered namespace
INFO 2026-10-05 14:52:16,207 middleware Request POST /users/login/ by loginuser@example.com in 502.64 ms | groups= | status=302
ERROR 2026-10-05 14:52:16,269 log Internal Server Error: /users/login/
Traceback (most recent call last):
  File "C:\Users\zenam\AppData\Local\Programs\Python\Python313\Lib\site-packages\django\template\base.py", line 964, in _resolve_lookup
    raise TypeError
TypeError

During handling of the above exception, another exception occurred:

Traceback (most recent call last):
  File "C:\Users\zenam\AppData\Local\Programs\Python\Python313\Lib\site-packages\django\urls\base.py", line 81, in reverse
    extra, resolver = resolver.namespace_dict[ns]
                      ~~~~~~~~~~~~~~~~~~~~~~~^^^^
KeyError: 'djdt'

During handling of the above exception, another exception occurred:

Traceback (most recent call last):
  File "C:\Users\zenam\AppData\Local\Programs\Python\Python313\Lib\site-packages\django\core\handlers\exception.py", line 55, in inner
    response = get_response(request)
  File "C:\Users\zenam\AppData\Local\Programs\Python\Python313\Lib\site-packages\debug_toolbar\middleware.py", line 130, in __call__
    return self._postprocess(request, response, toolbar)
           ~~~~~~~~~~~~~~~~~^^^^^^^^^^^^^^^^^^^^^^^^^^^^
  File "C:\Users\zenam\AppData\Local\Programs\Python\Python313\Lib\site-packages\debug_toolbar\middleware.py", line 172, in _postprocess
    rendered = toolbar.render_toolbar()
  File "C:\Users\zenam\AppData\Local\Programs\Python\Python313\Lib\site-packages\debug_toolbar\toolbar.py", line 96, in render_toolbar
    return render_to_string("debug_toolbar/base.html", context)
  File "C:\Users\zenam\AppData\Local\Programs\Python\Python313\Lib\site-packages\django\template\loader.py", line 62, in render_to_string
    return template.render(context, request)
           ~~~~~~~~~~~~~~~^^^^^^^^^^^^^^^^^^
  File "C:\Users\zenam\AppData\Local\Programs\Python\Python313\Lib\site-packages\django\template\backends\django.py", line 107, in render
    return self.template.render(context)
           ~~~~~~~~~~~~~~~~~~~~^^^^^^^^^
  File "C:\Users\zenam\AppData\Local\Programs\Python\Python313\Lib\site-packages\django\template\base.py", line 174, in render
    return self._render(context)
           ~~~~~~~~~~~~^^^^^^^^^
  File "C:\Users\zenam\AppData\Local\Programs\Python\Python313\Lib\site-packages\django\test\utils.py", line 114, in instrumented_test_render
    return self.nodelist.render(context)
           ~~~~~~~~~~~~~~~~~~~~^^^^^^^^^
  File "C:\Users\zenam\AppData\Local\Programs\Python\Python313\Lib\site-packages\django\template\base.py", line 1091, in render
    return SafeString("".join([node.render_annotated(context) for node in self]))
                               ~~~~~~~~~~~~~~~~~~~~~^^^^^^^^^
  File "C:\Users\zenam\AppData\Local\Programs\Python\Python313\Lib\site-packages\django\template\base.py", line 1052, in render_annotated
    return self.render(context)
           ~~~~~~~~~~~^^^^^^^^^
  File "C:\Users\zenam\AppData\Local\Programs\Python\Python313\Lib\site-packages\django\template\defaulttags.py", line 249, in render
    nodelist.append(node.render_annotated(context))
                    ~~~~~~~~~~~~~~~~~~~~~^^^^^^^^^
  File "C:\Users\zenam\AppData\Local\Programs\Python\Python313\Lib\site-packages\django\template\base.py", line 1052, in render_annotated
    return self.render(context)
           ~~~~~~~~~~~^^^^^^^^^
  File "C:\Users\zenam\AppData\Local\Programs\Python\Python313\Lib\site-packages\django\template\loader_tags.py", line 211, in render
    return template.render(context)
           ~~~~~~~~~~~~~~~^^^^^^^^^
  File "C:\Users\zenam\AppData\Local\Programs\Python\Python313\Lib\site-packages\django\template\base.py", line 176, in render
    return self._render(context)
           ~~~~~~~~~~~~^^^^^^^^^
  File "C:\Users\zenam\AppData\Local\Programs\Python\Python313\Lib\site-packages\django\test\utils.py", line 114, in instrumented_test_render
    return self.nodelist.render(context)
           ~~~~~~~~~~~~~~~~~~~~^^^^^^^^^
  File "C:\Users\zenam\AppData\Local\Programs\Python\Python313\Lib\site-packages\django\template\base.py", line 1091, in render
    return SafeString("".join([node.render_annotated(context) for node in self]))
                               ~~~~~~~~~~~~~~~~~~~~~^^^^^^^^^
  File "C:\Users\zenam\AppData\Local\Programs\Python\Python313\Lib\site-packages\django\template\base.py", line 1052, in render_annotated
    return self.render(context)
           ~~~~~~~~~~~^^^^^^^^^
  File "C:\Users\zenam\AppData\Local\Programs\Python\Python313\Lib\site-packages\django\template\defaulttags.py", line 333, in render
    return nodelist.render(context)
           ~~~~~~~~~~~~~~~^^^^^^^^^
  File "C:\Users\zenam\AppData\Local\Programs\Python\Python313\Lib\site-packages\django\template\base.py", line 1091, in render
    return SafeString("".join([node.render_annotated(context) for node in self]))
                               ~~~~~~~~~~~~~~~~~~~~~^^^^^^^^^
  File "C:\Users\zenam\AppData\Local\Programs\Python\Python313\Lib\site-packages\django\template\base.py", line 1052, in render_annotated
    return self.render(context)
           ~~~~~~~~~~~^^^^^^^^^
  File "C:\Users\zenam\AppData\Local\Programs\Python\Python313\Lib\site-packages\django\template\defaulttags.py", line 333, in render
    return nodelist.render(context)
           ~~~~~~~~~~~~~~~^^^^^^^^^
  File "C:\Users\zenam\AppData\Local\Programs\Python\Python313\Lib\site-packages\django\template\base.py", line 1091, in render
    return SafeString("".join([node.render_annotated(context) for node in self]))
                               ~~~~~~~~~~~~~~~~~~~~~^^^^^^^^^
  File "C:\Users\zenam\AppData\Local\Programs\Python\Python313\Lib\site-packages\django\template\base.py", line 1052, in render_annotated
    return self.render(context)
           ~~~~~~~~~~~^^^^^^^^^
  File "C:\Users\zenam\AppData\Local\Programs\Python\Python313\Lib\site-packages\django\template\base.py", line 1150, in render
    output = self.filter_expression.resolve(context)
  File "C:\Users\zenam\AppData\Local\Programs\Python\Python313\Lib\site-packages\django\template\base.py", line 788, in resolve
    obj = self.var.resolve(context)
  File "C:\Users\zenam\AppData\Local\Programs\Python\Python313\Lib\site-packages\django\template\base.py", line 928, in resolve
    value = self._resolve_lookup(context)
  File "C:\Users\zenam\AppData\Local\Programs\Python\Python313\Lib\site-packages\django\template\base.py", line 976, in _resolve_lookup
    current = getattr(current, bit)
  File "C:\Users\zenam\AppData\Local\Programs\Python\Python313\Lib\site-packages\debug_toolbar\panels\__init__.py", line 110, in content
    return render_to_string(self.template, self.get_stats())
  File "C:\Users\zenam\AppData\Local\Programs\Python\Python313\Lib\site-packages\django\template\loader.py", line 62, in render_to_string
    return template.render(context, request)
           ~~~~~~~~~~~~~~~^^^^^^^^^^^^^^^^^^
  File "C:\Users\zenam\AppData\Local\Programs\Python\Python313\Lib\site-packages\django\template\backends\django.py", line 107, in render
    return self.template.render(context)
           ~~~~~~~~~~~~~~~~~~~~^^^^^^^^^
  File "C:\Users\zenam\AppData\Local\Programs\Python\Python313\Lib\site-packages\django\template\base.py", line 174, in render
    return self._render(context)
           ~~~~~~~~~~~~^^^^^^^^^
  File "C:\Users\zenam\AppData\Local\Programs\Python\Python313\Lib\site-packages\django\test\utils.py", line 114, in instrumented_test_render
    return self.nodelist.render(context)
           ~~~~~~~~~~~~~~~~~~~~^^^^^^^^^
  File "C:\Users\zenam\AppData\Local\Programs\Python\Python313\Lib\site-packages\django\template\base.py", line 1091, in render
    return SafeString("".join([node.render_annotated(context) for node in self]))
                               ~~~~~~~~~~~~~~~~~~~~~^^^^^^^^^
  File "C:\Users\zenam\AppData\Local\Programs\Python\Python313\Lib\site-packages\django\template\base.py", line 1052, in render_annotated
    return self.render(context)
           ~~~~~~~~~~~^^^^^^^^^
  File "C:\Users\zenam\AppData\Local\Programs\Python\Python313\Lib\site-packages\django\template\defaulttags.py", line 333, in render
    return nodelist.render(context)
           ~~~~~~~~~~~~~~~^^^^^^^^^
  File "C:\Users\zenam\AppData\Local\Programs\Python\Python313\Lib\site-packages\django\template\base.py", line 1091, in render
    return SafeString("".join([node.render_annotated(context) for node in self]))
                               ~~~~~~~~~~~~~~~~~~~~~^^^^^^^^^
  File "C:\Users\zenam\AppData\Local\Programs\Python\Python313\Lib\site-packages\django\template\base.py", line 1052, in render_annotated
    return self.render(context)
           ~~~~~~~~~~~^^^^^^^^^
  File "C:\Users\zenam\AppData\Local\Programs\Python\Python313\Lib\site-packages\django\template\defaulttags.py", line 249, in render
    nodelist.append(node.render_annotated(context))
                    ~~~~~~~~~~~~~~~~~~~~~^^^^^^^^^
  File "C:\Users\zenam\AppData\Local\Programs\Python\Python313\Lib\site-packages\django\template\base.py", line 1052, in render_annotated
    return self.render(context)
           ~~~~~~~~~~~^^^^^^^^^
  File "C:\Users\zenam\AppData\Local\Programs\Python\Python313\Lib\site-packages\django\template\defaulttags.py", line 333, in render
    return nodelist.render(context)
           ~~~~~~~~~~~~~~~^^^^^^^^^
  File "C:\Users\zenam\AppData\Local\Programs\Python\Python313\Lib\site-packages\django\template\base.py", line 1091, in render
    return SafeString("".join([node.render_annotated(context) for node in self]))
                               ~~~~~~~~~~~~~~~~~~~~~^^^^^^^^^
  File "C:\Users\zenam\AppData\Local\Programs\Python\Python313\Lib\site-packages\django\template\base.py", line 1052, in render_annotated
    return self.render(context)
           ~~~~~~~~~~~^^^^^^^^^
  File "C:\Users\zenam\AppData\Local\Programs\Python\Python313\Lib\site-packages\django\template\defaulttags.py", line 333, in render
    return nodelist.render(context)
           ~~~~~~~~~~~~~~~^^^^^^^^^
  File "C:\Users\zenam\AppData\Local\Programs\Python\Python313\Lib\site-packages\django\template\base.py", line 1091, in render
    return SafeString("".join([node.render_annotated(context) for node in self]))
                               ~~~~~~~~~~~~~~~~~~~~~^^^^^^^^^
  File "C:\Users\zenam\AppData\Local\Programs\Python\Python313\Lib\site-packages\django\template\base.py", line 1052, in render_annotated
    return self.render(context)
           ~~~~~~~~~~~^^^^^^^^^
  File "C:\Users\zenam\AppData\Local\Programs\Python\Python313\Lib\site-packages\django\template\defaulttags.py", line 511, in render
    url = reverse(view_name, args=args, kwargs=kwargs, current_app=current_app)
  File "C:\Users\zenam\AppData\Local\Programs\Python\Python313\Lib\site-packages\django\urls\base.py", line 92, in reverse
    raise NoReverseMatch("%s is not a registered namespace" % key)
django.urls.exceptions.NoReverseMatch: 'djdt' is not a registered namespace
INFO 2026-10-05 14:52:17,435 middleware Request POST /users/logout/ by Anonymous in 13.42 ms | groups=Anonymous | status=302
ERROR 2026-10-05 14:52:17,472 log Internal Server Error: /users/logout/
Traceback (most recent call last):
  File "C:\Users\zenam\AppData\Local\Programs\Python\Python313\Lib\site-packages\django\template\base.py", line 964, in _resolve_lookup
    raise TypeError
TypeError

During handling of the above exception, another exception occurred:

Traceback (most recent call last):
  File "C:\Users\zenam\AppData\Local\Programs\Python\Python313\Lib\site-packages\django\urls\base.py", line 81, in reverse
    extra, resolver = resolver.namespace_dict[ns]
                      ~~~~~~~~~~~~~~~~~~~~~~~^^^^
KeyError: 'djdt'

During handling of the above exception, another exception occurred:

Traceback (most recent call last):
  File "C:\Users\zenam\AppData\Local\Programs\Python\Python313\Lib\site-packages\django\core\handlers\exception.py", line 55, in inner
    response = get_response(request)
  File "C:\Users\zenam\AppData\Local\Programs\Python\Python313\Lib\site-packages\debug_toolbar\middleware.py", line 130, in __call__
    return self._postprocess(request, response, toolbar)
           ~~~~~~~~~~~~~~~~~^^^^^^^^^^^^^^^^^^^^^^^^^^^^
  File "C:\Users\zenam\AppData\Local\Programs\Python\Python313\Lib\site-packages\debug_toolbar\middleware.py", line 172, in _postprocess
    rendered = toolbar.render_toolbar()
  File "C:\Users\zenam\AppData\Local\Programs\Python\Python313\Lib\site-packages\debug_toolbar\toolbar.py", line 96, in render_toolbar
    return render_to_string("debug_toolbar/base.html", context)
  File "C:\Users\zenam\AppData\Local\Programs\Python\Python313\Lib\site-packages\django\template\loader.py", line 62, in render_to_string
    return template.render(context, request)
           ~~~~~~~~~~~~~~~^^^^^^^^^^^^^^^^^^
  File "C:\Users\zenam\AppData\Local\Programs\Python\Python313\Lib\site-packages\django\template\backends\django.py", line 107, in render
    return self.template.render(context)
           ~~~~~~~~~~~~~~~~~~~~^^^^^^^^^
  File "C:\Users\zenam\AppData\Local\Programs\Python\Python313\Lib\site-packages\django\template\base.py", line 174, in render
    return self._render(context)
           ~~~~~~~~~~~~^^^^^^^^^
  File "C:\Users\zenam\AppData\Local\Programs\Python\Python313\Lib\site-packages\django\test\utils.py", line 114, in instrumented_test_render
    return self.nodelist.render(context)
           ~~~~~~~~~~~~~~~~~~~~^^^^^^^^^
  File "C:\Users\zenam\AppData\Local\Programs\Python\Python313\Lib\site-packages\django\template\base.py", line 1091, in render
    return SafeString("".join([node.render_annotated(context) for node in self]))
                               ~~~~~~~~~~~~~~~~~~~~~^^^^^^^^^
  File "C:\Users\zenam\AppData\Local\Programs\Python\Python313\Lib\site-packages\django\template\base.py", line 1052, in render_annotated
    return self.render(context)
           ~~~~~~~~~~~^^^^^^^^^
  File "C:\Users\zenam\AppData\Local\Programs\Python\Python313\Lib\site-packages\django\template\defaulttags.py", line 249, in render
    nodelist.append(node.render_annotated(context))
                    ~~~~~~~~~~~~~~~~~~~~~^^^^^^^^^
  File "C:\Users\zenam\AppData\Local\Programs\Python\Python313\Lib\site-packages\django\template\base.py", line 1052, in render_annotated
    return self.render(context)
           ~~~~~~~~~~~^^^^^^^^^
  File "C:\Users\zenam\AppData\Local\Programs\Python\Python313\Lib\site-packages\django\template\loader_tags.py", line 211, in render
    return template.render(context)
           ~~~~~~~~~~~~~~~^^^^^^^^^
  File "C:\Users\zenam\AppData\Local\Programs\Python\Python313\Lib\site-packages\django\template\base.py", line 176, in render
    return self._render(context)
           ~~~~~~~~~~~~^^^^^^^^^
  File "C:\Users\zenam\AppData\Local\Programs\Python\Python313\Lib\site-packages\django\test\utils.py", line 114, in instrumented_test_render
    return self.nodelist.render(context)
           ~~~~~~~~~~~~~~~~~~~~^^^^^^^^^
  File "C:\Users\zenam\AppData\Local\Programs\Python\Python313\Lib\site-packages\django\template\base.py", line 1091, in render
    return SafeString("".join([node.render_annotated(context) for node in self]))
                               ~~~~~~~~~~~~~~~~~~~~~^^^^^^^^^
  File "C:\Users\zenam\AppData\Local\Programs\Python\Python313\Lib\site-packages\django\template\base.py", line 1052, in render_annotated
    return self.render(context)
           ~~~~~~~~~~~^^^^^^^^^
  File "C:\Users\zenam\AppData\Local\Programs\Python\Python313\Lib\site-packages\django\template\defaulttags.py", line 333, in render
    return nodelist.render(context)
           ~~~~~~~~~~~~~~~^^^^^^^^^
  File "C:\Users\zenam\AppData\Local\Programs\Python\Python313\Lib\site-packages\django\template\base.py", line 1091, in render
    return SafeString("".join([node.render_annotated(context) for node in self]))
                               ~~~~~~~~~~~~~~~~~~~~~^^^^^^^^^
  File "C:\Users\zenam\AppData\Local\Programs\Python\Python313\Lib\site-packages\django\template\base.py", line 1052, in render_annotated
    return self.render(context)
           ~~~~~~~~~~~^^^^^^^^^
  File "C:\Users\zenam\AppData\Local\Programs\Python\Python313\Lib\site-packages\django\template\defaulttags.py", line 333, in render
    return nodelist.render(context)
           ~~~~~~~~~~~~~~~^^^^^^^^^
  File "C:\Users\zenam\AppData\Local\Programs\Python\Python313\Lib\site-packages\django\template\base.py", line 1091, in render
    return SafeString("".join([node.render_annotated(context) for node in self]))
                               ~~~~~~~~~~~~~~~~~~~~~^^^^^^^^^
  File "C:\Users\zenam\AppData\Local\Programs\Python\Python313\Lib\site-packages\django\template\base.py", line 1052, in render_annotated
    return self.render(context)
           ~~~~~~~~~~~^^^^^^^^^
  File "C:\Users\zenam\AppData\Local\Programs\Python\Python313\Lib\site-packages\django\template\base.py", line 1150, in render
    output = self.filter_expression.resolve(context)
  File "C:\Users\zenam\AppData\Local\Programs\Python\Python313\Lib\site-packages\django\template\base.py", line 788, in resolve
    obj = self.var.resolve(context)
  File "C:\Users\zenam\AppData\Local\Programs\Python\Python313\Lib\site-packages\django\template\base.py", line 928, in resolve
    value = self._resolve_lookup(context)
  File "C:\Users\zenam\AppData\Local\Programs\Python\Python313\Lib\site-packages\django\template\base.py", line 976, in _resolve_lookup
    current = getattr(current, bit)
  File "C:\Users\zenam\AppData\Local\Programs\Python\Python313\Lib\site-packages\debug_toolbar\panels\__init__.py", line 110, in content
    return render_to_string(self.template, self.get_stats())
  File "C:\Users\zenam\AppData\Local\Programs\Python\Python313\Lib\site-packages\django\template\loader.py", line 62, in render_to_string
    return template.render(context, request)
           ~~~~~~~~~~~~~~~^^^^^^^^^^^^^^^^^^
  File "C:\Users\zenam\AppData\Local\Programs\Python\Python313\Lib\site-packages\django\template\backends\django.py", line 107, in render
    return self.template.render(context)
           ~~~~~~~~~~~~~~~~~~~~^^^^^^^^^
  File "C:\Users\zenam\AppData\Local\Programs\Python\Python313\Lib\site-packages\django\template\base.py", line 174, in render
    return self._render(context)
           ~~~~~~~~~~~~^^^^^^^^^
  File "C:\Users\zenam\AppData\Local\Programs\Python\Python313\Lib\site-packages\django\test\utils.py", line 114, in instrumented_test_render
    return self.nodelist.render(context)
           ~~~~~~~~~~~~~~~~~~~~^^^^^^^^^
  File "C:\Users\zenam\AppData\Local\Programs\Python\Python313\Lib\site-packages\django\template\base.py", line 1091, in render
    return SafeString("".join([node.render_annotated(context) for node in self]))
                               ~~~~~~~~~~~~~~~~~~~~~^^^^^^^^^
  File "C:\Users\zenam\AppData\Local\Programs\Python\Python313\Lib\site-packages\django\template\base.py", line 1052, in render_annotated
    return self.render(context)
           ~~~~~~~~~~~^^^^^^^^^
  File "C:\Users\zenam\AppData\Local\Programs\Python\Python313\Lib\site-packages\django\template\defaulttags.py", line 333, in render
    return nodelist.render(context)
           ~~~~~~~~~~~~~~~^^^^^^^^^
  File "C:\Users\zenam\AppData\Local\Programs\Python\Python313\Lib\site-packages\django\template\base.py", line 1091, in render
    return SafeString("".join([node.render_annotated(context) for node in self]))
                               ~~~~~~~~~~~~~~~~~~~~~^^^^^^^^^
  File "C:\Users\zenam\AppData\Local\Programs\Python\Python313\Lib\site-packages\django\template\base.py", line 1052, in render_annotated
    return self.render(context)
           ~~~~~~~~~~~^^^^^^^^^
  File "C:\Users\zenam\AppData\Local\Programs\Python\Python313\Lib\site-packages\django\template\defaulttags.py", line 249, in render
    nodelist.append(node.render_annotated(context))
                    ~~~~~~~~~~~~~~~~~~~~~^^^^^^^^^
  File "C:\Users\zenam\AppData\Local\Programs\Python\Python313\Lib\site-packages\django\template\base.py", line 1052, in render_annotated
    return self.render(context)
           ~~~~~~~~~~~^^^^^^^^^
  File "C:\Users\zenam\AppData\Local\Programs\Python\Python313\Lib\site-packages\django\template\defaulttags.py", line 333, in render
    return nodelist.render(context)
           ~~~~~~~~~~~~~~~^^^^^^^^^
  File "C:\Users\zenam\AppData\Local\Programs\Python\Python313\Lib\site-packages\django\template\base.py", line 1091, in render
    return SafeString("".join([node.render_annotated(context) for node in self]))
                               ~~~~~~~~~~~~~~~~~~~~~^^^^^^^^^
  File "C:\Users\zenam\AppData\Local\Programs\Python\Python313\Lib\site-packages\django\template\base.py", line 1052, in render_annotated
    return self.render(context)
           ~~~~~~~~~~~^^^^^^^^^
  File "C:\Users\zenam\AppData\Local\Programs\Python\Python313\Lib\site-packages\django\template\defaulttags.py", line 333, in render
    return nodelist.render(context)
           ~~~~~~~~~~~~~~~^^^^^^^^^
  File "C:\Users\zenam\AppData\Local\Programs\Python\Python313\Lib\site-packages\django\template\base.py", line 1091, in render
    return SafeString("".join([node.render_annotated(context) for node in self]))
                               ~~~~~~~~~~~~~~~~~~~~~^^^^^^^^^
  File "C:\Users\zenam\AppData\Local\Programs\Python\Python313\Lib\site-packages\django\template\base.py", line 1052, in render_annotated
    return self.render(context)
           ~~~~~~~~~~~^^^^^^^^^
  File "C:\Users\zenam\AppData\Local\Programs\Python\Python313\Lib\site-packages\django\template\defaulttags.py", line 511, in render
    url = reverse(view_name, args=args, kwargs=kwargs, current_app=current_app)
  File "C:\Users\zenam\AppData\Local\Programs\Python\Python313\Lib\site-packages\django\urls\base.py", line 92, in reverse
    raise NoReverseMatch("%s is not a registered namespace" % key)
django.urls.exceptions.NoReverseMatch: 'djdt' is not a registered namespace
INFO 2026-10-05 14:52:18,097 middleware Request GET /users/profile/ by Anonymous in 0.62 ms | groups=Anonymous | status=302
INFO 2026-10-05 14:52:18,655 middleware Request GET /users/profile/ by user2@example.com in 34.35 ms | groups= | status=200
ERROR 2026-10-05 14:52:18,702 log Internal Server Error: /users/profile/
Traceback (most recent call last):
  File "C:\Users\zenam\AppData\Local\Programs\Python\Python313\Lib\site-packages\django\template\base.py", line 964, in _resolve_lookup
    raise TypeError
TypeError

During handling of the above exception, another exception occurred:

Traceback (most recent call last):
  File "C:\Users\zenam\AppData\Local\Programs\Python\Python313\Lib\site-packages\django\urls\base.py", line 81, in reverse
    extra, resolver = resolver.namespace_dict[ns]
                      ~~~~~~~~~~~~~~~~~~~~~~~^^^^
KeyError: 'djdt'

During handling of the above exception, another exception occurred:

Traceback (most recent call last):
  File "C:\Users\zenam\AppData\Local\Programs\Python\Python313\Lib\site-packages\django\core\handlers\exception.py", line 55, in inner
    response = get_response(request)
  File "C:\Users\zenam\AppData\Local\Programs\Python\Python313\Lib\site-packages\debug_toolbar\middleware.py", line 130, in __call__
    return self._postprocess(request, response, toolbar)
           ~~~~~~~~~~~~~~~~~^^^^^^^^^^^^^^^^^^^^^^^^^^^^
  File "C:\Users\zenam\AppData\Local\Programs\Python\Python313\Lib\site-packages\debug_toolbar\middleware.py", line 172, in _postprocess
    rendered = toolbar.render_toolbar()
  File "C:\Users\zenam\AppData\Local\Programs\Python\Python313\Lib\site-packages\debug_toolbar\toolbar.py", line 96, in render_toolbar
    return render_to_string("debug_toolbar/base.html", context)
  File "C:\Users\zenam\AppData\Local\Programs\Python\Python313\Lib\site-packages\django\template\loader.py", line 62, in render_to_string
    return template.render(context, request)
           ~~~~~~~~~~~~~~~^^^^^^^^^^^^^^^^^^
  File "C:\Users\zenam\AppData\Local\Programs\Python\Python313\Lib\site-packages\django\template\backends\django.py", line 107, in render
    return self.template.render(context)
           ~~~~~~~~~~~~~~~~~~~~^^^^^^^^^
  File "C:\Users\zenam\AppData\Local\Programs\Python\Python313\Lib\site-packages\django\template\base.py", line 174, in render
    return self._render(context)
           ~~~~~~~~~~~~^^^^^^^^^
  File "C:\Users\zenam\AppData\Local\Programs\Python\Python313\Lib\site-packages\django\test\utils.py", line 114, in instrumented_test_render
    return self.nodelist.render(context)
           ~~~~~~~~~~~~~~~~~~~~^^^^^^^^^
  File "C:\Users\zenam\AppData\Local\Programs\Python\Python313\Lib\site-packages\django\template\base.py", line 1091, in render
    return SafeString("".join([node.render_annotated(context) for node in self]))
                               ~~~~~~~~~~~~~~~~~~~~~^^^^^^^^^
  File "C:\Users\zenam\AppData\Local\Programs\Python\Python313\Lib\site-packages\django\template\base.py", line 1052, in render_annotated
    return self.render(context)
           ~~~~~~~~~~~^^^^^^^^^
  File "C:\Users\zenam\AppData\Local\Programs\Python\Python313\Lib\site-packages\django\template\defaulttags.py", line 249, in render
    nodelist.append(node.render_annotated(context))
                    ~~~~~~~~~~~~~~~~~~~~~^^^^^^^^^
  File "C:\Users\zenam\AppData\Local\Programs\Python\Python313\Lib\site-packages\django\template\base.py", line 1052, in render_annotated
    return self.render(context)
           ~~~~~~~~~~~^^^^^^^^^
  File "C:\Users\zenam\AppData\Local\Programs\Python\Python313\Lib\site-packages\django\template\loader_tags.py", line 211, in render
    return template.render(context)
           ~~~~~~~~~~~~~~~^^^^^^^^^
  File "C:\Users\zenam\AppData\Local\Programs\Python\Python313\Lib\site-packages\django\template\base.py", line 176, in render
    return self._render(context)
           ~~~~~~~~~~~~^^^^^^^^^
  File "C:\Users\zenam\AppData\Local\Programs\Python\Python313\Lib\site-packages\django\test\utils.py", line 114, in instrumented_test_render
    return self.nodelist.render(context)
           ~~~~~~~~~~~~~~~~~~~~^^^^^^^^^
  File "C:\Users\zenam\AppData\Local\Programs\Python\Python313\Lib\site-packages\django\template\base.py", line 1091, in render
    return SafeString("".join([node.render_annotated(context) for node in self]))
                               ~~~~~~~~~~~~~~~~~~~~~^^^^^^^^^
  File "C:\Users\zenam\AppData\Local\Programs\Python\Python313\Lib\site-packages\django\template\base.py", line 1052, in render_annotated
    return self.render(context)
           ~~~~~~~~~~~^^^^^^^^^
  File "C:\Users\zenam\AppData\Local\Programs\Python\Python313\Lib\site-packages\django\template\defaulttags.py", line 333, in render
    return nodelist.render(context)
           ~~~~~~~~~~~~~~~^^^^^^^^^
  File "C:\Users\zenam\AppData\Local\Programs\Python\Python313\Lib\site-packages\django\template\base.py", line 1091, in render
    return SafeString("".join([node.render_annotated(context) for node in self]))
                               ~~~~~~~~~~~~~~~~~~~~~^^^^^^^^^
  File "C:\Users\zenam\AppData\Local\Programs\Python\Python313\Lib\site-packages\django\template\base.py", line 1052, in render_annotated
    return self.render(context)
           ~~~~~~~~~~~^^^^^^^^^
  File "C:\Users\zenam\AppData\Local\Programs\Python\Python313\Lib\site-packages\django\template\defaulttags.py", line 333, in render
    return nodelist.render(context)
           ~~~~~~~~~~~~~~~^^^^^^^^^
  File "C:\Users\zenam\AppData\Local\Programs\Python\Python313\Lib\site-packages\django\template\base.py", line 1091, in render
    return SafeString("".join([node.render_annotated(context) for node in self]))
                               ~~~~~~~~~~~~~~~~~~~~~^^^^^^^^^
  File "C:\Users\zenam\AppData\Local\Programs\Python\Python313\Lib\site-packages\django\template\base.py", line 1052, in render_annotated
    return self.render(context)
           ~~~~~~~~~~~^^^^^^^^^
  File "C:\Users\zenam\AppData\Local\Programs\Python\Python313\Lib\site-packages\django\template\base.py", line 1150, in render
    output = self.filter_expression.resolve(context)
  File "C:\Users\zenam\AppData\Local\Programs\Python\Python313\Lib\site-packages\django\template\base.py", line 788, in resolve
    obj = self.var.resolve(context)
  File "C:\Users\zenam\AppData\Local\Programs\Python\Python313\Lib\site-packages\django\template\base.py", line 928, in resolve
    value = self._resolve_lookup(context)
  File "C:\Users\zenam\AppData\Local\Programs\Python\Python313\Lib\site-packages\django\template\base.py", line 976, in _resolve_lookup
    current = getattr(current, bit)
  File "C:\Users\zenam\AppData\Local\Programs\Python\Python313\Lib\site-packages\debug_toolbar\panels\__init__.py", line 110, in content
    return render_to_string(self.template, self.get_stats())
  File "C:\Users\zenam\AppData\Local\Programs\Python\Python313\Lib\site-packages\django\template\loader.py", line 62, in render_to_string
    return template.render(context, request)
           ~~~~~~~~~~~~~~~^^^^^^^^^^^^^^^^^^
  File "C:\Users\zenam\AppData\Local\Programs\Python\Python313\Lib\site-packages\django\template\backends\django.py", line 107, in render
    return self.template.render(context)
           ~~~~~~~~~~~~~~~~~~~~^^^^^^^^^
  File "C:\Users\zenam\AppData\Local\Programs\Python\Python313\Lib\site-packages\django\template\base.py", line 174, in render
    return self._render(context)
           ~~~~~~~~~~~~^^^^^^^^^
  File "C:\Users\zenam\AppData\Local\Programs\Python\Python313\Lib\site-packages\django\test\utils.py", line 114, in instrumented_test_render
    return self.nodelist.render(context)
           ~~~~~~~~~~~~~~~~~~~~^^^^^^^^^
  File "C:\Users\zenam\AppData\Local\Programs\Python\Python313\Lib\site-packages\django\template\base.py", line 1091, in render
    return SafeString("".join([node.render_annotated(context) for node in self]))
                               ~~~~~~~~~~~~~~~~~~~~~^^^^^^^^^
  File "C:\Users\zenam\AppData\Local\Programs\Python\Python313\Lib\site-packages\django\template\base.py", line 1052, in render_annotated
    return self.render(context)
           ~~~~~~~~~~~^^^^^^^^^
  File "C:\Users\zenam\AppData\Local\Programs\Python\Python313\Lib\site-packages\django\template\defaulttags.py", line 333, in render
    return nodelist.render(context)
           ~~~~~~~~~~~~~~~^^^^^^^^^
  File "C:\Users\zenam\AppData\Local\Programs\Python\Python313\Lib\site-packages\django\template\base.py", line 1091, in render
    return SafeString("".join([node.render_annotated(context) for node in self]))
                               ~~~~~~~~~~~~~~~~~~~~~^^^^^^^^^
  File "C:\Users\zenam\AppData\Local\Programs\Python\Python313\Lib\site-packages\django\template\base.py", line 1052, in render_annotated
    return self.render(context)
           ~~~~~~~~~~~^^^^^^^^^
  File "C:\Users\zenam\AppData\Local\Programs\Python\Python313\Lib\site-packages\django\template\defaulttags.py", line 249, in render
    nodelist.append(node.render_annotated(context))
                    ~~~~~~~~~~~~~~~~~~~~~^^^^^^^^^
  File "C:\Users\zenam\AppData\Local\Programs\Python\Python313\Lib\site-packages\django\template\base.py", line 1052, in render_annotated
    return self.render(context)
           ~~~~~~~~~~~^^^^^^^^^
  File "C:\Users\zenam\AppData\Local\Programs\Python\Python313\Lib\site-packages\django\template\defaulttags.py", line 333, in render
    return nodelist.render(context)
           ~~~~~~~~~~~~~~~^^^^^^^^^
  File "C:\Users\zenam\AppData\Local\Programs\Python\Python313\Lib\site-packages\django\template\base.py", line 1091, in render
    return SafeString("".join([node.render_annotated(context) for node in self]))
                               ~~~~~~~~~~~~~~~~~~~~~^^^^^^^^^
  File "C:\Users\zenam\AppData\Local\Programs\Python\Python313\Lib\site-packages\django\template\base.py", line 1052, in render_annotated
    return self.render(context)
           ~~~~~~~~~~~^^^^^^^^^
  File "C:\Users\zenam\AppData\Local\Programs\Python\Python313\Lib\site-packages\django\template\defaulttags.py", line 333, in render
    return nodelist.render(context)
           ~~~~~~~~~~~~~~~^^^^^^^^^
  File "C:\Users\zenam\AppData\Local\Programs\Python\Python313\Lib\site-packages\django\template\base.py", line 1091, in render
    return SafeString("".join([node.render_annotated(context) for node in self]))
                               ~~~~~~~~~~~~~~~~~~~~~^^^^^^^^^
  File "C:\Users\zenam\AppData\Local\Programs\Python\Python313\Lib\site-packages\django\template\base.py", line 1052, in render_annotated
    return self.render(context)
           ~~~~~~~~~~~^^^^^^^^^
  File "C:\Users\zenam\AppData\Local\Programs\Python\Python313\Lib\site-packages\django\template\defaulttags.py", line 511, in render
    url = reverse(view_name, args=args, kwargs=kwargs, current_app=current_app)
  File "C:\Users\zenam\AppData\Local\Programs\Python\Python313\Lib\site-packages\django\urls\base.py", line 92, in reverse
    raise NoReverseMatch("%s is not a registered namespace" % key)
django.urls.exceptions.NoReverseMatch: 'djdt' is not a registered namespace
INFO 2026-10-05 14:52:19,429 middleware Request GET / by Anonymous in 8.79 ms | groups=Anonymous | status=200
ERROR 2026-10-05 14:52:19,460 log Internal Server Error: /
Traceback (most recent call last):
  File "C:\Users\zenam\AppData\Local\Programs\Python\Python313\Lib\site-packages\django\template\base.py", line 964, in _resolve_lookup
    raise TypeError
TypeError

During handling of the above exception, another exception occurred:

Traceback (most recent call last):
  File "C:\Users\zenam\AppData\Local\Programs\Python\Python313\Lib\site-packages\django\urls\base.py", line 81, in reverse
    extra, resolver = resolver.namespace_dict[ns]
                      ~~~~~~~~~~~~~~~~~~~~~~~^^^^
KeyError: 'djdt'

During handling of the above exception, another exception occurred:

Traceback (most recent call last):
  File "C:\Users\zenam\AppData\Local\Programs\Python\Python313\Lib\site-packages\django\core\handlers\exception.py", line 55, in inner
    response = get_response(request)
  File "C:\Users\zenam\AppData\Local\Programs\Python\Python313\Lib\site-packages\debug_toolbar\middleware.py", line 130, in __call__
    return self._postprocess(request, response, toolbar)
           ~~~~~~~~~~~~~~~~~^^^^^^^^^^^^^^^^^^^^^^^^^^^^
  File "C:\Users\zenam\AppData\Local\Programs\Python\Python313\Lib\site-packages\debug_toolbar\middleware.py", line 172, in _postprocess
    rendered = toolbar.render_toolbar()
  File "C:\Users\zenam\AppData\Local\Programs\Python\Python313\Lib\site-packages\debug_toolbar\toolbar.py", line 96, in render_toolbar
    return render_to_string("debug_toolbar/base.html", context)
  File "C:\Users\zenam\AppData\Local\Programs\Python\Python313\Lib\site-packages\django\template\loader.py", line 62, in render_to_string
    return template.render(context, request)
           ~~~~~~~~~~~~~~~^^^^^^^^^^^^^^^^^^
  File "C:\Users\zenam\AppData\Local\Programs\Python\Python313\Lib\site-packages\django\template\backends\django.py", line 107, in render
    return self.template.render(context)
           ~~~~~~~~~~~~~~~~~~~~^^^^^^^^^
  File "C:\Users\zenam\AppData\Local\Programs\Python\Python313\Lib\site-packages\django\template\base.py", line 174, in render
    return self._render(context)
           ~~~~~~~~~~~~^^^^^^^^^
  File "C:\Users\zenam\AppData\Local\Programs\Python\Python313\Lib\site-packages\django\test\utils.py", line 114, in instrumented_test_render
    return self.nodelist.render(context)
           ~~~~~~~~~~~~~~~~~~~~^^^^^^^^^
  File "C:\Users\zenam\AppData\Local\Programs\Python\Python313\Lib\site-packages\django\template\base.py", line 1091, in render
    return SafeString("".join([node.render_annotated(context) for node in self]))
                               ~~~~~~~~~~~~~~~~~~~~~^^^^^^^^^
  File "C:\Users\zenam\AppData\Local\Programs\Python\Python313\Lib\site-packages\django\template\base.py", line 1052, in render_annotated
    return self.render(context)
           ~~~~~~~~~~~^^^^^^^^^
  File "C:\Users\zenam\AppData\Local\Programs\Python\Python313\Lib\site-packages\django\template\defaulttags.py", line 249, in render
    nodelist.append(node.render_annotated(context))
                    ~~~~~~~~~~~~~~~~~~~~~^^^^^^^^^
  File "C:\Users\zenam\AppData\Local\Programs\Python\Python313\Lib\site-packages\django\template\base.py", line 1052, in render_annotated
    return self.render(context)
           ~~~~~~~~~~~^^^^^^^^^
  File "C:\Users\zenam\AppData\Local\Programs\Python\Python313\Lib\site-packages\django\template\loader_tags.py", line 211, in render
    return template.render(context)
           ~~~~~~~~~~~~~~~^^^^^^^^^
  File "C:\Users\zenam\AppData\Local\Programs\Python\Python313\Lib\site-packages\django\template\base.py", line 176, in render
    return self._render(context)
           ~~~~~~~~~~~~^^^^^^^^^
  File "C:\Users\zenam\AppData\Local\Programs\Python\Python313\Lib\site-packages\django\test\utils.py", line 114, in instrumented_test_render
    return self.nodelist.render(context)
           ~~~~~~~~~~~~~~~~~~~~^^^^^^^^^
  File "C:\Users\zenam\AppData\Local\Programs\Python\Python313\Lib\site-packages\django\template\base.py", line 1091, in render
    return SafeString("".join([node.render_annotated(context) for node in self]))
                               ~~~~~~~~~~~~~~~~~~~~~^^^^^^^^^
  File "C:\Users\zenam\AppData\Local\Programs\Python\Python313\Lib\site-packages\django\template\base.py", line 1052, in render_annotated
    return self.render(context)
           ~~~~~~~~~~~^^^^^^^^^
  File "C:\Users\zenam\AppData\Local\Programs\Python\Python313\Lib\site-packages\django\template\defaulttags.py", line 333, in render
    return nodelist.render(context)
           ~~~~~~~~~~~~~~~^^^^^^^^^
  File "C:\Users\zenam\AppData\Local\Programs\Python\Python313\Lib\site-packages\django\template\base.py", line 1091, in render
    return SafeString("".join([node.render_annotated(context) for node in self]))
                               ~~~~~~~~~~~~~~~~~~~~~^^^^^^^^^
  File "C:\Users\zenam\AppData\Local\Programs\Python\Python313\Lib\site-packages\django\template\base.py", line 1052, in render_annotated
    return self.render(context)
           ~~~~~~~~~~~^^^^^^^^^
  File "C:\Users\zenam\AppData\Local\Programs\Python\Python313\Lib\site-packages\django\template\defaulttags.py", line 333, in render
    return nodelist.render(context)
           ~~~~~~~~~~~~~~~^^^^^^^^^
  File "C:\Users\zenam\AppData\Local\Programs\Python\Python313\Lib\site-packages\django\template\base.py", line 1091, in render
    return SafeString("".join([node.render_annotated(context) for node in self]))
                               ~~~~~~~~~~~~~~~~~~~~~^^^^^^^^^
  File "C:\Users\zenam\AppData\Local\Programs\Python\Python313\Lib\site-packages\django\template\base.py", line 1052, in render_annotated
    return self.render(context)
           ~~~~~~~~~~~^^^^^^^^^
  File "C:\Users\zenam\AppData\Local\Programs\Python\Python313\Lib\site-packages\django\template\base.py", line 1150, in render
    output = self.filter_expression.resolve(context)
  File "C:\Users\zenam\AppData\Local\Programs\Python\Python313\Lib\site-packages\django\template\base.py", line 788, in resolve
    obj = self.var.resolve(context)
  File "C:\Users\zenam\AppData\Local\Programs\Python\Python313\Lib\site-packages\django\template\base.py", line 928, in resolve
    value = self._resolve_lookup(context)
  File "C:\Users\zenam\AppData\Local\Programs\Python\Python313\Lib\site-packages\django\template\base.py", line 976, in _resolve_lookup
    current = getattr(current, bit)
  File "C:\Users\zenam\AppData\Local\Programs\Python\Python313\Lib\site-packages\debug_toolbar\panels\__init__.py", line 110, in content
    return render_to_string(self.template, self.get_stats())
  File "C:\Users\zenam\AppData\Local\Programs\Python\Python313\Lib\site-packages\django\template\loader.py", line 62, in render_to_string
    return template.render(context, request)
           ~~~~~~~~~~~~~~~^^^^^^^^^^^^^^^^^^
  File "C:\Users\zenam\AppData\Local\Programs\Python\Python313\Lib\site-packages\django\template\backends\django.py", line 107, in render
    return self.template.render(context)
           ~~~~~~~~~~~~~~~~~~~~^^^^^^^^^
  File "C:\Users\zenam\AppData\Local\Programs\Python\Python313\Lib\site-packages\django\template\base.py", line 174, in render
    return self._render(context)
           ~~~~~~~~~~~~^^^^^^^^^
  File "C:\Users\zenam\AppData\Local\Programs\Python\Python313\Lib\site-packages\django\test\utils.py", line 114, in instrumented_test_render
    return self.nodelist.render(context)
           ~~~~~~~~~~~~~~~~~~~~^^^^^^^^^
  File "C:\Users\zenam\AppData\Local\Programs\Python\Python313\Lib\site-packages\django\template\base.py", line 1091, in render
    return SafeString("".join([node.render_annotated(context) for node in self]))
                               ~~~~~~~~~~~~~~~~~~~~~^^^^^^^^^
  File "C:\Users\zenam\AppData\Local\Programs\Python\Python313\Lib\site-packages\django\template\base.py", line 1052, in render_annotated
    return self.render(context)
           ~~~~~~~~~~~^^^^^^^^^
  File "C:\Users\zenam\AppData\Local\Programs\Python\Python313\Lib\site-packages\django\template\defaulttags.py", line 333, in render
    return nodelist.render(context)
           ~~~~~~~~~~~~~~~^^^^^^^^^
  File "C:\Users\zenam\AppData\Local\Programs\Python\Python313\Lib\site-packages\django\template\base.py", line 1091, in render
    return SafeString("".join([node.render_annotated(context) for node in self]))
                               ~~~~~~~~~~~~~~~~~~~~~^^^^^^^^^
  File "C:\Users\zenam\AppData\Local\Programs\Python\Python313\Lib\site-packages\django\template\base.py", line 1052, in render_annotated
    return self.render(context)
           ~~~~~~~~~~~^^^^^^^^^
  File "C:\Users\zenam\AppData\Local\Programs\Python\Python313\Lib\site-packages\django\template\defaulttags.py", line 249, in render
    nodelist.append(node.render_annotated(context))
                    ~~~~~~~~~~~~~~~~~~~~~^^^^^^^^^
  File "C:\Users\zenam\AppData\Local\Programs\Python\Python313\Lib\site-packages\django\template\base.py", line 1052, in render_annotated
    return self.render(context)
           ~~~~~~~~~~~^^^^^^^^^
  File "C:\Users\zenam\AppData\Local\Programs\Python\Python313\Lib\site-packages\django\template\defaulttags.py", line 333, in render
    return nodelist.render(context)
           ~~~~~~~~~~~~~~~^^^^^^^^^
  File "C:\Users\zenam\AppData\Local\Programs\Python\Python313\Lib\site-packages\django\template\base.py", line 1091, in render
    return SafeString("".join([node.render_annotated(context) for node in self]))
                               ~~~~~~~~~~~~~~~~~~~~~^^^^^^^^^
  File "C:\Users\zenam\AppData\Local\Programs\Python\Python313\Lib\site-packages\django\template\base.py", line 1052, in render_annotated
    return self.render(context)
           ~~~~~~~~~~~^^^^^^^^^
  File "C:\Users\zenam\AppData\Local\Programs\Python\Python313\Lib\site-packages\django\template\defaulttags.py", line 333, in render
    return nodelist.render(context)
           ~~~~~~~~~~~~~~~^^^^^^^^^
  File "C:\Users\zenam\AppData\Local\Programs\Python\Python313\Lib\site-packages\django\template\base.py", line 1091, in render
    return SafeString("".join([node.render_annotated(context) for node in self]))
                               ~~~~~~~~~~~~~~~~~~~~~^^^^^^^^^
  File "C:\Users\zenam\AppData\Local\Programs\Python\Python313\Lib\site-packages\django\template\base.py", line 1052, in render_annotated
    return self.render(context)
           ~~~~~~~~~~~^^^^^^^^^
  File "C:\Users\zenam\AppData\Local\Programs\Python\Python313\Lib\site-packages\django\template\defaulttags.py", line 511, in render
    url = reverse(view_name, args=args, kwargs=kwargs, current_app=current_app)
  File "C:\Users\zenam\AppData\Local\Programs\Python\Python313\Lib\site-packages\django\urls\base.py", line 92, in reverse
    raise NoReverseMatch("%s is not a registered namespace" % key)
django.urls.exceptions.NoReverseMatch: 'djdt' is not a registered namespace
INFO 2026-10-05 14:52:20,101 middleware Request GET / by Anonymous in 5.44 ms | groups=Anonymous | status=200
ERROR 2026-10-05 14:52:20,131 log Internal Server Error: /
Traceback (most recent call last):
  File "C:\Users\zenam\AppData\Local\Programs\Python\Python313\Lib\site-packages\django\template\base.py", line 964, in _resolve_lookup
    raise TypeError
TypeError

During handling of the above exception, another exception occurred:

Traceback (most recent call last):
  File "C:\Users\zenam\AppData\Local\Programs\Python\Python313\Lib\site-packages\django\urls\base.py", line 81, in reverse
    extra, resolver = resolver.namespace_dict[ns]
                      ~~~~~~~~~~~~~~~~~~~~~~~^^^^
KeyError: 'djdt'

During handling of the above exception, another exception occurred:

Traceback (most recent call last):
  File "C:\Users\zenam\AppData\Local\Programs\Python\Python313\Lib\site-packages\django\core\handlers\exception.py", line 55, in inner
    response = get_response(request)
  File "C:\Users\zenam\AppData\Local\Programs\Python\Python313\Lib\site-packages\debug_toolbar\middleware.py", line 130, in __call__
    return self._postprocess(request, response, toolbar)
           ~~~~~~~~~~~~~~~~~^^^^^^^^^^^^^^^^^^^^^^^^^^^^
  File "C:\Users\zenam\AppData\Local\Programs\Python\Python313\Lib\site-packages\debug_toolbar\middleware.py", line 172, in _postprocess
    rendered = toolbar.render_toolbar()
  File "C:\Users\zenam\AppData\Local\Programs\Python\Python313\Lib\site-packages\debug_toolbar\toolbar.py", line 96, in render_toolbar
    return render_to_string("debug_toolbar/base.html", context)
  File "C:\Users\zenam\AppData\Local\Programs\Python\Python313\Lib\site-packages\django\template\loader.py", line 62, in render_to_string
    return template.render(context, request)
           ~~~~~~~~~~~~~~~^^^^^^^^^^^^^^^^^^
  File "C:\Users\zenam\AppData\Local\Programs\Python\Python313\Lib\site-packages\django\template\backends\django.py", line 107, in render
    return self.template.render(context)
           ~~~~~~~~~~~~~~~~~~~~^^^^^^^^^
  File "C:\Users\zenam\AppData\Local\Programs\Python\Python313\Lib\site-packages\django\template\base.py", line 174, in render
    return self._render(context)
           ~~~~~~~~~~~~^^^^^^^^^
  File "C:\Users\zenam\AppData\Local\Programs\Python\Python313\Lib\site-packages\django\test\utils.py", line 114, in instrumented_test_render
    return self.nodelist.render(context)
           ~~~~~~~~~~~~~~~~~~~~^^^^^^^^^
  File "C:\Users\zenam\AppData\Local\Programs\Python\Python313\Lib\site-packages\django\template\base.py", line 1091, in render
    return SafeString("".join([node.render_annotated(context) for node in self]))
                               ~~~~~~~~~~~~~~~~~~~~~^^^^^^^^^
  File "C:\Users\zenam\AppData\Local\Programs\Python\Python313\Lib\site-packages\django\template\base.py", line 1052, in render_annotated
    return self.render(context)
           ~~~~~~~~~~~^^^^^^^^^
  File "C:\Users\zenam\AppData\Local\Programs\Python\Python313\Lib\site-packages\django\template\defaulttags.py", line 249, in render
    nodelist.append(node.render_annotated(context))
                    ~~~~~~~~~~~~~~~~~~~~~^^^^^^^^^
  File "C:\Users\zenam\AppData\Local\Programs\Python\Python313\Lib\site-packages\django\template\base.py", line 1052, in render_annotated
    return self.render(context)
           ~~~~~~~~~~~^^^^^^^^^
  File "C:\Users\zenam\AppData\Local\Programs\Python\Python313\Lib\site-packages\django\template\loader_tags.py", line 211, in render
    return template.render(context)
           ~~~~~~~~~~~~~~~^^^^^^^^^
  File "C:\Users\zenam\AppData\Local\Programs\Python\Python313\Lib\site-packages\django\template\base.py", line 176, in render
    return self._render(context)
           ~~~~~~~~~~~~^^^^^^^^^
  File "C:\Users\zenam\AppData\Local\Programs\Python\Python313\Lib\site-packages\django\test\utils.py", line 114, in instrumented_test_render
    return self.nodelist.render(context)
           ~~~~~~~~~~~~~~~~~~~~^^^^^^^^^
  File "C:\Users\zenam\AppData\Local\Programs\Python\Python313\Lib\site-packages\django\template\base.py", line 1091, in render
    return SafeString("".join([node.render_annotated(context) for node in self]))
                               ~~~~~~~~~~~~~~~~~~~~~^^^^^^^^^
  File "C:\Users\zenam\AppData\Local\Programs\Python\Python313\Lib\site-packages\django\template\base.py", line 1052, in render_annotated
    return self.render(context)
           ~~~~~~~~~~~^^^^^^^^^
  File "C:\Users\zenam\AppData\Local\Programs\Python\Python313\Lib\site-packages\django\template\defaulttags.py", line 333, in render
    return nodelist.render(context)
           ~~~~~~~~~~~~~~~^^^^^^^^^
  File "C:\Users\zenam\AppData\Local\Programs\Python\Python313\Lib\site-packages\django\template\base.py", line 1091, in render
    return SafeString("".join([node.render_annotated(context) for node in self]))
                               ~~~~~~~~~~~~~~~~~~~~~^^^^^^^^^
  File "C:\Users\zenam\AppData\Local\Programs\Python\Python313\Lib\site-packages\django\template\base.py", line 1052, in render_annotated
    return self.render(context)
           ~~~~~~~~~~~^^^^^^^^^
  File "C:\Users\zenam\AppData\Local\Programs\Python\Python313\Lib\site-packages\django\template\defaulttags.py", line 333, in render
    return nodelist.render(context)
           ~~~~~~~~~~~~~~~^^^^^^^^^
  File "C:\Users\zenam\AppData\Local\Programs\Python\Python313\Lib\site-packages\django\template\base.py", line 1091, in render
    return SafeString("".join([node.render_annotated(context) for node in self]))
                               ~~~~~~~~~~~~~~~~~~~~~^^^^^^^^^
  File "C:\Users\zenam\AppData\Local\Programs\Python\Python313\Lib\site-packages\django\template\base.py", line 1052, in render_annotated
    return self.render(context)
           ~~~~~~~~~~~^^^^^^^^^
  File "C:\Users\zenam\AppData\Local\Programs\Python\Python313\Lib\site-packages\django\template\base.py", line 1150, in render
    output = self.filter_expression.resolve(context)
  File "C:\Users\zenam\AppData\Local\Programs\Python\Python313\Lib\site-packages\django\template\base.py", line 788, in resolve
    obj = self.var.resolve(context)
  File "C:\Users\zenam\AppData\Local\Programs\Python\Python313\Lib\site-packages\django\template\base.py", line 928, in resolve
    value = self._resolve_lookup(context)
  File "C:\Users\zenam\AppData\Local\Programs\Python\Python313\Lib\site-packages\django\template\base.py", line 976, in _resolve_lookup
    current = getattr(current, bit)
  File "C:\Users\zenam\AppData\Local\Programs\Python\Python313\Lib\site-packages\debug_toolbar\panels\__init__.py", line 110, in content
    return render_to_string(self.template, self.get_stats())
  File "C:\Users\zenam\AppData\Local\Programs\Python\Python313\Lib\site-packages\django\template\loader.py", line 62, in render_to_string
    return template.render(context, request)
           ~~~~~~~~~~~~~~~^^^^^^^^^^^^^^^^^^
  File "C:\Users\zenam\AppData\Local\Programs\Python\Python313\Lib\site-packages\django\template\backends\django.py", line 107, in render
    return self.template.render(context)
           ~~~~~~~~~~~~~~~~~~~~^^^^^^^^^
  File "C:\Users\zenam\AppData\Local\Programs\Python\Python313\Lib\site-packages\django\template\base.py", line 174, in render
    return self._render(context)
           ~~~~~~~~~~~~^^^^^^^^^
  File "C:\Users\zenam\AppData\Local\Programs\Python\Python313\Lib\site-packages\django\test\utils.py", line 114, in instrumented_test_render
    return self.nodelist.render(context)
           ~~~~~~~~~~~~~~~~~~~~^^^^^^^^^
  File "C:\Users\zenam\AppData\Local\Programs\Python\Python313\Lib\site-packages\django\template\base.py", line 1091, in render
    return SafeString("".join([node.render_annotated(context) for node in self]))
                               ~~~~~~~~~~~~~~~~~~~~~^^^^^^^^^
  File "C:\Users\zenam\AppData\Local\Programs\Python\Python313\Lib\site-packages\django\template\base.py", line 1052, in render_annotated
    return self.render(context)
           ~~~~~~~~~~~^^^^^^^^^
  File "C:\Users\zenam\AppData\Local\Programs\Python\Python313\Lib\site-packages\django\template\defaulttags.py", line 333, in render
    return nodelist.render(context)
           ~~~~~~~~~~~~~~~^^^^^^^^^
  File "C:\Users\zenam\AppData\Local\Programs\Python\Python313\Lib\site-packages\django\template\base.py", line 1091, in render
    return SafeString("".join([node.render_annotated(context) for node in self]))
                               ~~~~~~~~~~~~~~~~~~~~~^^^^^^^^^
  File "C:\Users\zenam\AppData\Local\Programs\Python\Python313\Lib\site-packages\django\template\base.py", line 1052, in render_annotated
    return self.render(context)
           ~~~~~~~~~~~^^^^^^^^^
  File "C:\Users\zenam\AppData\Local\Programs\Python\Python313\Lib\site-packages\django\template\defaulttags.py", line 249, in render
    nodelist.append(node.render_annotated(context))
                    ~~~~~~~~~~~~~~~~~~~~~^^^^^^^^^
  File "C:\Users\zenam\AppData\Local\Programs\Python\Python313\Lib\site-packages\django\template\base.py", line 1052, in render_annotated
    return self.render(context)
           ~~~~~~~~~~~^^^^^^^^^
  File "C:\Users\zenam\AppData\Local\Programs\Python\Python313\Lib\site-packages\django\template\defaulttags.py", line 333, in render
    return nodelist.render(context)
           ~~~~~~~~~~~~~~~^^^^^^^^^
  File "C:\Users\zenam\AppData\Local\Programs\Python\Python313\Lib\site-packages\django\template\base.py", line 1091, in render
    return SafeString("".join([node.render_annotated(context) for node in self]))
                               ~~~~~~~~~~~~~~~~~~~~~^^^^^^^^^
  File "C:\Users\zenam\AppData\Local\Programs\Python\Python313\Lib\site-packages\django\template\base.py", line 1052, in render_annotated
    return self.render(context)
           ~~~~~~~~~~~^^^^^^^^^
  File "C:\Users\zenam\AppData\Local\Programs\Python\Python313\Lib\site-packages\django\template\defaulttags.py", line 333, in render
    return nodelist.render(context)
           ~~~~~~~~~~~~~~~^^^^^^^^^
  File "C:\Users\zenam\AppData\Local\Programs\Python\Python313\Lib\site-packages\django\template\base.py", line 1091, in render
    return SafeString("".join([node.render_annotated(context) for node in self]))
                               ~~~~~~~~~~~~~~~~~~~~~^^^^^^^^^
  File "C:\Users\zenam\AppData\Local\Programs\Python\Python313\Lib\site-packages\django\template\base.py", line 1052, in render_annotated
    return self.render(context)
           ~~~~~~~~~~~^^^^^^^^^
  File "C:\Users\zenam\AppData\Local\Programs\Python\Python313\Lib\site-packages\django\template\defaulttags.py", line 511, in render
    url = reverse(view_name, args=args, kwargs=kwargs, current_app=current_app)
  File "C:\Users\zenam\AppData\Local\Programs\Python\Python313\Lib\site-packages\django\urls\base.py", line 92, in reverse
    raise NoReverseMatch("%s is not a registered namespace" % key)
django.urls.exceptions.NoReverseMatch: 'djdt' is not a registered namespace
INFO 2026-10-05 14:52:20,780 middleware Request POST /cart/add/1/ by Anonymous in 14.84 ms | groups=Anonymous | status=302
ERROR 2026-10-05 14:52:20,825 log Internal Server Error: /cart/add/1/
Traceback (most recent call last):
  File "C:\Users\zenam\AppData\Local\Programs\Python\Python313\Lib\site-packages\django\template\base.py", line 964, in _resolve_lookup
    raise TypeError
TypeError

During handling of the above exception, another exception occurred:

Traceback (most recent call last):
  File "C:\Users\zenam\AppData\Local\Programs\Python\Python313\Lib\site-packages\django\urls\base.py", line 81, in reverse
    extra, resolver = resolver.namespace_dict[ns]
                      ~~~~~~~~~~~~~~~~~~~~~~~^^^^
KeyError: 'djdt'

During handling of the above exception, another exception occurred:

Traceback (most recent call last):
  File "C:\Users\zenam\AppData\Local\Programs\Python\Python313\Lib\site-packages\django\core\handlers\exception.py", line 55, in inner
    response = get_response(request)
  File "C:\Users\zenam\AppData\Local\Programs\Python\Python313\Lib\site-packages\debug_toolbar\middleware.py", line 130, in __call__
    return self._postprocess(request, response, toolbar)
           ~~~~~~~~~~~~~~~~~^^^^^^^^^^^^^^^^^^^^^^^^^^^^
  File "C:\Users\zenam\AppData\Local\Programs\Python\Python313\Lib\site-packages\debug_toolbar\middleware.py", line 172, in _postprocess
    rendered = toolbar.render_toolbar()
  File "C:\Users\zenam\AppData\Local\Programs\Python\Python313\Lib\site-packages\debug_toolbar\toolbar.py", line 96, in render_toolbar
    return render_to_string("debug_toolbar/base.html", context)
  File "C:\Users\zenam\AppData\Local\Programs\Python\Python313\Lib\site-packages\django\template\loader.py", line 62, in render_to_string
    return template.render(context, request)
           ~~~~~~~~~~~~~~~^^^^^^^^^^^^^^^^^^
  File "C:\Users\zenam\AppData\Local\Programs\Python\Python313\Lib\site-packages\django\template\backends\django.py", line 107, in render
    return self.template.render(context)
           ~~~~~~~~~~~~~~~~~~~~^^^^^^^^^
  File "C:\Users\zenam\AppData\Local\Programs\Python\Python313\Lib\site-packages\django\template\base.py", line 174, in render
    return self._render(context)
           ~~~~~~~~~~~~^^^^^^^^^
  File "C:\Users\zenam\AppData\Local\Programs\Python\Python313\Lib\site-packages\django\test\utils.py", line 114, in instrumented_test_render
    return self.nodelist.render(context)
           ~~~~~~~~~~~~~~~~~~~~^^^^^^^^^
  File "C:\Users\zenam\AppData\Local\Programs\Python\Python313\Lib\site-packages\django\template\base.py", line 1091, in render
    return SafeString("".join([node.render_annotated(context) for node in self]))
                               ~~~~~~~~~~~~~~~~~~~~~^^^^^^^^^
  File "C:\Users\zenam\AppData\Local\Programs\Python\Python313\Lib\site-packages\django\template\base.py", line 1052, in render_annotated
    return self.render(context)
           ~~~~~~~~~~~^^^^^^^^^
  File "C:\Users\zenam\AppData\Local\Programs\Python\Python313\Lib\site-packages\django\template\defaulttags.py", line 249, in render
    nodelist.append(node.render_annotated(context))
                    ~~~~~~~~~~~~~~~~~~~~~^^^^^^^^^
  File "C:\Users\zenam\AppData\Local\Programs\Python\Python313\Lib\site-packages\django\template\base.py", line 1052, in render_annotated
    return self.render(context)
           ~~~~~~~~~~~^^^^^^^^^
  File "C:\Users\zenam\AppData\Local\Programs\Python\Python313\Lib\site-packages\django\template\loader_tags.py", line 211, in render
    return template.render(context)
           ~~~~~~~~~~~~~~~^^^^^^^^^
  File "C:\Users\zenam\AppData\Local\Programs\Python\Python313\Lib\site-packages\django\template\base.py", line 176, in render
    return self._render(context)
           ~~~~~~~~~~~~^^^^^^^^^
  File "C:\Users\zenam\AppData\Local\Programs\Python\Python313\Lib\site-packages\django\test\utils.py", line 114, in instrumented_test_render
    return self.nodelist.render(context)
           ~~~~~~~~~~~~~~~~~~~~^^^^^^^^^
  File "C:\Users\zenam\AppData\Local\Programs\Python\Python313\Lib\site-packages\django\template\base.py", line 1091, in render
    return SafeString("".join([node.render_annotated(context) for node in self]))
                               ~~~~~~~~~~~~~~~~~~~~~^^^^^^^^^
  File "C:\Users\zenam\AppData\Local\Programs\Python\Python313\Lib\site-packages\django\template\base.py", line 1052, in render_annotated
    return self.render(context)
           ~~~~~~~~~~~^^^^^^^^^
  File "C:\Users\zenam\AppData\Local\Programs\Python\Python313\Lib\site-packages\django\template\defaulttags.py", line 333, in render
    return nodelist.render(context)
           ~~~~~~~~~~~~~~~^^^^^^^^^
  File "C:\Users\zenam\AppData\Local\Programs\Python\Python313\Lib\site-packages\django\template\base.py", line 1091, in render
    return SafeString("".join([node.render_annotated(context) for node in self]))
                               ~~~~~~~~~~~~~~~~~~~~~^^^^^^^^^
  File "C:\Users\zenam\AppData\Local\Programs\Python\Python313\Lib\site-packages\django\template\base.py", line 1052, in render_annotated
    return self.render(context)
           ~~~~~~~~~~~^^^^^^^^^
  File "C:\Users\zenam\AppData\Local\Programs\Python\Python313\Lib\site-packages\django\template\defaulttags.py", line 333, in render
    return nodelist.render(context)
           ~~~~~~~~~~~~~~~^^^^^^^^^
  File "C:\Users\zenam\AppData\Local\Programs\Python\Python313\Lib\site-packages\django\template\base.py", line 1091, in render
    return SafeString("".join([node.render_annotated(context) for node in self]))
                               ~~~~~~~~~~~~~~~~~~~~~^^^^^^^^^
  File "C:\Users\zenam\AppData\Local\Programs\Python\Python313\Lib\site-packages\django\template\base.py", line 1052, in render_annotated
    return self.render(context)
           ~~~~~~~~~~~^^^^^^^^^
  File "C:\Users\zenam\AppData\Local\Programs\Python\Python313\Lib\site-packages\django\template\base.py", line 1150, in render
    output = self.filter_expression.resolve(context)
  File "C:\Users\zenam\AppData\Local\Programs\Python\Python313\Lib\site-packages\django\template\base.py", line 788, in resolve
    obj = self.var.resolve(context)
  File "C:\Users\zenam\AppData\Local\Programs\Python\Python313\Lib\site-packages\django\template\base.py", line 928, in resolve
    value = self._resolve_lookup(context)
  File "C:\Users\zenam\AppData\Local\Programs\Python\Python313\Lib\site-packages\django\template\base.py", line 976, in _resolve_lookup
    current = getattr(current, bit)
  File "C:\Users\zenam\AppData\Local\Programs\Python\Python313\Lib\site-packages\debug_toolbar\panels\__init__.py", line 110, in content
    return render_to_string(self.template, self.get_stats())
  File "C:\Users\zenam\AppData\Local\Programs\Python\Python313\Lib\site-packages\django\template\loader.py", line 62, in render_to_string
    return template.render(context, request)
           ~~~~~~~~~~~~~~~^^^^^^^^^^^^^^^^^^
  File "C:\Users\zenam\AppData\Local\Programs\Python\Python313\Lib\site-packages\django\template\backends\django.py", line 107, in render
    return self.template.render(context)
           ~~~~~~~~~~~~~~~~~~~~^^^^^^^^^
  File "C:\Users\zenam\AppData\Local\Programs\Python\Python313\Lib\site-packages\django\template\base.py", line 174, in render
    return self._render(context)
           ~~~~~~~~~~~~^^^^^^^^^
  File "C:\Users\zenam\AppData\Local\Programs\Python\Python313\Lib\site-packages\django\test\utils.py", line 114, in instrumented_test_render
    return self.nodelist.render(context)
           ~~~~~~~~~~~~~~~~~~~~^^^^^^^^^
  File "C:\Users\zenam\AppData\Local\Programs\Python\Python313\Lib\site-packages\django\template\base.py", line 1091, in render
    return SafeString("".join([node.render_annotated(context) for node in self]))
                               ~~~~~~~~~~~~~~~~~~~~~^^^^^^^^^
  File "C:\Users\zenam\AppData\Local\Programs\Python\Python313\Lib\site-packages\django\template\base.py", line 1052, in render_annotated
    return self.render(context)
           ~~~~~~~~~~~^^^^^^^^^
  File "C:\Users\zenam\AppData\Local\Programs\Python\Python313\Lib\site-packages\django\template\defaulttags.py", line 333, in render
    return nodelist.render(context)
           ~~~~~~~~~~~~~~~^^^^^^^^^
  File "C:\Users\zenam\AppData\Local\Programs\Python\Python313\Lib\site-packages\django\template\base.py", line 1091, in render
    return SafeString("".join([node.render_annotated(context) for node in self]))
                               ~~~~~~~~~~~~~~~~~~~~~^^^^^^^^^
  File "C:\Users\zenam\AppData\Local\Programs\Python\Python313\Lib\site-packages\django\template\base.py", line 1052, in render_annotated
    return self.render(context)
           ~~~~~~~~~~~^^^^^^^^^
  File "C:\Users\zenam\AppData\Local\Programs\Python\Python313\Lib\site-packages\django\template\defaulttags.py", line 249, in render
    nodelist.append(node.render_annotated(context))
                    ~~~~~~~~~~~~~~~~~~~~~^^^^^^^^^
  File "C:\Users\zenam\AppData\Local\Programs\Python\Python313\Lib\site-packages\django\template\base.py", line 1052, in render_annotated
    return self.render(context)
           ~~~~~~~~~~~^^^^^^^^^
  File "C:\Users\zenam\AppData\Local\Programs\Python\Python313\Lib\site-packages\django\template\defaulttags.py", line 333, in render
    return nodelist.render(context)
           ~~~~~~~~~~~~~~~^^^^^^^^^
  File "C:\Users\zenam\AppData\Local\Programs\Python\Python313\Lib\site-packages\django\template\base.py", line 1091, in render
    return SafeString("".join([node.render_annotated(context) for node in self]))
                               ~~~~~~~~~~~~~~~~~~~~~^^^^^^^^^
  File "C:\Users\zenam\AppData\Local\Programs\Python\Python313\Lib\site-packages\django\template\base.py", line 1052, in render_annotated
    return self.render(context)
           ~~~~~~~~~~~^^^^^^^^^
  File "C:\Users\zenam\AppData\Local\Programs\Python\Python313\Lib\site-packages\django\template\defaulttags.py", line 333, in render
    return nodelist.render(context)
           ~~~~~~~~~~~~~~~^^^^^^^^^
  File "C:\Users\zenam\AppData\Local\Programs\Python\Python313\Lib\site-packages\django\template\base.py", line 1091, in render
    return SafeString("".join([node.render_annotated(context) for node in self]))
                               ~~~~~~~~~~~~~~~~~~~~~^^^^^^^^^
  File "C:\Users\zenam\AppData\Local\Programs\Python\Python313\Lib\site-packages\django\template\base.py", line 1052, in render_annotated
    return self.render(context)
           ~~~~~~~~~~~^^^^^^^^^
  File "C:\Users\zenam\AppData\Local\Programs\Python\Python313\Lib\site-packages\django\template\defaulttags.py", line 511, in render
    url = reverse(view_name, args=args, kwargs=kwargs, current_app=current_app)
  File "C:\Users\zenam\AppData\Local\Programs\Python\Python313\Lib\site-packages\django\urls\base.py", line 92, in reverse
    raise NoReverseMatch("%s is not a registered namespace" % key)
django.urls.exceptions.NoReverseMatch: 'djdt' is not a registered namespace
INFO 2026-10-05 14:52:21,573 middleware Request POST /checkout/ by Anonymous in 6.72 ms | groups=Anonymous | status=400
ERROR 2026-10-05 14:52:21,602 log Internal Server Error: /checkout/
Traceback (most recent call last):
  File "C:\Users\zenam\AppData\Local\Programs\Python\Python313\Lib\site-packages\django\template\base.py", line 964, in _resolve_lookup
    raise TypeError
TypeError

During handling of the above exception, another exception occurred:

Traceback (most recent call last):
  File "C:\Users\zenam\AppData\Local\Programs\Python\Python313\Lib\site-packages\django\urls\base.py", line 81, in reverse
    extra, resolver = resolver.namespace_dict[ns]
                      ~~~~~~~~~~~~~~~~~~~~~~~^^^^
KeyError: 'djdt'

During handling of the above exception, another exception occurred:

Traceback (most recent call last):
  File "C:\Users\zenam\AppData\Local\Programs\Python\Python313\Lib\site-packages\django\core\handlers\exception.py", line 55, in inner
    response = get_response(request)
  File "C:\Users\zenam\AppData\Local\Programs\Python\Python313\Lib\site-packages\debug_toolbar\middleware.py", line 130, in __call__
    return self._postprocess(request, response, toolbar)
           ~~~~~~~~~~~~~~~~~^^^^^^^^^^^^^^^^^^^^^^^^^^^^
  File "C:\Users\zenam\AppData\Local\Programs\Python\Python313\Lib\site-packages\debug_toolbar\middleware.py", line 172, in _postprocess
    rendered = toolbar.render_toolbar()
  File "C:\Users\zenam\AppData\Local\Programs\Python\Python313\Lib\site-packages\debug_toolbar\toolbar.py", line 96, in render_toolbar
    return render_to_string("debug_toolbar/base.html", context)
  File "C:\Users\zenam\AppData\Local\Programs\Python\Python313\Lib\site-packages\django\template\loader.py", line 62, in render_to_string
    return template.render(context, request)
           ~~~~~~~~~~~~~~~^^^^^^^^^^^^^^^^^^
  File "C:\Users\zenam\AppData\Local\Programs\Python\Python313\Lib\site-packages\django\template\backends\django.py", line 107, in render
    return self.template.render(context)
           ~~~~~~~~~~~~~~~~~~~~^^^^^^^^^
  File "C:\Users\zenam\AppData\Local\Programs\Python\Python313\Lib\site-packages\django\template\base.py", line 174, in render
    return self._render(context)
           ~~~~~~~~~~~~^^^^^^^^^
  File "C:\Users\zenam\AppData\Local\Programs\Python\Python313\Lib\site-packages\django\test\utils.py", line 114, in instrumented_test_render
    return self.nodelist.render(context)
           ~~~~~~~~~~~~~~~~~~~~^^^^^^^^^
  File "C:\Users\zenam\AppData\Local\Programs\Python\Python313\Lib\site-packages\django\template\base.py", line 1091, in render
    return SafeString("".join([node.render_annotated(context) for node in self]))
                               ~~~~~~~~~~~~~~~~~~~~~^^^^^^^^^
  File "C:\Users\zenam\AppData\Local\Programs\Python\Python313\Lib\site-packages\django\template\base.py", line 1052, in render_annotated
    return self.render(context)
           ~~~~~~~~~~~^^^^^^^^^
  File "C:\Users\zenam\AppData\Local\Programs\Python\Python313\Lib\site-packages\django\template\defaulttags.py", line 249, in render
    nodelist.append(node.render_annotated(context))
                    ~~~~~~~~~~~~~~~~~~~~~^^^^^^^^^
  File "C:\Users\zenam\AppData\Local\Programs\Python\Python313\Lib\site-packages\django\template\base.py", line 1052, in render_annotated
    return self.render(context)
           ~~~~~~~~~~~^^^^^^^^^
  File "C:\Users\zenam\AppData\Local\Programs\Python\Python313\Lib\site-packages\django\template\loader_tags.py", line 211, in render
    return template.render(context)
           ~~~~~~~~~~~~~~~^^^^^^^^^
  File "C:\Users\zenam\AppData\Local\Programs\Python\Python313\Lib\site-packages\django\template\base.py", line 176, in render
    return self._render(context)
           ~~~~~~~~~~~~^^^^^^^^^
  File "C:\Users\zenam\AppData\Local\Programs\Python\Python313\Lib\site-packages\django\test\utils.py", line 114, in instrumented_test_render
    return self.nodelist.render(context)
           ~~~~~~~~~~~~~~~~~~~~^^^^^^^^^
  File "C:\Users\zenam\AppData\Local\Programs\Python\Python313\Lib\site-packages\django\template\base.py", line 1091, in render
    return SafeString("".join([node.render_annotated(context) for node in self]))
                               ~~~~~~~~~~~~~~~~~~~~~^^^^^^^^^
  File "C:\Users\zenam\AppData\Local\Programs\Python\Python313\Lib\site-packages\django\template\base.py", line 1052, in render_annotated
    return self.render(context)
           ~~~~~~~~~~~^^^^^^^^^
  File "C:\Users\zenam\AppData\Local\Programs\Python\Python313\Lib\site-packages\django\template\defaulttags.py", line 333, in render
    return nodelist.render(context)
           ~~~~~~~~~~~~~~~^^^^^^^^^
  File "C:\Users\zenam\AppData\Local\Programs\Python\Python313\Lib\site-packages\django\template\base.py", line 1091, in render
    return SafeString("".join([node.render_annotated(context) for node in self]))
                               ~~~~~~~~~~~~~~~~~~~~~^^^^^^^^^
  File "C:\Users\zenam\AppData\Local\Programs\Python\Python313\Lib\site-packages\django\template\base.py", line 1052, in render_annotated
    return self.render(context)
           ~~~~~~~~~~~^^^^^^^^^
  File "C:\Users\zenam\AppData\Local\Programs\Python\Python313\Lib\site-packages\django\template\defaulttags.py", line 333, in render
    return nodelist.render(context)
           ~~~~~~~~~~~~~~~^^^^^^^^^
  File "C:\Users\zenam\AppData\Local\Programs\Python\Python313\Lib\site-packages\django\template\base.py", line 1091, in render
    return SafeString("".join([node.render_annotated(context) for node in self]))
                               ~~~~~~~~~~~~~~~~~~~~~^^^^^^^^^
  File "C:\Users\zenam\AppData\Local\Programs\Python\Python313\Lib\site-packages\django\template\base.py", line 1052, in render_annotated
    return self.render(context)
           ~~~~~~~~~~~^^^^^^^^^
  File "C:\Users\zenam\AppData\Local\Programs\Python\Python313\Lib\site-packages\django\template\base.py", line 1150, in render
    output = self.filter_expression.resolve(context)
  File "C:\Users\zenam\AppData\Local\Programs\Python\Python313\Lib\site-packages\django\template\base.py", line 788, in resolve
    obj = self.var.resolve(context)
  File "C:\Users\zenam\AppData\Local\Programs\Python\Python313\Lib\site-packages\django\template\base.py", line 928, in resolve
    value = self._resolve_lookup(context)
  File "C:\Users\zenam\AppData\Local\Programs\Python\Python313\Lib\site-packages\django\template\base.py", line 976, in _resolve_lookup
    current = getattr(current, bit)
  File "C:\Users\zenam\AppData\Local\Programs\Python\Python313\Lib\site-packages\debug_toolbar\panels\__init__.py", line 110, in content
    return render_to_string(self.template, self.get_stats())
  File "C:\Users\zenam\AppData\Local\Programs\Python\Python313\Lib\site-packages\django\template\loader.py", line 62, in render_to_string
    return template.render(context, request)
           ~~~~~~~~~~~~~~~^^^^^^^^^^^^^^^^^^
  File "C:\Users\zenam\AppData\Local\Programs\Python\Python313\Lib\site-packages\django\template\backends\django.py", line 107, in render
    return self.template.render(context)
           ~~~~~~~~~~~~~~~~~~~~^^^^^^^^^
  File "C:\Users\zenam\AppData\Local\Programs\Python\Python313\Lib\site-packages\django\template\base.py", line 174, in render
    return self._render(context)
           ~~~~~~~~~~~~^^^^^^^^^
  File "C:\Users\zenam\AppData\Local\Programs\Python\Python313\Lib\site-packages\django\test\utils.py", line 114, in instrumented_test_render
    return self.nodelist.render(context)
           ~~~~~~~~~~~~~~~~~~~~^^^^^^^^^
  File "C:\Users\zenam\AppData\Local\Programs\Python\Python313\Lib\site-packages\django\template\base.py", line 1091, in render
    return SafeString("".join([node.render_annotated(context) for node in self]))
                               ~~~~~~~~~~~~~~~~~~~~~^^^^^^^^^
  File "C:\Users\zenam\AppData\Local\Programs\Python\Python313\Lib\site-packages\django\template\base.py", line 1052, in render_annotated
    return self.render(context)
           ~~~~~~~~~~~^^^^^^^^^
  File "C:\Users\zenam\AppData\Local\Programs\Python\Python313\Lib\site-packages\django\template\defaulttags.py", line 333, in render
    return nodelist.render(context)
           ~~~~~~~~~~~~~~~^^^^^^^^^
  File "C:\Users\zenam\AppData\Local\Programs\Python\Python313\Lib\site-packages\django\template\base.py", line 1091, in render
    return SafeString("".join([node.render_annotated(context) for node in self]))
                               ~~~~~~~~~~~~~~~~~~~~~^^^^^^^^^
  File "C:\Users\zenam\AppData\Local\Programs\Python\Python313\Lib\site-packages\django\template\base.py", line 1052, in render_annotated
    return self.render(context)
           ~~~~~~~~~~~^^^^^^^^^
  File "C:\Users\zenam\AppData\Local\Programs\Python\Python313\Lib\site-packages\django\template\defaulttags.py", line 249, in render
    nodelist.append(node.render_annotated(context))
                    ~~~~~~~~~~~~~~~~~~~~~^^^^^^^^^
  File "C:\Users\zenam\AppData\Local\Programs\Python\Python313\Lib\site-packages\django\template\base.py", line 1052, in render_annotated
    return self.render(context)
           ~~~~~~~~~~~^^^^^^^^^
  File "C:\Users\zenam\AppData\Local\Programs\Python\Python313\Lib\site-packages\django\template\defaulttags.py", line 333, in render
    return nodelist.render(context)
           ~~~~~~~~~~~~~~~^^^^^^^^^
  File "C:\Users\zenam\AppData\Local\Programs\Python\Python313\Lib\site-packages\django\template\base.py", line 1091, in render
    return SafeString("".join([node.render_annotated(context) for node in self]))
                               ~~~~~~~~~~~~~~~~~~~~~^^^^^^^^^
  File "C:\Users\zenam\AppData\Local\Programs\Python\Python313\Lib\site-packages\django\template\base.py", line 1052, in render_annotated
    return self.render(context)
           ~~~~~~~~~~~^^^^^^^^^
  File "C:\Users\zenam\AppData\Local\Programs\Python\Python313\Lib\site-packages\django\template\defaulttags.py", line 333, in render
    return nodelist.render(context)
           ~~~~~~~~~~~~~~~^^^^^^^^^
  File "C:\Users\zenam\AppData\Local\Programs\Python\Python313\Lib\site-packages\django\template\base.py", line 1091, in render
    return SafeString("".join([node.render_annotated(context) for node in self]))
                               ~~~~~~~~~~~~~~~~~~~~~^^^^^^^^^
  File "C:\Users\zenam\AppData\Local\Programs\Python\Python313\Lib\site-packages\django\template\base.py", line 1052, in render_annotated
    return self.render(context)
           ~~~~~~~~~~~^^^^^^^^^
  File "C:\Users\zenam\AppData\Local\Programs\Python\Python313\Lib\site-packages\django\template\defaulttags.py", line 511, in render
    url = reverse(view_name, args=args, kwargs=kwargs, current_app=current_app)
  File "C:\Users\zenam\AppData\Local\Programs\Python\Python313\Lib\site-packages\django\urls\base.py", line 92, in reverse
    raise NoReverseMatch("%s is not a registered namespace" % key)
django.urls.exceptions.NoReverseMatch: 'djdt' is not a registered namespace
INFO 2026-10-05 14:52:22,339 middleware Request POST /cart/add/1/ by Anonymous in 9.2 ms | groups=Anonymous | status=302
ERROR 2026-10-05 14:52:22,373 log Internal Server Error: /cart/add/1/
Traceback (most recent call last):
  File "C:\Users\zenam\AppData\Local\Programs\Python\Python313\Lib\site-packages\django\template\base.py", line 964, in _resolve_lookup
    raise TypeError
TypeError

During handling of the above exception, another exception occurred:

Traceback (most recent call last):
  File "C:\Users\zenam\AppData\Local\Programs\Python\Python313\Lib\site-packages\django\urls\base.py", line 81, in reverse
    extra, resolver = resolver.namespace_dict[ns]
                      ~~~~~~~~~~~~~~~~~~~~~~~^^^^
KeyError: 'djdt'

During handling of the above exception, another exception occurred:

Traceback (most recent call last):
  File "C:\Users\zenam\AppData\Local\Programs\Python\Python313\Lib\site-packages\django\core\handlers\exception.py", line 55, in inner
    response = get_response(request)
  File "C:\Users\zenam\AppData\Local\Programs\Python\Python313\Lib\site-packages\debug_toolbar\middleware.py", line 130, in __call__
    return self._postprocess(request, response, toolbar)
           ~~~~~~~~~~~~~~~~~^^^^^^^^^^^^^^^^^^^^^^^^^^^^
  File "C:\Users\zenam\AppData\Local\Programs\Python\Python313\Lib\site-packages\debug_toolbar\middleware.py", line 172, in _postprocess
    rendered = toolbar.render_toolbar()
  File "C:\Users\zenam\AppData\Local\Programs\Python\Python313\Lib\site-packages\debug_toolbar\toolbar.py", line 96, in render_toolbar
    return render_to_string("debug_toolbar/base.html", context)
  File "C:\Users\zenam\AppData\Local\Programs\Python\Python313\Lib\site-packages\django\template\loader.py", line 62, in render_to_string
    return template.render(context, request)
           ~~~~~~~~~~~~~~~^^^^^^^^^^^^^^^^^^
  File "C:\Users\zenam\AppData\Local\Programs\Python\Python313\Lib\site-packages\django\template\backends\django.py", line 107, in render
    return self.template.render(context)
           ~~~~~~~~~~~~~~~~~~~~^^^^^^^^^
  File "C:\Users\zenam\AppData\Local\Programs\Python\Python313\Lib\site-packages\django\template\base.py", line 174, in render
    return self._render(context)
           ~~~~~~~~~~~~^^^^^^^^^
  File "C:\Users\zenam\AppData\Local\Programs\Python\Python313\Lib\site-packages\django\test\utils.py", line 114, in instrumented_test_render
    return self.nodelist.render(context)
           ~~~~~~~~~~~~~~~~~~~~^^^^^^^^^
  File "C:\Users\zenam\AppData\Local\Programs\Python\Python313\Lib\site-packages\django\template\base.py", line 1091, in render
    return SafeString("".join([node.render_annotated(context) for node in self]))
                               ~~~~~~~~~~~~~~~~~~~~~^^^^^^^^^
  File "C:\Users\zenam\AppData\Local\Programs\Python\Python313\Lib\site-packages\django\template\base.py", line 1052, in render_annotated
    return self.render(context)
           ~~~~~~~~~~~^^^^^^^^^
  File "C:\Users\zenam\AppData\Local\Programs\Python\Python313\Lib\site-packages\django\template\defaulttags.py", line 249, in render
    nodelist.append(node.render_annotated(context))
                    ~~~~~~~~~~~~~~~~~~~~~^^^^^^^^^
  File "C:\Users\zenam\AppData\Local\Programs\Python\Python313\Lib\site-packages\django\template\base.py", line 1052, in render_annotated
    return self.render(context)
           ~~~~~~~~~~~^^^^^^^^^
  File "C:\Users\zenam\AppData\Local\Programs\Python\Python313\Lib\site-packages\django\template\loader_tags.py", line 211, in render
    return template.render(context)
           ~~~~~~~~~~~~~~~^^^^^^^^^
  File "C:\Users\zenam\AppData\Local\Programs\Python\Python313\Lib\site-packages\django\template\base.py", line 176, in render
    return self._render(context)
           ~~~~~~~~~~~~^^^^^^^^^
  File "C:\Users\zenam\AppData\Local\Programs\Python\Python313\Lib\site-packages\django\test\utils.py", line 114, in instrumented_test_render
    return self.nodelist.render(context)
           ~~~~~~~~~~~~~~~~~~~~^^^^^^^^^
  File "C:\Users\zenam\AppData\Local\Programs\Python\Python313\Lib\site-packages\django\template\base.py", line 1091, in render
    return SafeString("".join([node.render_annotated(context) for node in self]))
                               ~~~~~~~~~~~~~~~~~~~~~^^^^^^^^^
  File "C:\Users\zenam\AppData\Local\Programs\Python\Python313\Lib\site-packages\django\template\base.py", line 1052, in render_annotated
    return self.render(context)
           ~~~~~~~~~~~^^^^^^^^^
  File "C:\Users\zenam\AppData\Local\Programs\Python\Python313\Lib\site-packages\django\template\defaulttags.py", line 333, in render
    return nodelist.render(context)
           ~~~~~~~~~~~~~~~^^^^^^^^^
  File "C:\Users\zenam\AppData\Local\Programs\Python\Python313\Lib\site-packages\django\template\base.py", line 1091, in render
    return SafeString("".join([node.render_annotated(context) for node in self]))
                               ~~~~~~~~~~~~~~~~~~~~~^^^^^^^^^
  File "C:\Users\zenam\AppData\Local\Programs\Python\Python313\Lib\site-packages\django\template\base.py", line 1052, in render_annotated
    return self.render(context)
           ~~~~~~~~~~~^^^^^^^^^
  File "C:\Users\zenam\AppData\Local\Programs\Python\Python313\Lib\site-packages\django\template\defaulttags.py", line 333, in render
    return nodelist.render(context)
           ~~~~~~~~~~~~~~~^^^^^^^^^
  File "C:\Users\zenam\AppData\Local\Programs\Python\Python313\Lib\site-packages\django\template\base.py", line 1091, in render
    return SafeString("".join([node.render_annotated(context) for node in self]))
                               ~~~~~~~~~~~~~~~~~~~~~^^^^^^^^^
  File "C:\Users\zenam\AppData\Local\Programs\Python\Python313\Lib\site-packages\django\template\base.py", line 1052, in render_annotated
    return self.render(context)
           ~~~~~~~~~~~^^^^^^^^^
  File "C:\Users\zenam\AppData\Local\Programs\Python\Python313\Lib\site-packages\django\template\base.py", line 1150, in render
    output = self.filter_expression.resolve(context)
  File "C:\Users\zenam\AppData\Local\Programs\Python\Python313\Lib\site-packages\django\template\base.py", line 788, in resolve
    obj = self.var.resolve(context)
  File "C:\Users\zenam\AppData\Local\Programs\Python\Python313\Lib\site-packages\django\template\base.py", line 928, in resolve
    value = self._resolve_lookup(context)
  File "C:\Users\zenam\AppData\Local\Programs\Python\Python313\Lib\site-packages\django\template\base.py", line 976, in _resolve_lookup
    current = getattr(current, bit)
  File "C:\Users\zenam\AppData\Local\Programs\Python\Python313\Lib\site-packages\debug_toolbar\panels\__init__.py", line 110, in content
    return render_to_string(self.template, self.get_stats())
  File "C:\Users\zenam\AppData\Local\Programs\Python\Python313\Lib\site-packages\django\template\loader.py", line 62, in render_to_string
    return template.render(context, request)
           ~~~~~~~~~~~~~~~^^^^^^^^^^^^^^^^^^
  File "C:\Users\zenam\AppData\Local\Programs\Python\Python313\Lib\site-packages\django\template\backends\django.py", line 107, in render
    return self.template.render(context)
           ~~~~~~~~~~~~~~~~~~~~^^^^^^^^^
  File "C:\Users\zenam\AppData\Local\Programs\Python\Python313\Lib\site-packages\django\template\base.py", line 174, in render
    return self._render(context)
           ~~~~~~~~~~~~^^^^^^^^^
  File "C:\Users\zenam\AppData\Local\Programs\Python\Python313\Lib\site-packages\django\test\utils.py", line 114, in instrumented_test_render
    return self.nodelist.render(context)
           ~~~~~~~~~~~~~~~~~~~~^^^^^^^^^
  File "C:\Users\zenam\AppData\Local\Programs\Python\Python313\Lib\site-packages\django\template\base.py", line 1091, in render
    return SafeString("".join([node.render_annotated(context) for node in self]))
                               ~~~~~~~~~~~~~~~~~~~~~^^^^^^^^^
  File "C:\Users\zenam\AppData\Local\Programs\Python\Python313\Lib\site-packages\django\template\base.py", line 1052, in render_annotated
    return self.render(context)
           ~~~~~~~~~~~^^^^^^^^^
  File "C:\Users\zenam\AppData\Local\Programs\Python\Python313\Lib\site-packages\django\template\defaulttags.py", line 333, in render
    return nodelist.render(context)
           ~~~~~~~~~~~~~~~^^^^^^^^^
  File "C:\Users\zenam\AppData\Local\Programs\Python\Python313\Lib\site-packages\django\template\base.py", line 1091, in render
    return SafeString("".join([node.render_annotated(context) for node in self]))
                               ~~~~~~~~~~~~~~~~~~~~~^^^^^^^^^
  File "C:\Users\zenam\AppData\Local\Programs\Python\Python313\Lib\site-packages\django\template\base.py", line 1052, in render_annotated
    return self.render(context)
           ~~~~~~~~~~~^^^^^^^^^
  File "C:\Users\zenam\AppData\Local\Programs\Python\Python313\Lib\site-packages\django\template\defaulttags.py", line 249, in render
    nodelist.append(node.render_annotated(context))
                    ~~~~~~~~~~~~~~~~~~~~~^^^^^^^^^
  File "C:\Users\zenam\AppData\Local\Programs\Python\Python313\Lib\site-packages\django\template\base.py", line 1052, in render_annotated
    return self.render(context)
           ~~~~~~~~~~~^^^^^^^^^
  File "C:\Users\zenam\AppData\Local\Programs\Python\Python313\Lib\site-packages\django\template\defaulttags.py", line 333, in render
    return nodelist.render(context)
           ~~~~~~~~~~~~~~~^^^^^^^^^
  File "C:\Users\zenam\AppData\Local\Programs\Python\Python313\Lib\site-packages\django\template\base.py", line 1091, in render
    return SafeString("".join([node.render_annotated(context) for node in self]))
                               ~~~~~~~~~~~~~~~~~~~~~^^^^^^^^^
  File "C:\Users\zenam\AppData\Local\Programs\Python\Python313\Lib\site-packages\django\template\base.py", line 1052, in render_annotated
    return self.render(context)
           ~~~~~~~~~~~^^^^^^^^^
  File "C:\Users\zenam\AppData\Local\Programs\Python\Python313\Lib\site-packages\django\template\defaulttags.py", line 333, in render
    return nodelist.render(context)
           ~~~~~~~~~~~~~~~^^^^^^^^^
  File "C:\Users\zenam\AppData\Local\Programs\Python\Python313\Lib\site-packages\django\template\base.py", line 1091, in render
    return SafeString("".join([node.render_annotated(context) for node in self]))
                               ~~~~~~~~~~~~~~~~~~~~~^^^^^^^^^
  File "C:\Users\zenam\AppData\Local\Programs\Python\Python313\Lib\site-packages\django\template\base.py", line 1052, in render_annotated
    return self.render(context)
           ~~~~~~~~~~~^^^^^^^^^
  File "C:\Users\zenam\AppData\Local\Programs\Python\Python313\Lib\site-packages\django\template\defaulttags.py", line 511, in render
    url = reverse(view_name, args=args, kwargs=kwargs, current_app=current_app)
  File "C:\Users\zenam\AppData\Local\Programs\Python\Python313\Lib\site-packages\django\urls\base.py", line 92, in reverse
    raise NoReverseMatch("%s is not a registered namespace" % key)
django.urls.exceptions.NoReverseMatch: 'djdt' is not a registered namespace
INFO 2026-10-05 14:52:23,128 middleware Request POST /cart/add/1/ by Anonymous in 9.28 ms | groups=Anonymous | status=302
ERROR 2026-10-05 14:52:23,167 log Internal Server Error: /cart/add/1/
Traceback (most recent call last):
  File "C:\Users\zenam\AppData\Local\Programs\Python\Python313\Lib\site-packages\django\template\base.py", line 964, in _resolve_lookup
    raise TypeError
TypeError

During handling of the above exception, another exception occurred:

Traceback (most recent call last):
  File "C:\Users\zenam\AppData\Local\Programs\Python\Python313\Lib\site-packages\django\urls\base.py", line 81, in reverse
    extra, resolver = resolver.namespace_dict[ns]
                      ~~~~~~~~~~~~~~~~~~~~~~~^^^^
KeyError: 'djdt'

During handling of the above exception, another exception occurred:

Traceback (most recent call last):
  File "C:\Users\zenam\AppData\Local\Programs\Python\Python313\Lib\site-packages\django\core\handlers\exception.py", line 55, in inner
    response = get_response(request)
  File "C:\Users\zenam\AppData\Local\Programs\Python\Python313\Lib\site-packages\debug_toolbar\middleware.py", line 130, in __call__
    return self._postprocess(request, response, toolbar)
           ~~~~~~~~~~~~~~~~~^^^^^^^^^^^^^^^^^^^^^^^^^^^^
  File "C:\Users\zenam\AppData\Local\Programs\Python\Python313\Lib\site-packages\debug_toolbar\middleware.py", line 172, in _postprocess
    rendered = toolbar.render_toolbar()
  File "C:\Users\zenam\AppData\Local\Programs\Python\Python313\Lib\site-packages\debug_toolbar\toolbar.py", line 96, in render_toolbar
    return render_to_string("debug_toolbar/base.html", context)
  File "C:\Users\zenam\AppData\Local\Programs\Python\Python313\Lib\site-packages\django\template\loader.py", line 62, in render_to_string
    return template.render(context, request)
           ~~~~~~~~~~~~~~~^^^^^^^^^^^^^^^^^^
  File "C:\Users\zenam\AppData\Local\Programs\Python\Python313\Lib\site-packages\django\template\backends\django.py", line 107, in render
    return self.template.render(context)
           ~~~~~~~~~~~~~~~~~~~~^^^^^^^^^
  File "C:\Users\zenam\AppData\Local\Programs\Python\Python313\Lib\site-packages\django\template\base.py", line 174, in render
    return self._render(context)
           ~~~~~~~~~~~~^^^^^^^^^
  File "C:\Users\zenam\AppData\Local\Programs\Python\Python313\Lib\site-packages\django\test\utils.py", line 114, in instrumented_test_render
    return self.nodelist.render(context)
           ~~~~~~~~~~~~~~~~~~~~^^^^^^^^^
  File "C:\Users\zenam\AppData\Local\Programs\Python\Python313\Lib\site-packages\django\template\base.py", line 1091, in render
    return SafeString("".join([node.render_annotated(context) for node in self]))
                               ~~~~~~~~~~~~~~~~~~~~~^^^^^^^^^
  File "C:\Users\zenam\AppData\Local\Programs\Python\Python313\Lib\site-packages\django\template\base.py", line 1052, in render_annotated
    return self.render(context)
           ~~~~~~~~~~~^^^^^^^^^
  File "C:\Users\zenam\AppData\Local\Programs\Python\Python313\Lib\site-packages\django\template\defaulttags.py", line 249, in render
    nodelist.append(node.render_annotated(context))
                    ~~~~~~~~~~~~~~~~~~~~~^^^^^^^^^
  File "C:\Users\zenam\AppData\Local\Programs\Python\Python313\Lib\site-packages\django\template\base.py", line 1052, in render_annotated
    return self.render(context)
           ~~~~~~~~~~~^^^^^^^^^
  File "C:\Users\zenam\AppData\Local\Programs\Python\Python313\Lib\site-packages\django\template\loader_tags.py", line 211, in render
    return template.render(context)
           ~~~~~~~~~~~~~~~^^^^^^^^^
  File "C:\Users\zenam\AppData\Local\Programs\Python\Python313\Lib\site-packages\django\template\base.py", line 176, in render
    return self._render(context)
           ~~~~~~~~~~~~^^^^^^^^^
  File "C:\Users\zenam\AppData\Local\Programs\Python\Python313\Lib\site-packages\django\test\utils.py", line 114, in instrumented_test_render
    return self.nodelist.render(context)
           ~~~~~~~~~~~~~~~~~~~~^^^^^^^^^
  File "C:\Users\zenam\AppData\Local\Programs\Python\Python313\Lib\site-packages\django\template\base.py", line 1091, in render
    return SafeString("".join([node.render_annotated(context) for node in self]))
                               ~~~~~~~~~~~~~~~~~~~~~^^^^^^^^^
  File "C:\Users\zenam\AppData\Local\Programs\Python\Python313\Lib\site-packages\django\template\base.py", line 1052, in render_annotated
    return self.render(context)
           ~~~~~~~~~~~^^^^^^^^^
  File "C:\Users\zenam\AppData\Local\Programs\Python\Python313\Lib\site-packages\django\template\defaulttags.py", line 333, in render
    return nodelist.render(context)
           ~~~~~~~~~~~~~~~^^^^^^^^^
  File "C:\Users\zenam\AppData\Local\Programs\Python\Python313\Lib\site-packages\django\template\base.py", line 1091, in render
    return SafeString("".join([node.render_annotated(context) for node in self]))
                               ~~~~~~~~~~~~~~~~~~~~~^^^^^^^^^
  File "C:\Users\zenam\AppData\Local\Programs\Python\Python313\Lib\site-packages\django\template\base.py", line 1052, in render_annotated
    return self.render(context)
           ~~~~~~~~~~~^^^^^^^^^
  File "C:\Users\zenam\AppData\Local\Programs\Python\Python313\Lib\site-packages\django\template\defaulttags.py", line 333, in render
    return nodelist.render(context)
           ~~~~~~~~~~~~~~~^^^^^^^^^
  File "C:\Users\zenam\AppData\Local\Programs\Python\Python313\Lib\site-packages\django\template\base.py", line 1091, in render
    return SafeString("".join([node.render_annotated(context) for node in self]))
                               ~~~~~~~~~~~~~~~~~~~~~^^^^^^^^^
  File "C:\Users\zenam\AppData\Local\Programs\Python\Python313\Lib\site-packages\django\template\base.py", line 1052, in render_annotated
    return self.render(context)
           ~~~~~~~~~~~^^^^^^^^^
  File "C:\Users\zenam\AppData\Local\Programs\Python\Python313\Lib\site-packages\django\template\base.py", line 1150, in render
    output = self.filter_expression.resolve(context)
  File "C:\Users\zenam\AppData\Local\Programs\Python\Python313\Lib\site-packages\django\template\base.py", line 788, in resolve
    obj = self.var.resolve(context)
  File "C:\Users\zenam\AppData\Local\Programs\Python\Python313\Lib\site-packages\django\template\base.py", line 928, in resolve
    value = self._resolve_lookup(context)
  File "C:\Users\zenam\AppData\Local\Programs\Python\Python313\Lib\site-packages\django\template\base.py", line 976, in _resolve_lookup
    current = getattr(current, bit)
  File "C:\Users\zenam\AppData\Local\Programs\Python\Python313\Lib\site-packages\debug_toolbar\panels\__init__.py", line 110, in content
    return render_to_string(self.template, self.get_stats())
  File "C:\Users\zenam\AppData\Local\Programs\Python\Python313\Lib\site-packages\django\template\loader.py", line 62, in render_to_string
    return template.render(context, request)
           ~~~~~~~~~~~~~~~^^^^^^^^^^^^^^^^^^
  File "C:\Users\zenam\AppData\Local\Programs\Python\Python313\Lib\site-packages\django\template\backends\django.py", line 107, in render
    return self.template.render(context)
           ~~~~~~~~~~~~~~~~~~~~^^^^^^^^^
  File "C:\Users\zenam\AppData\Local\Programs\Python\Python313\Lib\site-packages\django\template\base.py", line 174, in render
    return self._render(context)
           ~~~~~~~~~~~~^^^^^^^^^
  File "C:\Users\zenam\AppData\Local\Programs\Python\Python313\Lib\site-packages\django\test\utils.py", line 114, in instrumented_test_render
    return self.nodelist.render(context)
           ~~~~~~~~~~~~~~~~~~~~^^^^^^^^^
  File "C:\Users\zenam\AppData\Local\Programs\Python\Python313\Lib\site-packages\django\template\base.py", line 1091, in render
    return SafeString("".join([node.render_annotated(context) for node in self]))
                               ~~~~~~~~~~~~~~~~~~~~~^^^^^^^^^
  File "C:\Users\zenam\AppData\Local\Programs\Python\Python313\Lib\site-packages\django\template\base.py", line 1052, in render_annotated
    return self.render(context)
           ~~~~~~~~~~~^^^^^^^^^
  File "C:\Users\zenam\AppData\Local\Programs\Python\Python313\Lib\site-packages\django\template\defaulttags.py", line 333, in render
    return nodelist.render(context)
           ~~~~~~~~~~~~~~~^^^^^^^^^
  File "C:\Users\zenam\AppData\Local\Programs\Python\Python313\Lib\site-packages\django\template\base.py", line 1091, in render
    return SafeString("".join([node.render_annotated(context) for node in self]))
                               ~~~~~~~~~~~~~~~~~~~~~^^^^^^^^^
  File "C:\Users\zenam\AppData\Local\Programs\Python\Python313\Lib\site-packages\django\template\base.py", line 1052, in render_annotated
    return self.render(context)
           ~~~~~~~~~~~^^^^^^^^^
  File "C:\Users\zenam\AppData\Local\Programs\Python\Python313\Lib\site-packages\django\template\defaulttags.py", line 249, in render
    nodelist.append(node.render_annotated(context))
                    ~~~~~~~~~~~~~~~~~~~~~^^^^^^^^^
  File "C:\Users\zenam\AppData\Local\Programs\Python\Python313\Lib\site-packages\django\template\base.py", line 1052, in render_annotated
    return self.render(context)
           ~~~~~~~~~~~^^^^^^^^^
  File "C:\Users\zenam\AppData\Local\Programs\Python\Python313\Lib\site-packages\django\template\defaulttags.py", line 333, in render
    return nodelist.render(context)
           ~~~~~~~~~~~~~~~^^^^^^^^^
  File "C:\Users\zenam\AppData\Local\Programs\Python\Python313\Lib\site-packages\django\template\base.py", line 1091, in render
    return SafeString("".join([node.render_annotated(context) for node in self]))
                               ~~~~~~~~~~~~~~~~~~~~~^^^^^^^^^
  File "C:\Users\zenam\AppData\Local\Programs\Python\Python313\Lib\site-packages\django\template\base.py", line 1052, in render_annotated
    return self.render(context)
           ~~~~~~~~~~~^^^^^^^^^
  File "C:\Users\zenam\AppData\Local\Programs\Python\Python313\Lib\site-packages\django\template\defaulttags.py", line 333, in render
    return nodelist.render(context)
           ~~~~~~~~~~~~~~~^^^^^^^^^
  File "C:\Users\zenam\AppData\Local\Programs\Python\Python313\Lib\site-packages\django\template\base.py", line 1091, in render
    return SafeString("".join([node.render_annotated(context) for node in self]))
                               ~~~~~~~~~~~~~~~~~~~~~^^^^^^^^^
  File "C:\Users\zenam\AppData\Local\Programs\Python\Python313\Lib\site-packages\django\template\base.py", line 1052, in render_annotated
    return self.render(context)
           ~~~~~~~~~~~^^^^^^^^^
  File "C:\Users\zenam\AppData\Local\Programs\Python\Python313\Lib\site-packages\django\template\defaulttags.py", line 511, in render
    url = reverse(view_name, args=args, kwargs=kwargs, current_app=current_app)
  File "C:\Users\zenam\AppData\Local\Programs\Python\Python313\Lib\site-packages\django\urls\base.py", line 92, in reverse
    raise NoReverseMatch("%s is not a registered namespace" % key)
django.urls.exceptions.NoReverseMatch: 'djdt' is not a registered namespace
INFO 2026-10-05 14:52:23,912 middleware Request GET /checkout/success/ by Anonymous in 5.98 ms | groups=Anonymous | status=200
ERROR 2026-10-05 14:52:23,947 log Internal Server Error: /checkout/success/
Traceback (most recent call last):
  File "C:\Users\zenam\AppData\Local\Programs\Python\Python313\Lib\site-packages\django\template\base.py", line 964, in _resolve_lookup
    raise TypeError
TypeError

During handling of the above exception, another exception occurred:

Traceback (most recent call last):
  File "C:\Users\zenam\AppData\Local\Programs\Python\Python313\Lib\site-packages\django\urls\base.py", line 81, in reverse
    extra, resolver = resolver.namespace_dict[ns]
                      ~~~~~~~~~~~~~~~~~~~~~~~^^^^
KeyError: 'djdt'

During handling of the above exception, another exception occurred:

Traceback (most recent call last):
  File "C:\Users\zenam\AppData\Local\Programs\Python\Python313\Lib\site-packages\django\core\handlers\exception.py", line 55, in inner
    response = get_response(request)
  File "C:\Users\zenam\AppData\Local\Programs\Python\Python313\Lib\site-packages\debug_toolbar\middleware.py", line 130, in __call__
    return self._postprocess(request, response, toolbar)
           ~~~~~~~~~~~~~~~~~^^^^^^^^^^^^^^^^^^^^^^^^^^^^
  File "C:\Users\zenam\AppData\Local\Programs\Python\Python313\Lib\site-packages\debug_toolbar\middleware.py", line 172, in _postprocess
    rendered = toolbar.render_toolbar()
  File "C:\Users\zenam\AppData\Local\Programs\Python\Python313\Lib\site-packages\debug_toolbar\toolbar.py", line 96, in render_toolbar
    return render_to_string("debug_toolbar/base.html", context)
  File "C:\Users\zenam\AppData\Local\Programs\Python\Python313\Lib\site-packages\django\template\loader.py", line 62, in render_to_string
    return template.render(context, request)
           ~~~~~~~~~~~~~~~^^^^^^^^^^^^^^^^^^
  File "C:\Users\zenam\AppData\Local\Programs\Python\Python313\Lib\site-packages\django\template\backends\django.py", line 107, in render
    return self.template.render(context)
           ~~~~~~~~~~~~~~~~~~~~^^^^^^^^^
  File "C:\Users\zenam\AppData\Local\Programs\Python\Python313\Lib\site-packages\django\template\base.py", line 174, in render
    return self._render(context)
           ~~~~~~~~~~~~^^^^^^^^^
  File "C:\Users\zenam\AppData\Local\Programs\Python\Python313\Lib\site-packages\django\test\utils.py", line 114, in instrumented_test_render
    return self.nodelist.render(context)
           ~~~~~~~~~~~~~~~~~~~~^^^^^^^^^
  File "C:\Users\zenam\AppData\Local\Programs\Python\Python313\Lib\site-packages\django\template\base.py", line 1091, in render
    return SafeString("".join([node.render_annotated(context) for node in self]))
                               ~~~~~~~~~~~~~~~~~~~~~^^^^^^^^^
  File "C:\Users\zenam\AppData\Local\Programs\Python\Python313\Lib\site-packages\django\template\base.py", line 1052, in render_annotated
    return self.render(context)
           ~~~~~~~~~~~^^^^^^^^^
  File "C:\Users\zenam\AppData\Local\Programs\Python\Python313\Lib\site-packages\django\template\defaulttags.py", line 249, in render
    nodelist.append(node.render_annotated(context))
                    ~~~~~~~~~~~~~~~~~~~~~^^^^^^^^^
  File "C:\Users\zenam\AppData\Local\Programs\Python\Python313\Lib\site-packages\django\template\base.py", line 1052, in render_annotated
    return self.render(context)
           ~~~~~~~~~~~^^^^^^^^^
  File "C:\Users\zenam\AppData\Local\Programs\Python\Python313\Lib\site-packages\django\template\loader_tags.py", line 211, in render
    return template.render(context)
           ~~~~~~~~~~~~~~~^^^^^^^^^
  File "C:\Users\zenam\AppData\Local\Programs\Python\Python313\Lib\site-packages\django\template\base.py", line 176, in render
    return self._render(context)
           ~~~~~~~~~~~~^^^^^^^^^
  File "C:\Users\zenam\AppData\Local\Programs\Python\Python313\Lib\site-packages\django\test\utils.py", line 114, in instrumented_test_render
    return self.nodelist.render(context)
           ~~~~~~~~~~~~~~~~~~~~^^^^^^^^^
  File "C:\Users\zenam\AppData\Local\Programs\Python\Python313\Lib\site-packages\django\template\base.py", line 1091, in render
    return SafeString("".join([node.render_annotated(context) for node in self]))
                               ~~~~~~~~~~~~~~~~~~~~~^^^^^^^^^
  File "C:\Users\zenam\AppData\Local\Programs\Python\Python313\Lib\site-packages\django\template\base.py", line 1052, in render_annotated
    return self.render(context)
           ~~~~~~~~~~~^^^^^^^^^
  File "C:\Users\zenam\AppData\Local\Programs\Python\Python313\Lib\site-packages\django\template\defaulttags.py", line 333, in render
    return nodelist.render(context)
           ~~~~~~~~~~~~~~~^^^^^^^^^
  File "C:\Users\zenam\AppData\Local\Programs\Python\Python313\Lib\site-packages\django\template\base.py", line 1091, in render
    return SafeString("".join([node.render_annotated(context) for node in self]))
                               ~~~~~~~~~~~~~~~~~~~~~^^^^^^^^^
  File "C:\Users\zenam\AppData\Local\Programs\Python\Python313\Lib\site-packages\django\template\base.py", line 1052, in render_annotated
    return self.render(context)
           ~~~~~~~~~~~^^^^^^^^^
  File "C:\Users\zenam\AppData\Local\Programs\Python\Python313\Lib\site-packages\django\template\defaulttags.py", line 333, in render
    return nodelist.render(context)
           ~~~~~~~~~~~~~~~^^^^^^^^^
  File "C:\Users\zenam\AppData\Local\Programs\Python\Python313\Lib\site-packages\django\template\base.py", line 1091, in render
    return SafeString("".join([node.render_annotated(context) for node in self]))
                               ~~~~~~~~~~~~~~~~~~~~~^^^^^^^^^
  File "C:\Users\zenam\AppData\Local\Programs\Python\Python313\Lib\site-packages\django\template\base.py", line 1052, in render_annotated
    return self.render(context)
           ~~~~~~~~~~~^^^^^^^^^
  File "C:\Users\zenam\AppData\Local\Programs\Python\Python313\Lib\site-packages\django\template\base.py", line 1150, in render
    output = self.filter_expression.resolve(context)
  File "C:\Users\zenam\AppData\Local\Programs\Python\Python313\Lib\site-packages\django\template\base.py", line 788, in resolve
    obj = self.var.resolve(context)
  File "C:\Users\zenam\AppData\Local\Programs\Python\Python313\Lib\site-packages\django\template\base.py", line 928, in resolve
    value = self._resolve_lookup(context)
  File "C:\Users\zenam\AppData\Local\Programs\Python\Python313\Lib\site-packages\django\template\base.py", line 976, in _resolve_lookup
    current = getattr(current, bit)
  File "C:\Users\zenam\AppData\Local\Programs\Python\Python313\Lib\site-packages\debug_toolbar\panels\__init__.py", line 110, in content
    return render_to_string(self.template, self.get_stats())
  File "C:\Users\zenam\AppData\Local\Programs\Python\Python313\Lib\site-packages\django\template\loader.py", line 62, in render_to_string
    return template.render(context, request)
           ~~~~~~~~~~~~~~~^^^^^^^^^^^^^^^^^^
  File "C:\Users\zenam\AppData\Local\Programs\Python\Python313\Lib\site-packages\django\template\backends\django.py", line 107, in render
    return self.template.render(context)
           ~~~~~~~~~~~~~~~~~~~~^^^^^^^^^
  File "C:\Users\zenam\AppData\Local\Programs\Python\Python313\Lib\site-packages\django\template\base.py", line 174, in render
    return self._render(context)
           ~~~~~~~~~~~~^^^^^^^^^
  File "C:\Users\zenam\AppData\Local\Programs\Python\Python313\Lib\site-packages\django\test\utils.py", line 114, in instrumented_test_render
    return self.nodelist.render(context)
           ~~~~~~~~~~~~~~~~~~~~^^^^^^^^^
  File "C:\Users\zenam\AppData\Local\Programs\Python\Python313\Lib\site-packages\django\template\base.py", line 1091, in render
    return SafeString("".join([node.render_annotated(context) for node in self]))
                               ~~~~~~~~~~~~~~~~~~~~~^^^^^^^^^
  File "C:\Users\zenam\AppData\Local\Programs\Python\Python313\Lib\site-packages\django\template\base.py", line 1052, in render_annotated
    return self.render(context)
           ~~~~~~~~~~~^^^^^^^^^
  File "C:\Users\zenam\AppData\Local\Programs\Python\Python313\Lib\site-packages\django\template\defaulttags.py", line 333, in render
    return nodelist.render(context)
           ~~~~~~~~~~~~~~~^^^^^^^^^
  File "C:\Users\zenam\AppData\Local\Programs\Python\Python313\Lib\site-packages\django\template\base.py", line 1091, in render
    return SafeString("".join([node.render_annotated(context) for node in self]))
                               ~~~~~~~~~~~~~~~~~~~~~^^^^^^^^^
  File "C:\Users\zenam\AppData\Local\Programs\Python\Python313\Lib\site-packages\django\template\base.py", line 1052, in render_annotated
    return self.render(context)
           ~~~~~~~~~~~^^^^^^^^^
  File "C:\Users\zenam\AppData\Local\Programs\Python\Python313\Lib\site-packages\django\template\defaulttags.py", line 249, in render
    nodelist.append(node.render_annotated(context))
                    ~~~~~~~~~~~~~~~~~~~~~^^^^^^^^^
  File "C:\Users\zenam\AppData\Local\Programs\Python\Python313\Lib\site-packages\django\template\base.py", line 1052, in render_annotated
    return self.render(context)
           ~~~~~~~~~~~^^^^^^^^^
  File "C:\Users\zenam\AppData\Local\Programs\Python\Python313\Lib\site-packages\django\template\defaulttags.py", line 333, in render
    return nodelist.render(context)
           ~~~~~~~~~~~~~~~^^^^^^^^^
  File "C:\Users\zenam\AppData\Local\Programs\Python\Python313\Lib\site-packages\django\template\base.py", line 1091, in render
    return SafeString("".join([node.render_annotated(context) for node in self]))
                               ~~~~~~~~~~~~~~~~~~~~~^^^^^^^^^
  File "C:\Users\zenam\AppData\Local\Programs\Python\Python313\Lib\site-packages\django\template\base.py", line 1052, in render_annotated
    return self.render(context)
           ~~~~~~~~~~~^^^^^^^^^
  File "C:\Users\zenam\AppData\Local\Programs\Python\Python313\Lib\site-packages\django\template\defaulttags.py", line 333, in render
    return nodelist.render(context)
           ~~~~~~~~~~~~~~~^^^^^^^^^
  File "C:\Users\zenam\AppData\Local\Programs\Python\Python313\Lib\site-packages\django\template\base.py", line 1091, in render
    return SafeString("".join([node.render_annotated(context) for node in self]))
                               ~~~~~~~~~~~~~~~~~~~~~^^^^^^^^^
  File "C:\Users\zenam\AppData\Local\Programs\Python\Python313\Lib\site-packages\django\template\base.py", line 1052, in render_annotated
    return self.render(context)
           ~~~~~~~~~~~^^^^^^^^^
  File "C:\Users\zenam\AppData\Local\Programs\Python\Python313\Lib\site-packages\django\template\defaulttags.py", line 511, in render
    url = reverse(view_name, args=args, kwargs=kwargs, current_app=current_app)
  File "C:\Users\zenam\AppData\Local\Programs\Python\Python313\Lib\site-packages\django\urls\base.py", line 92, in reverse
    raise NoReverseMatch("%s is not a registered namespace" % key)
django.urls.exceptions.NoReverseMatch: 'djdt' is not a registered namespace
INFO 2026-10-05 14:52:24,685 middleware Request GET /checkout/cancel/ by Anonymous in 0.4 ms | groups=Anonymous | status=200
ERROR 2026-10-05 14:52:24,720 log Internal Server Error: /async/
Traceback (most recent call last):
  File "C:\Users\zenam\AppData\Local\Programs\Python\Python313\Lib\site-packages\django\core\handlers\exception.py", line 55, in inner
    response = get_response(request)
  File "C:\Users\zenam\AppData\Local\Programs\Python\Python313\Lib\site-packages\django\core\handlers\base.py", line 198, in _get_response
    response = wrapped_callback(request, *callback_args, **callback_kwargs)
  File "C:\Users\zenam\AppData\Local\Programs\Python\Python313\Lib\site-packages\asgiref\sync.py", line 325, in __call__
    return call_result.result()
           ~~~~~~~~~~~~~~~~~~^^
  File "C:\Users\zenam\AppData\Local\Programs\Python\Python313\Lib\concurrent\futures\_base.py", line 449, in result
    return self.__get_result()
           ~~~~~~~~~~~~~~~~~^^
  File "C:\Users\zenam\AppData\Local\Programs\Python\Python313\Lib\concurrent\futures\_base.py", line 401, in __get_result
    raise self._exception
  File "C:\Users\zenam\AppData\Local\Programs\Python\Python313\Lib\site-packages\asgiref\sync.py", line 365, in main_wrap
    result = await awaitable
             ^^^^^^^^^^^^^^^
  File "C:\Users\zenam\django_flask_env\books\views.py", line 175, in async_book_list
    async for book in Book.objects.select_related('category').order_by('title').aiter():
                      ^^^^^^^^^^^^^^^^^^^^^^^^^^^^^^^^^^^^^^^^^^^^^^^^^^^^^^^^^^^^^^^
AttributeError: 'QuerySet' object has no attribute 'aiter'. Did you mean: 'filter'?
INFO 2026-10-05 14:52:24,723 middleware Request GET /async/ by Anonymous in 8.28 ms | groups=Anonymous | status=500
INFO 2026-10-05 14:52:24,916 middleware Request GET /async/1/ by Anonymous in 6.62 ms | groups=Anonymous | status=200
ERROR 2026-10-05 14:52:24,943 log Internal Server Error: /async/1/
Traceback (most recent call last):
  File "C:\Users\zenam\AppData\Local\Programs\Python\Python313\Lib\site-packages\django\template\base.py", line 964, in _resolve_lookup
    raise TypeError
TypeError

During handling of the above exception, another exception occurred:

Traceback (most recent call last):
  File "C:\Users\zenam\AppData\Local\Programs\Python\Python313\Lib\site-packages\django\urls\base.py", line 81, in reverse
    extra, resolver = resolver.namespace_dict[ns]
                      ~~~~~~~~~~~~~~~~~~~~~~~^^^^
KeyError: 'djdt'

During handling of the above exception, another exception occurred:

Traceback (most recent call last):
  File "C:\Users\zenam\AppData\Local\Programs\Python\Python313\Lib\site-packages\django\core\handlers\exception.py", line 55, in inner
    response = get_response(request)
  File "C:\Users\zenam\AppData\Local\Programs\Python\Python313\Lib\site-packages\debug_toolbar\middleware.py", line 130, in __call__
    return self._postprocess(request, response, toolbar)
           ~~~~~~~~~~~~~~~~~^^^^^^^^^^^^^^^^^^^^^^^^^^^^
  File "C:\Users\zenam\AppData\Local\Programs\Python\Python313\Lib\site-packages\debug_toolbar\middleware.py", line 172, in _postprocess
    rendered = toolbar.render_toolbar()
  File "C:\Users\zenam\AppData\Local\Programs\Python\Python313\Lib\site-packages\debug_toolbar\toolbar.py", line 96, in render_toolbar
    return render_to_string("debug_toolbar/base.html", context)
  File "C:\Users\zenam\AppData\Local\Programs\Python\Python313\Lib\site-packages\django\template\loader.py", line 62, in render_to_string
    return template.render(context, request)
           ~~~~~~~~~~~~~~~^^^^^^^^^^^^^^^^^^
  File "C:\Users\zenam\AppData\Local\Programs\Python\Python313\Lib\site-packages\django\template\backends\django.py", line 107, in render
    return self.template.render(context)
           ~~~~~~~~~~~~~~~~~~~~^^^^^^^^^
  File "C:\Users\zenam\AppData\Local\Programs\Python\Python313\Lib\site-packages\django\template\base.py", line 174, in render
    return self._render(context)
           ~~~~~~~~~~~~^^^^^^^^^
  File "C:\Users\zenam\AppData\Local\Programs\Python\Python313\Lib\site-packages\django\test\utils.py", line 114, in instrumented_test_render
    return self.nodelist.render(context)
           ~~~~~~~~~~~~~~~~~~~~^^^^^^^^^
  File "C:\Users\zenam\AppData\Local\Programs\Python\Python313\Lib\site-packages\django\template\base.py", line 1091, in render
    return SafeString("".join([node.render_annotated(context) for node in self]))
                               ~~~~~~~~~~~~~~~~~~~~~^^^^^^^^^
  File "C:\Users\zenam\AppData\Local\Programs\Python\Python313\Lib\site-packages\django\template\base.py", line 1052, in render_annotated
    return self.render(context)
           ~~~~~~~~~~~^^^^^^^^^
  File "C:\Users\zenam\AppData\Local\Programs\Python\Python313\Lib\site-packages\django\template\defaulttags.py", line 249, in render
    nodelist.append(node.render_annotated(context))
                    ~~~~~~~~~~~~~~~~~~~~~^^^^^^^^^
  File "C:\Users\zenam\AppData\Local\Programs\Python\Python313\Lib\site-packages\django\template\base.py", line 1052, in render_annotated
    return self.render(context)
           ~~~~~~~~~~~^^^^^^^^^
  File "C:\Users\zenam\AppData\Local\Programs\Python\Python313\Lib\site-packages\django\template\loader_tags.py", line 211, in render
    return template.render(context)
           ~~~~~~~~~~~~~~~^^^^^^^^^
  File "C:\Users\zenam\AppData\Local\Programs\Python\Python313\Lib\site-packages\django\template\base.py", line 176, in render
    return self._render(context)
           ~~~~~~~~~~~~^^^^^^^^^
  File "C:\Users\zenam\AppData\Local\Programs\Python\Python313\Lib\site-packages\django\test\utils.py", line 114, in instrumented_test_render
    return self.nodelist.render(context)
           ~~~~~~~~~~~~~~~~~~~~^^^^^^^^^
  File "C:\Users\zenam\AppData\Local\Programs\Python\Python313\Lib\site-packages\django\template\base.py", line 1091, in render
    return SafeString("".join([node.render_annotated(context) for node in self]))
                               ~~~~~~~~~~~~~~~~~~~~~^^^^^^^^^
  File "C:\Users\zenam\AppData\Local\Programs\Python\Python313\Lib\site-packages\django\template\base.py", line 1052, in render_annotated
    return self.render(context)
           ~~~~~~~~~~~^^^^^^^^^
  File "C:\Users\zenam\AppData\Local\Programs\Python\Python313\Lib\site-packages\django\template\defaulttags.py", line 333, in render
    return nodelist.render(context)
           ~~~~~~~~~~~~~~~^^^^^^^^^
  File "C:\Users\zenam\AppData\Local\Programs\Python\Python313\Lib\site-packages\django\template\base.py", line 1091, in render
    return SafeString("".join([node.render_annotated(context) for node in self]))
                               ~~~~~~~~~~~~~~~~~~~~~^^^^^^^^^
  File "C:\Users\zenam\AppData\Local\Programs\Python\Python313\Lib\site-packages\django\template\base.py", line 1052, in render_annotated
    return self.render(context)
           ~~~~~~~~~~~^^^^^^^^^
  File "C:\Users\zenam\AppData\Local\Programs\Python\Python313\Lib\site-packages\django\template\defaulttags.py", line 333, in render
    return nodelist.render(context)
           ~~~~~~~~~~~~~~~^^^^^^^^^
  File "C:\Users\zenam\AppData\Local\Programs\Python\Python313\Lib\site-packages\django\template\base.py", line 1091, in render
    return SafeString("".join([node.render_annotated(context) for node in self]))
                               ~~~~~~~~~~~~~~~~~~~~~^^^^^^^^^
  File "C:\Users\zenam\AppData\Local\Programs\Python\Python313\Lib\site-packages\django\template\base.py", line 1052, in render_annotated
    return self.render(context)
           ~~~~~~~~~~~^^^^^^^^^
  File "C:\Users\zenam\AppData\Local\Programs\Python\Python313\Lib\site-packages\django\template\base.py", line 1150, in render
    output = self.filter_expression.resolve(context)
  File "C:\Users\zenam\AppData\Local\Programs\Python\Python313\Lib\site-packages\django\template\base.py", line 788, in resolve
    obj = self.var.resolve(context)
  File "C:\Users\zenam\AppData\Local\Programs\Python\Python313\Lib\site-packages\django\template\base.py", line 928, in resolve
    value = self._resolve_lookup(context)
  File "C:\Users\zenam\AppData\Local\Programs\Python\Python313\Lib\site-packages\django\template\base.py", line 976, in _resolve_lookup
    current = getattr(current, bit)
  File "C:\Users\zenam\AppData\Local\Programs\Python\Python313\Lib\site-packages\debug_toolbar\panels\__init__.py", line 110, in content
    return render_to_string(self.template, self.get_stats())
  File "C:\Users\zenam\AppData\Local\Programs\Python\Python313\Lib\site-packages\django\template\loader.py", line 62, in render_to_string
    return template.render(context, request)
           ~~~~~~~~~~~~~~~^^^^^^^^^^^^^^^^^^
  File "C:\Users\zenam\AppData\Local\Programs\Python\Python313\Lib\site-packages\django\template\backends\django.py", line 107, in render
    return self.template.render(context)
           ~~~~~~~~~~~~~~~~~~~~^^^^^^^^^
  File "C:\Users\zenam\AppData\Local\Programs\Python\Python313\Lib\site-packages\django\template\base.py", line 174, in render
    return self._render(context)
           ~~~~~~~~~~~~^^^^^^^^^
  File "C:\Users\zenam\AppData\Local\Programs\Python\Python313\Lib\site-packages\django\test\utils.py", line 114, in instrumented_test_render
    return self.nodelist.render(context)
           ~~~~~~~~~~~~~~~~~~~~^^^^^^^^^
  File "C:\Users\zenam\AppData\Local\Programs\Python\Python313\Lib\site-packages\django\template\base.py", line 1091, in render
    return SafeString("".join([node.render_annotated(context) for node in self]))
                               ~~~~~~~~~~~~~~~~~~~~~^^^^^^^^^
  File "C:\Users\zenam\AppData\Local\Programs\Python\Python313\Lib\site-packages\django\template\base.py", line 1052, in render_annotated
    return self.render(context)
           ~~~~~~~~~~~^^^^^^^^^
  File "C:\Users\zenam\AppData\Local\Programs\Python\Python313\Lib\site-packages\django\template\defaulttags.py", line 333, in render
    return nodelist.render(context)
           ~~~~~~~~~~~~~~~^^^^^^^^^
  File "C:\Users\zenam\AppData\Local\Programs\Python\Python313\Lib\site-packages\django\template\base.py", line 1091, in render
    return SafeString("".join([node.render_annotated(context) for node in self]))
                               ~~~~~~~~~~~~~~~~~~~~~^^^^^^^^^
  File "C:\Users\zenam\AppData\Local\Programs\Python\Python313\Lib\site-packages\django\template\base.py", line 1052, in render_annotated
    return self.render(context)
           ~~~~~~~~~~~^^^^^^^^^
  File "C:\Users\zenam\AppData\Local\Programs\Python\Python313\Lib\site-packages\django\template\defaulttags.py", line 249, in render
    nodelist.append(node.render_annotated(context))
                    ~~~~~~~~~~~~~~~~~~~~~^^^^^^^^^
  File "C:\Users\zenam\AppData\Local\Programs\Python\Python313\Lib\site-packages\django\template\base.py", line 1052, in render_annotated
    return self.render(context)
           ~~~~~~~~~~~^^^^^^^^^
  File "C:\Users\zenam\AppData\Local\Programs\Python\Python313\Lib\site-packages\django\template\defaulttags.py", line 333, in render
    return nodelist.render(context)
           ~~~~~~~~~~~~~~~^^^^^^^^^
  File "C:\Users\zenam\AppData\Local\Programs\Python\Python313\Lib\site-packages\django\template\base.py", line 1091, in render
    return SafeString("".join([node.render_annotated(context) for node in self]))
                               ~~~~~~~~~~~~~~~~~~~~~^^^^^^^^^
  File "C:\Users\zenam\AppData\Local\Programs\Python\Python313\Lib\site-packages\django\template\base.py", line 1052, in render_annotated
    return self.render(context)
           ~~~~~~~~~~~^^^^^^^^^
  File "C:\Users\zenam\AppData\Local\Programs\Python\Python313\Lib\site-packages\django\template\defaulttags.py", line 333, in render
    return nodelist.render(context)
           ~~~~~~~~~~~~~~~^^^^^^^^^
  File "C:\Users\zenam\AppData\Local\Programs\Python\Python313\Lib\site-packages\django\template\base.py", line 1091, in render
    return SafeString("".join([node.render_annotated(context) for node in self]))
                               ~~~~~~~~~~~~~~~~~~~~~^^^^^^^^^
  File "C:\Users\zenam\AppData\Local\Programs\Python\Python313\Lib\site-packages\django\template\base.py", line 1052, in render_annotated
    return self.render(context)
           ~~~~~~~~~~~^^^^^^^^^
  File "C:\Users\zenam\AppData\Local\Programs\Python\Python313\Lib\site-packages\django\template\defaulttags.py", line 511, in render
    url = reverse(view_name, args=args, kwargs=kwargs, current_app=current_app)
  File "C:\Users\zenam\AppData\Local\Programs\Python\Python313\Lib\site-packages\django\urls\base.py", line 92, in reverse
    raise NoReverseMatch("%s is not a registered namespace" % key)
django.urls.exceptions.NoReverseMatch: 'djdt' is not a registered namespace
ERROR 2026-10-05 14:52:25,611 log Internal Server Error: /async/cart/
Traceback (most recent call last):
  File "C:\Users\zenam\AppData\Local\Programs\Python\Python313\Lib\site-packages\django\contrib\sessions\backends\base.py", line 246, in _get_session
    return self._session_cache
           ^^^^^^^^^^^^^^^^^^^
AttributeError: 'SessionStore' object has no attribute '_session_cache'

During handling of the above exception, another exception occurred:

Traceback (most recent call last):
  File "C:\Users\zenam\AppData\Local\Programs\Python\Python313\Lib\site-packages\django\core\handlers\exception.py", line 55, in inner
    response = get_response(request)
  File "C:\Users\zenam\AppData\Local\Programs\Python\Python313\Lib\site-packages\django\core\handlers\base.py", line 198, in _get_response
    response = wrapped_callback(request, *callback_args, **callback_kwargs)
  File "C:\Users\zenam\AppData\Local\Programs\Python\Python313\Lib\site-packages\asgiref\sync.py", line 325, in __call__
    return call_result.result()
           ~~~~~~~~~~~~~~~~~~^^
  File "C:\Users\zenam\AppData\Local\Programs\Python\Python313\Lib\concurrent\futures\_base.py", line 449, in result
    return self.__get_result()
           ~~~~~~~~~~~~~~~~~^^
  File "C:\Users\zenam\AppData\Local\Programs\Python\Python313\Lib\concurrent\futures\_base.py", line 401, in __get_result
    raise self._exception
  File "C:\Users\zenam\AppData\Local\Programs\Python\Python313\Lib\site-packages\asgiref\sync.py", line 365, in main_wrap
    result = await awaitable
             ^^^^^^^^^^^^^^^
  File "C:\Users\zenam\django_flask_env\books\views.py", line 202, in async_cart_summary
    cart = request.session.get('cart', {})
  File "C:\Users\zenam\AppData\Local\Programs\Python\Python313\Lib\site-packages\django\contrib\sessions\backends\base.py", line 74, in get
    return self._session.get(key, default)
           ^^^^^^^^^^^^^
  File "C:\Users\zenam\AppData\Local\Programs\Python\Python313\Lib\site-packages\django\contrib\sessions\backends\base.py", line 251, in _get_session
    self._session_cache = self.load()
                          ~~~~~~~~~^^
  File "C:\Users\zenam\AppData\Local\Programs\Python\Python313\Lib\site-packages\django\contrib\sessions\backends\db.py", line 55, in load
    s = self._get_session_from_db()
  File "C:\Users\zenam\AppData\Local\Programs\Python\Python313\Lib\site-packages\django\contrib\sessions\backends\db.py", line 34, in _get_session_from_db
    return self.model.objects.get(
           ~~~~~~~~~~~~~~~~~~~~~~^
        session_key=self.session_key, expire_date__gt=timezone.now()
        ^^^^^^^^^^^^^^^^^^^^^^^^^^^^^^^^^^^^^^^^^^^^^^^^^^^^^^^^^^^^
    )
    ^
  File "C:\Users\zenam\AppData\Local\Programs\Python\Python313\Lib\site-packages\django\db\models\manager.py", line 87, in manager_method
    return getattr(self.get_queryset(), name)(*args, **kwargs)
           ~~~~~~~~~~~~~~~~~~~~~~~~~~~~~~~~~~^^^^^^^^^^^^^^^^^
  File "C:\Users\zenam\AppData\Local\Programs\Python\Python313\Lib\site-packages\django\db\models\query.py", line 635, in get
    num = len(clone)
  File "C:\Users\zenam\AppData\Local\Programs\Python\Python313\Lib\site-packages\django\db\models\query.py", line 372, in __len__
    self._fetch_all()
    ~~~~~~~~~~~~~~~^^
  File "C:\Users\zenam\AppData\Local\Programs\Python\Python313\Lib\site-packages\django\db\models\query.py", line 2000, in _fetch_all
    self._result_cache = list(self._iterable_class(self))
                         ~~~~^^^^^^^^^^^^^^^^^^^^^^^^^^^^
  File "C:\Users\zenam\AppData\Local\Programs\Python\Python313\Lib\site-packages\django\db\models\query.py", line 95, in __iter__
    results = compiler.execute_sql(
        chunked_fetch=self.chunked_fetch, chunk_size=self.chunk_size
    )
  File "C:\Users\zenam\AppData\Local\Programs\Python\Python313\Lib\site-packages\django\db\models\sql\compiler.py", line 1622, in execute_sql
    cursor = self.connection.cursor()
  File "C:\Users\zenam\AppData\Local\Programs\Python\Python313\Lib\site-packages\django\utils\asyncio.py", line 24, in inner
    raise SynchronousOnlyOperation(message)
django.core.exceptions.SynchronousOnlyOperation: You cannot call this from an async context - use a thread or sync_to_async.
INFO 2026-10-05 14:52:25,619 middleware Request GET /async/cart/ by Anonymous in 6.55 ms | groups=Anonymous | status=500
ERROR 2026-10-05 14:52:25,642 log Internal Server Error: /async/cart/
Traceback (most recent call last):
  File "C:\Users\zenam\AppData\Local\Programs\Python\Python313\Lib\site-packages\django\template\base.py", line 964, in _resolve_lookup
    raise TypeError
TypeError

During handling of the above exception, another exception occurred:

Traceback (most recent call last):
  File "C:\Users\zenam\AppData\Local\Programs\Python\Python313\Lib\site-packages\django\urls\base.py", line 81, in reverse
    extra, resolver = resolver.namespace_dict[ns]
                      ~~~~~~~~~~~~~~~~~~~~~~~^^^^
KeyError: 'djdt'

During handling of the above exception, another exception occurred:

Traceback (most recent call last):
  File "C:\Users\zenam\AppData\Local\Programs\Python\Python313\Lib\site-packages\django\core\handlers\exception.py", line 55, in inner
    response = get_response(request)
  File "C:\Users\zenam\AppData\Local\Programs\Python\Python313\Lib\site-packages\debug_toolbar\middleware.py", line 130, in __call__
    return self._postprocess(request, response, toolbar)
           ~~~~~~~~~~~~~~~~~^^^^^^^^^^^^^^^^^^^^^^^^^^^^
  File "C:\Users\zenam\AppData\Local\Programs\Python\Python313\Lib\site-packages\debug_toolbar\middleware.py", line 172, in _postprocess
    rendered = toolbar.render_toolbar()
  File "C:\Users\zenam\AppData\Local\Programs\Python\Python313\Lib\site-packages\debug_toolbar\toolbar.py", line 96, in render_toolbar
    return render_to_string("debug_toolbar/base.html", context)
  File "C:\Users\zenam\AppData\Local\Programs\Python\Python313\Lib\site-packages\django\template\loader.py", line 62, in render_to_string
    return template.render(context, request)
           ~~~~~~~~~~~~~~~^^^^^^^^^^^^^^^^^^
  File "C:\Users\zenam\AppData\Local\Programs\Python\Python313\Lib\site-packages\django\template\backends\django.py", line 107, in render
    return self.template.render(context)
           ~~~~~~~~~~~~~~~~~~~~^^^^^^^^^
  File "C:\Users\zenam\AppData\Local\Programs\Python\Python313\Lib\site-packages\django\template\base.py", line 174, in render
    return self._render(context)
           ~~~~~~~~~~~~^^^^^^^^^
  File "C:\Users\zenam\AppData\Local\Programs\Python\Python313\Lib\site-packages\django\test\utils.py", line 114, in instrumented_test_render
    return self.nodelist.render(context)
           ~~~~~~~~~~~~~~~~~~~~^^^^^^^^^
  File "C:\Users\zenam\AppData\Local\Programs\Python\Python313\Lib\site-packages\django\template\base.py", line 1091, in render
    return SafeString("".join([node.render_annotated(context) for node in self]))
                               ~~~~~~~~~~~~~~~~~~~~~^^^^^^^^^
  File "C:\Users\zenam\AppData\Local\Programs\Python\Python313\Lib\site-packages\django\template\base.py", line 1052, in render_annotated
    return self.render(context)
           ~~~~~~~~~~~^^^^^^^^^
  File "C:\Users\zenam\AppData\Local\Programs\Python\Python313\Lib\site-packages\django\template\defaulttags.py", line 249, in render
    nodelist.append(node.render_annotated(context))
                    ~~~~~~~~~~~~~~~~~~~~~^^^^^^^^^
  File "C:\Users\zenam\AppData\Local\Programs\Python\Python313\Lib\site-packages\django\template\base.py", line 1052, in render_annotated
    return self.render(context)
           ~~~~~~~~~~~^^^^^^^^^
  File "C:\Users\zenam\AppData\Local\Programs\Python\Python313\Lib\site-packages\django\template\loader_tags.py", line 211, in render
    return template.render(context)
           ~~~~~~~~~~~~~~~^^^^^^^^^
  File "C:\Users\zenam\AppData\Local\Programs\Python\Python313\Lib\site-packages\django\template\base.py", line 176, in render
    return self._render(context)
           ~~~~~~~~~~~~^^^^^^^^^
  File "C:\Users\zenam\AppData\Local\Programs\Python\Python313\Lib\site-packages\django\test\utils.py", line 114, in instrumented_test_render
    return self.nodelist.render(context)
           ~~~~~~~~~~~~~~~~~~~~^^^^^^^^^
  File "C:\Users\zenam\AppData\Local\Programs\Python\Python313\Lib\site-packages\django\template\base.py", line 1091, in render
    return SafeString("".join([node.render_annotated(context) for node in self]))
                               ~~~~~~~~~~~~~~~~~~~~~^^^^^^^^^
  File "C:\Users\zenam\AppData\Local\Programs\Python\Python313\Lib\site-packages\django\template\base.py", line 1052, in render_annotated
    return self.render(context)
           ~~~~~~~~~~~^^^^^^^^^
  File "C:\Users\zenam\AppData\Local\Programs\Python\Python313\Lib\site-packages\django\template\defaulttags.py", line 333, in render
    return nodelist.render(context)
           ~~~~~~~~~~~~~~~^^^^^^^^^
  File "C:\Users\zenam\AppData\Local\Programs\Python\Python313\Lib\site-packages\django\template\base.py", line 1091, in render
    return SafeString("".join([node.render_annotated(context) for node in self]))
                               ~~~~~~~~~~~~~~~~~~~~~^^^^^^^^^
  File "C:\Users\zenam\AppData\Local\Programs\Python\Python313\Lib\site-packages\django\template\base.py", line 1052, in render_annotated
    return self.render(context)
           ~~~~~~~~~~~^^^^^^^^^
  File "C:\Users\zenam\AppData\Local\Programs\Python\Python313\Lib\site-packages\django\template\defaulttags.py", line 333, in render
    return nodelist.render(context)
           ~~~~~~~~~~~~~~~^^^^^^^^^
  File "C:\Users\zenam\AppData\Local\Programs\Python\Python313\Lib\site-packages\django\template\base.py", line 1091, in render
    return SafeString("".join([node.render_annotated(context) for node in self]))
                               ~~~~~~~~~~~~~~~~~~~~~^^^^^^^^^
  File "C:\Users\zenam\AppData\Local\Programs\Python\Python313\Lib\site-packages\django\template\base.py", line 1052, in render_annotated
    return self.render(context)
           ~~~~~~~~~~~^^^^^^^^^
  File "C:\Users\zenam\AppData\Local\Programs\Python\Python313\Lib\site-packages\django\template\base.py", line 1150, in render
    output = self.filter_expression.resolve(context)
  File "C:\Users\zenam\AppData\Local\Programs\Python\Python313\Lib\site-packages\django\template\base.py", line 788, in resolve
    obj = self.var.resolve(context)
  File "C:\Users\zenam\AppData\Local\Programs\Python\Python313\Lib\site-packages\django\template\base.py", line 928, in resolve
    value = self._resolve_lookup(context)
  File "C:\Users\zenam\AppData\Local\Programs\Python\Python313\Lib\site-packages\django\template\base.py", line 976, in _resolve_lookup
    current = getattr(current, bit)
  File "C:\Users\zenam\AppData\Local\Programs\Python\Python313\Lib\site-packages\debug_toolbar\panels\__init__.py", line 110, in content
    return render_to_string(self.template, self.get_stats())
  File "C:\Users\zenam\AppData\Local\Programs\Python\Python313\Lib\site-packages\django\template\loader.py", line 62, in render_to_string
    return template.render(context, request)
           ~~~~~~~~~~~~~~~^^^^^^^^^^^^^^^^^^
  File "C:\Users\zenam\AppData\Local\Programs\Python\Python313\Lib\site-packages\django\template\backends\django.py", line 107, in render
    return self.template.render(context)
           ~~~~~~~~~~~~~~~~~~~~^^^^^^^^^
  File "C:\Users\zenam\AppData\Local\Programs\Python\Python313\Lib\site-packages\django\template\base.py", line 174, in render
    return self._render(context)
           ~~~~~~~~~~~~^^^^^^^^^
  File "C:\Users\zenam\AppData\Local\Programs\Python\Python313\Lib\site-packages\django\test\utils.py", line 114, in instrumented_test_render
    return self.nodelist.render(context)
           ~~~~~~~~~~~~~~~~~~~~^^^^^^^^^
  File "C:\Users\zenam\AppData\Local\Programs\Python\Python313\Lib\site-packages\django\template\base.py", line 1091, in render
    return SafeString("".join([node.render_annotated(context) for node in self]))
                               ~~~~~~~~~~~~~~~~~~~~~^^^^^^^^^
  File "C:\Users\zenam\AppData\Local\Programs\Python\Python313\Lib\site-packages\django\template\base.py", line 1052, in render_annotated
    return self.render(context)
           ~~~~~~~~~~~^^^^^^^^^
  File "C:\Users\zenam\AppData\Local\Programs\Python\Python313\Lib\site-packages\django\template\defaulttags.py", line 333, in render
    return nodelist.render(context)
           ~~~~~~~~~~~~~~~^^^^^^^^^
  File "C:\Users\zenam\AppData\Local\Programs\Python\Python313\Lib\site-packages\django\template\base.py", line 1091, in render
    return SafeString("".join([node.render_annotated(context) for node in self]))
                               ~~~~~~~~~~~~~~~~~~~~~^^^^^^^^^
  File "C:\Users\zenam\AppData\Local\Programs\Python\Python313\Lib\site-packages\django\template\base.py", line 1052, in render_annotated
    return self.render(context)
           ~~~~~~~~~~~^^^^^^^^^
  File "C:\Users\zenam\AppData\Local\Programs\Python\Python313\Lib\site-packages\django\template\defaulttags.py", line 249, in render
    nodelist.append(node.render_annotated(context))
                    ~~~~~~~~~~~~~~~~~~~~~^^^^^^^^^
  File "C:\Users\zenam\AppData\Local\Programs\Python\Python313\Lib\site-packages\django\template\base.py", line 1052, in render_annotated
    return self.render(context)
           ~~~~~~~~~~~^^^^^^^^^
  File "C:\Users\zenam\AppData\Local\Programs\Python\Python313\Lib\site-packages\django\template\defaulttags.py", line 333, in render
    return nodelist.render(context)
           ~~~~~~~~~~~~~~~^^^^^^^^^
  File "C:\Users\zenam\AppData\Local\Programs\Python\Python313\Lib\site-packages\django\template\base.py", line 1091, in render
    return SafeString("".join([node.render_annotated(context) for node in self]))
                               ~~~~~~~~~~~~~~~~~~~~~^^^^^^^^^
  File "C:\Users\zenam\AppData\Local\Programs\Python\Python313\Lib\site-packages\django\template\base.py", line 1052, in render_annotated
    return self.render(context)
           ~~~~~~~~~~~^^^^^^^^^
  File "C:\Users\zenam\AppData\Local\Programs\Python\Python313\Lib\site-packages\django\template\defaulttags.py", line 333, in render
    return nodelist.render(context)
           ~~~~~~~~~~~~~~~^^^^^^^^^
  File "C:\Users\zenam\AppData\Local\Programs\Python\Python313\Lib\site-packages\django\template\base.py", line 1091, in render
    return SafeString("".join([node.render_annotated(context) for node in self]))
                               ~~~~~~~~~~~~~~~~~~~~~^^^^^^^^^
  File "C:\Users\zenam\AppData\Local\Programs\Python\Python313\Lib\site-packages\django\template\base.py", line 1052, in render_annotated
    return self.render(context)
           ~~~~~~~~~~~^^^^^^^^^
  File "C:\Users\zenam\AppData\Local\Programs\Python\Python313\Lib\site-packages\django\template\defaulttags.py", line 511, in render
    url = reverse(view_name, args=args, kwargs=kwargs, current_app=current_app)
  File "C:\Users\zenam\AppData\Local\Programs\Python\Python313\Lib\site-packages\django\urls\base.py", line 92, in reverse
    raise NoReverseMatch("%s is not a registered namespace" % key)
django.urls.exceptions.NoReverseMatch: 'djdt' is not a registered namespace
INFO 2026-10-05 14:52:26,783 middleware Request POST /users/register/ by Anonymous in 494.57 ms | groups=Anonymous | status=302
ERROR 2026-10-05 14:52:26,820 log Internal Server Error: /users/register/
Traceback (most recent call last):
  File "C:\Users\zenam\AppData\Local\Programs\Python\Python313\Lib\site-packages\django\template\base.py", line 964, in _resolve_lookup
    raise TypeError
TypeError

During handling of the above exception, another exception occurred:

Traceback (most recent call last):
  File "C:\Users\zenam\AppData\Local\Programs\Python\Python313\Lib\site-packages\django\urls\base.py", line 81, in reverse
    extra, resolver = resolver.namespace_dict[ns]
                      ~~~~~~~~~~~~~~~~~~~~~~~^^^^
KeyError: 'djdt'

During handling of the above exception, another exception occurred:

Traceback (most recent call last):
  File "C:\Users\zenam\AppData\Local\Programs\Python\Python313\Lib\site-packages\django\core\handlers\exception.py", line 55, in inner
    response = get_response(request)
  File "C:\Users\zenam\AppData\Local\Programs\Python\Python313\Lib\site-packages\debug_toolbar\middleware.py", line 130, in __call__
    return self._postprocess(request, response, toolbar)
           ~~~~~~~~~~~~~~~~~^^^^^^^^^^^^^^^^^^^^^^^^^^^^
  File "C:\Users\zenam\AppData\Local\Programs\Python\Python313\Lib\site-packages\debug_toolbar\middleware.py", line 172, in _postprocess
    rendered = toolbar.render_toolbar()
  File "C:\Users\zenam\AppData\Local\Programs\Python\Python313\Lib\site-packages\debug_toolbar\toolbar.py", line 96, in render_toolbar
    return render_to_string("debug_toolbar/base.html", context)
  File "C:\Users\zenam\AppData\Local\Programs\Python\Python313\Lib\site-packages\django\template\loader.py", line 62, in render_to_string
    return template.render(context, request)
           ~~~~~~~~~~~~~~~^^^^^^^^^^^^^^^^^^
  File "C:\Users\zenam\AppData\Local\Programs\Python\Python313\Lib\site-packages\django\template\backends\django.py", line 107, in render
    return self.template.render(context)
           ~~~~~~~~~~~~~~~~~~~~^^^^^^^^^
  File "C:\Users\zenam\AppData\Local\Programs\Python\Python313\Lib\site-packages\django\template\base.py", line 174, in render
    return self._render(context)
           ~~~~~~~~~~~~^^^^^^^^^
  File "C:\Users\zenam\AppData\Local\Programs\Python\Python313\Lib\site-packages\django\test\utils.py", line 114, in instrumented_test_render
    return self.nodelist.render(context)
           ~~~~~~~~~~~~~~~~~~~~^^^^^^^^^
  File "C:\Users\zenam\AppData\Local\Programs\Python\Python313\Lib\site-packages\django\template\base.py", line 1091, in render
    return SafeString("".join([node.render_annotated(context) for node in self]))
                               ~~~~~~~~~~~~~~~~~~~~~^^^^^^^^^
  File "C:\Users\zenam\AppData\Local\Programs\Python\Python313\Lib\site-packages\django\template\base.py", line 1052, in render_annotated
    return self.render(context)
           ~~~~~~~~~~~^^^^^^^^^
  File "C:\Users\zenam\AppData\Local\Programs\Python\Python313\Lib\site-packages\django\template\defaulttags.py", line 249, in render
    nodelist.append(node.render_annotated(context))
                    ~~~~~~~~~~~~~~~~~~~~~^^^^^^^^^
  File "C:\Users\zenam\AppData\Local\Programs\Python\Python313\Lib\site-packages\django\template\base.py", line 1052, in render_annotated
    return self.render(context)
           ~~~~~~~~~~~^^^^^^^^^
  File "C:\Users\zenam\AppData\Local\Programs\Python\Python313\Lib\site-packages\django\template\loader_tags.py", line 211, in render
    return template.render(context)
           ~~~~~~~~~~~~~~~^^^^^^^^^
  File "C:\Users\zenam\AppData\Local\Programs\Python\Python313\Lib\site-packages\django\template\base.py", line 176, in render
    return self._render(context)
           ~~~~~~~~~~~~^^^^^^^^^
  File "C:\Users\zenam\AppData\Local\Programs\Python\Python313\Lib\site-packages\django\test\utils.py", line 114, in instrumented_test_render
    return self.nodelist.render(context)
           ~~~~~~~~~~~~~~~~~~~~^^^^^^^^^
  File "C:\Users\zenam\AppData\Local\Programs\Python\Python313\Lib\site-packages\django\template\base.py", line 1091, in render
    return SafeString("".join([node.render_annotated(context) for node in self]))
                               ~~~~~~~~~~~~~~~~~~~~~^^^^^^^^^
  File "C:\Users\zenam\AppData\Local\Programs\Python\Python313\Lib\site-packages\django\template\base.py", line 1052, in render_annotated
    return self.render(context)
           ~~~~~~~~~~~^^^^^^^^^
  File "C:\Users\zenam\AppData\Local\Programs\Python\Python313\Lib\site-packages\django\template\defaulttags.py", line 333, in render
    return nodelist.render(context)
           ~~~~~~~~~~~~~~~^^^^^^^^^
  File "C:\Users\zenam\AppData\Local\Programs\Python\Python313\Lib\site-packages\django\template\base.py", line 1091, in render
    return SafeString("".join([node.render_annotated(context) for node in self]))
                               ~~~~~~~~~~~~~~~~~~~~~^^^^^^^^^
  File "C:\Users\zenam\AppData\Local\Programs\Python\Python313\Lib\site-packages\django\template\base.py", line 1052, in render_annotated
    return self.render(context)
           ~~~~~~~~~~~^^^^^^^^^
  File "C:\Users\zenam\AppData\Local\Programs\Python\Python313\Lib\site-packages\django\template\defaulttags.py", line 333, in render
    return nodelist.render(context)
           ~~~~~~~~~~~~~~~^^^^^^^^^
  File "C:\Users\zenam\AppData\Local\Programs\Python\Python313\Lib\site-packages\django\template\base.py", line 1091, in render
    return SafeString("".join([node.render_annotated(context) for node in self]))
                               ~~~~~~~~~~~~~~~~~~~~~^^^^^^^^^
  File "C:\Users\zenam\AppData\Local\Programs\Python\Python313\Lib\site-packages\django\template\base.py", line 1052, in render_annotated
    return self.render(context)
           ~~~~~~~~~~~^^^^^^^^^
  File "C:\Users\zenam\AppData\Local\Programs\Python\Python313\Lib\site-packages\django\template\base.py", line 1150, in render
    output = self.filter_expression.resolve(context)
  File "C:\Users\zenam\AppData\Local\Programs\Python\Python313\Lib\site-packages\django\template\base.py", line 788, in resolve
    obj = self.var.resolve(context)
  File "C:\Users\zenam\AppData\Local\Programs\Python\Python313\Lib\site-packages\django\template\base.py", line 928, in resolve
    value = self._resolve_lookup(context)
  File "C:\Users\zenam\AppData\Local\Programs\Python\Python313\Lib\site-packages\django\template\base.py", line 976, in _resolve_lookup
    current = getattr(current, bit)
  File "C:\Users\zenam\AppData\Local\Programs\Python\Python313\Lib\site-packages\debug_toolbar\panels\__init__.py", line 110, in content
    return render_to_string(self.template, self.get_stats())
  File "C:\Users\zenam\AppData\Local\Programs\Python\Python313\Lib\site-packages\django\template\loader.py", line 62, in render_to_string
    return template.render(context, request)
           ~~~~~~~~~~~~~~~^^^^^^^^^^^^^^^^^^
  File "C:\Users\zenam\AppData\Local\Programs\Python\Python313\Lib\site-packages\django\template\backends\django.py", line 107, in render
    return self.template.render(context)
           ~~~~~~~~~~~~~~~~~~~~^^^^^^^^^
  File "C:\Users\zenam\AppData\Local\Programs\Python\Python313\Lib\site-packages\django\template\base.py", line 174, in render
    return self._render(context)
           ~~~~~~~~~~~~^^^^^^^^^
  File "C:\Users\zenam\AppData\Local\Programs\Python\Python313\Lib\site-packages\django\test\utils.py", line 114, in instrumented_test_render
    return self.nodelist.render(context)
           ~~~~~~~~~~~~~~~~~~~~^^^^^^^^^
  File "C:\Users\zenam\AppData\Local\Programs\Python\Python313\Lib\site-packages\django\template\base.py", line 1091, in render
    return SafeString("".join([node.render_annotated(context) for node in self]))
                               ~~~~~~~~~~~~~~~~~~~~~^^^^^^^^^
  File "C:\Users\zenam\AppData\Local\Programs\Python\Python313\Lib\site-packages\django\template\base.py", line 1052, in render_annotated
    return self.render(context)
           ~~~~~~~~~~~^^^^^^^^^
  File "C:\Users\zenam\AppData\Local\Programs\Python\Python313\Lib\site-packages\django\template\defaulttags.py", line 333, in render
    return nodelist.render(context)
           ~~~~~~~~~~~~~~~^^^^^^^^^
  File "C:\Users\zenam\AppData\Local\Programs\Python\Python313\Lib\site-packages\django\template\base.py", line 1091, in render
    return SafeString("".join([node.render_annotated(context) for node in self]))
                               ~~~~~~~~~~~~~~~~~~~~~^^^^^^^^^
  File "C:\Users\zenam\AppData\Local\Programs\Python\Python313\Lib\site-packages\django\template\base.py", line 1052, in render_annotated
    return self.render(context)
           ~~~~~~~~~~~^^^^^^^^^
  File "C:\Users\zenam\AppData\Local\Programs\Python\Python313\Lib\site-packages\django\template\defaulttags.py", line 249, in render
    nodelist.append(node.render_annotated(context))
                    ~~~~~~~~~~~~~~~~~~~~~^^^^^^^^^
  File "C:\Users\zenam\AppData\Local\Programs\Python\Python313\Lib\site-packages\django\template\base.py", line 1052, in render_annotated
    return self.render(context)
           ~~~~~~~~~~~^^^^^^^^^
  File "C:\Users\zenam\AppData\Local\Programs\Python\Python313\Lib\site-packages\django\template\defaulttags.py", line 333, in render
    return nodelist.render(context)
           ~~~~~~~~~~~~~~~^^^^^^^^^
  File "C:\Users\zenam\AppData\Local\Programs\Python\Python313\Lib\site-packages\django\template\base.py", line 1091, in render
    return SafeString("".join([node.render_annotated(context) for node in self]))
                               ~~~~~~~~~~~~~~~~~~~~~^^^^^^^^^
  File "C:\Users\zenam\AppData\Local\Programs\Python\Python313\Lib\site-packages\django\template\base.py", line 1052, in render_annotated
    return self.render(context)
           ~~~~~~~~~~~^^^^^^^^^
  File "C:\Users\zenam\AppData\Local\Programs\Python\Python313\Lib\site-packages\django\template\defaulttags.py", line 333, in render
    return nodelist.render(context)
           ~~~~~~~~~~~~~~~^^^^^^^^^
  File "C:\Users\zenam\AppData\Local\Programs\Python\Python313\Lib\site-packages\django\template\base.py", line 1091, in render
    return SafeString("".join([node.render_annotated(context) for node in self]))
                               ~~~~~~~~~~~~~~~~~~~~~^^^^^^^^^
  File "C:\Users\zenam\AppData\Local\Programs\Python\Python313\Lib\site-packages\django\template\base.py", line 1052, in render_annotated
    return self.render(context)
           ~~~~~~~~~~~^^^^^^^^^
  File "C:\Users\zenam\AppData\Local\Programs\Python\Python313\Lib\site-packages\django\template\defaulttags.py", line 511, in render
    url = reverse(view_name, args=args, kwargs=kwargs, current_app=current_app)
  File "C:\Users\zenam\AppData\Local\Programs\Python\Python313\Lib\site-packages\django\urls\base.py", line 92, in reverse
    raise NoReverseMatch("%s is not a registered namespace" % key)
django.urls.exceptions.NoReverseMatch: 'djdt' is not a registered namespace
INFO 2026-10-05 14:52:27,453 middleware Request GET /admin/login/ by Anonymous in 19.87 ms | groups=Anonymous | status=200
ERROR 2026-10-05 14:52:27,477 log Internal Server Error: /admin/login/
Traceback (most recent call last):
  File "C:\Users\zenam\AppData\Local\Programs\Python\Python313\Lib\site-packages\django\template\base.py", line 964, in _resolve_lookup
    raise TypeError
TypeError

During handling of the above exception, another exception occurred:

Traceback (most recent call last):
  File "C:\Users\zenam\AppData\Local\Programs\Python\Python313\Lib\site-packages\django\urls\base.py", line 81, in reverse
    extra, resolver = resolver.namespace_dict[ns]
                      ~~~~~~~~~~~~~~~~~~~~~~~^^^^
KeyError: 'djdt'

During handling of the above exception, another exception occurred:

Traceback (most recent call last):
  File "C:\Users\zenam\AppData\Local\Programs\Python\Python313\Lib\site-packages\django\core\handlers\exception.py", line 55, in inner
    response = get_response(request)
  File "C:\Users\zenam\AppData\Local\Programs\Python\Python313\Lib\site-packages\debug_toolbar\middleware.py", line 130, in __call__
    return self._postprocess(request, response, toolbar)
           ~~~~~~~~~~~~~~~~~^^^^^^^^^^^^^^^^^^^^^^^^^^^^
  File "C:\Users\zenam\AppData\Local\Programs\Python\Python313\Lib\site-packages\debug_toolbar\middleware.py", line 172, in _postprocess
    rendered = toolbar.render_toolbar()
  File "C:\Users\zenam\AppData\Local\Programs\Python\Python313\Lib\site-packages\debug_toolbar\toolbar.py", line 96, in render_toolbar
    return render_to_string("debug_toolbar/base.html", context)
  File "C:\Users\zenam\AppData\Local\Programs\Python\Python313\Lib\site-packages\django\template\loader.py", line 62, in render_to_string
    return template.render(context, request)
           ~~~~~~~~~~~~~~~^^^^^^^^^^^^^^^^^^
  File "C:\Users\zenam\AppData\Local\Programs\Python\Python313\Lib\site-packages\django\template\backends\django.py", line 107, in render
    return self.template.render(context)
           ~~~~~~~~~~~~~~~~~~~~^^^^^^^^^
  File "C:\Users\zenam\AppData\Local\Programs\Python\Python313\Lib\site-packages\django\template\base.py", line 174, in render
    return self._render(context)
           ~~~~~~~~~~~~^^^^^^^^^
  File "C:\Users\zenam\AppData\Local\Programs\Python\Python313\Lib\site-packages\django\test\utils.py", line 114, in instrumented_test_render
    return self.nodelist.render(context)
           ~~~~~~~~~~~~~~~~~~~~^^^^^^^^^
  File "C:\Users\zenam\AppData\Local\Programs\Python\Python313\Lib\site-packages\django\template\base.py", line 1091, in render
    return SafeString("".join([node.render_annotated(context) for node in self]))
                               ~~~~~~~~~~~~~~~~~~~~~^^^^^^^^^
  File "C:\Users\zenam\AppData\Local\Programs\Python\Python313\Lib\site-packages\django\template\base.py", line 1052, in render_annotated
    return self.render(context)
           ~~~~~~~~~~~^^^^^^^^^
  File "C:\Users\zenam\AppData\Local\Programs\Python\Python313\Lib\site-packages\django\template\defaulttags.py", line 249, in render
    nodelist.append(node.render_annotated(context))
                    ~~~~~~~~~~~~~~~~~~~~~^^^^^^^^^
  File "C:\Users\zenam\AppData\Local\Programs\Python\Python313\Lib\site-packages\django\template\base.py", line 1052, in render_annotated
    return self.render(context)
           ~~~~~~~~~~~^^^^^^^^^
  File "C:\Users\zenam\AppData\Local\Programs\Python\Python313\Lib\site-packages\django\template\loader_tags.py", line 211, in render
    return template.render(context)
           ~~~~~~~~~~~~~~~^^^^^^^^^
  File "C:\Users\zenam\AppData\Local\Programs\Python\Python313\Lib\site-packages\django\template\base.py", line 176, in render
    return self._render(context)
           ~~~~~~~~~~~~^^^^^^^^^
  File "C:\Users\zenam\AppData\Local\Programs\Python\Python313\Lib\site-packages\django\test\utils.py", line 114, in instrumented_test_render
    return self.nodelist.render(context)
           ~~~~~~~~~~~~~~~~~~~~^^^^^^^^^
  File "C:\Users\zenam\AppData\Local\Programs\Python\Python313\Lib\site-packages\django\template\base.py", line 1091, in render
    return SafeString("".join([node.render_annotated(context) for node in self]))
                               ~~~~~~~~~~~~~~~~~~~~~^^^^^^^^^
  File "C:\Users\zenam\AppData\Local\Programs\Python\Python313\Lib\site-packages\django\template\base.py", line 1052, in render_annotated
    return self.render(context)
           ~~~~~~~~~~~^^^^^^^^^
  File "C:\Users\zenam\AppData\Local\Programs\Python\Python313\Lib\site-packages\django\template\defaulttags.py", line 333, in render
    return nodelist.render(context)
           ~~~~~~~~~~~~~~~^^^^^^^^^
  File "C:\Users\zenam\AppData\Local\Programs\Python\Python313\Lib\site-packages\django\template\base.py", line 1091, in render
    return SafeString("".join([node.render_annotated(context) for node in self]))
                               ~~~~~~~~~~~~~~~~~~~~~^^^^^^^^^
  File "C:\Users\zenam\AppData\Local\Programs\Python\Python313\Lib\site-packages\django\template\base.py", line 1052, in render_annotated
    return self.render(context)
           ~~~~~~~~~~~^^^^^^^^^
  File "C:\Users\zenam\AppData\Local\Programs\Python\Python313\Lib\site-packages\django\template\defaulttags.py", line 333, in render
    return nodelist.render(context)
           ~~~~~~~~~~~~~~~^^^^^^^^^
  File "C:\Users\zenam\AppData\Local\Programs\Python\Python313\Lib\site-packages\django\template\base.py", line 1091, in render
    return SafeString("".join([node.render_annotated(context) for node in self]))
                               ~~~~~~~~~~~~~~~~~~~~~^^^^^^^^^
  File "C:\Users\zenam\AppData\Local\Programs\Python\Python313\Lib\site-packages\django\template\base.py", line 1052, in render_annotated
    return self.render(context)
           ~~~~~~~~~~~^^^^^^^^^
  File "C:\Users\zenam\AppData\Local\Programs\Python\Python313\Lib\site-packages\django\template\base.py", line 1150, in render
    output = self.filter_expression.resolve(context)
  File "C:\Users\zenam\AppData\Local\Programs\Python\Python313\Lib\site-packages\django\template\base.py", line 788, in resolve
    obj = self.var.resolve(context)
  File "C:\Users\zenam\AppData\Local\Programs\Python\Python313\Lib\site-packages\django\template\base.py", line 928, in resolve
    value = self._resolve_lookup(context)
  File "C:\Users\zenam\AppData\Local\Programs\Python\Python313\Lib\site-packages\django\template\base.py", line 976, in _resolve_lookup
    current = getattr(current, bit)
  File "C:\Users\zenam\AppData\Local\Programs\Python\Python313\Lib\site-packages\debug_toolbar\panels\__init__.py", line 110, in content
    return render_to_string(self.template, self.get_stats())
  File "C:\Users\zenam\AppData\Local\Programs\Python\Python313\Lib\site-packages\django\template\loader.py", line 62, in render_to_string
    return template.render(context, request)
           ~~~~~~~~~~~~~~~^^^^^^^^^^^^^^^^^^
  File "C:\Users\zenam\AppData\Local\Programs\Python\Python313\Lib\site-packages\django\template\backends\django.py", line 107, in render
    return self.template.render(context)
           ~~~~~~~~~~~~~~~~~~~~^^^^^^^^^
  File "C:\Users\zenam\AppData\Local\Programs\Python\Python313\Lib\site-packages\django\template\base.py", line 174, in render
    return self._render(context)
           ~~~~~~~~~~~~^^^^^^^^^
  File "C:\Users\zenam\AppData\Local\Programs\Python\Python313\Lib\site-packages\django\test\utils.py", line 114, in instrumented_test_render
    return self.nodelist.render(context)
           ~~~~~~~~~~~~~~~~~~~~^^^^^^^^^
  File "C:\Users\zenam\AppData\Local\Programs\Python\Python313\Lib\site-packages\django\template\base.py", line 1091, in render
    return SafeString("".join([node.render_annotated(context) for node in self]))
                               ~~~~~~~~~~~~~~~~~~~~~^^^^^^^^^
  File "C:\Users\zenam\AppData\Local\Programs\Python\Python313\Lib\site-packages\django\template\base.py", line 1052, in render_annotated
    return self.render(context)
           ~~~~~~~~~~~^^^^^^^^^
  File "C:\Users\zenam\AppData\Local\Programs\Python\Python313\Lib\site-packages\django\template\defaulttags.py", line 333, in render
    return nodelist.render(context)
           ~~~~~~~~~~~~~~~^^^^^^^^^
  File "C:\Users\zenam\AppData\Local\Programs\Python\Python313\Lib\site-packages\django\template\base.py", line 1091, in render
    return SafeString("".join([node.render_annotated(context) for node in self]))
                               ~~~~~~~~~~~~~~~~~~~~~^^^^^^^^^
  File "C:\Users\zenam\AppData\Local\Programs\Python\Python313\Lib\site-packages\django\template\base.py", line 1052, in render_annotated
    return self.render(context)
           ~~~~~~~~~~~^^^^^^^^^
  File "C:\Users\zenam\AppData\Local\Programs\Python\Python313\Lib\site-packages\django\template\defaulttags.py", line 249, in render
    nodelist.append(node.render_annotated(context))
                    ~~~~~~~~~~~~~~~~~~~~~^^^^^^^^^
  File "C:\Users\zenam\AppData\Local\Programs\Python\Python313\Lib\site-packages\django\template\base.py", line 1052, in render_annotated
    return self.render(context)
           ~~~~~~~~~~~^^^^^^^^^
  File "C:\Users\zenam\AppData\Local\Programs\Python\Python313\Lib\site-packages\django\template\defaulttags.py", line 511, in render
    url = reverse(view_name, args=args, kwargs=kwargs, current_app=current_app)
  File "C:\Users\zenam\AppData\Local\Programs\Python\Python313\Lib\site-packages\django\urls\base.py", line 92, in reverse
    raise NoReverseMatch("%s is not a registered namespace" % key)
django.urls.exceptions.NoReverseMatch: 'djdt' is not a registered namespace
INFO 2026-10-05 14:52:28,016 middleware Request GET / by Anonymous in 6.14 ms | groups=Anonymous | status=200
ERROR 2026-10-05 14:52:28,043 log Internal Server Error: /
Traceback (most recent call last):
  File "C:\Users\zenam\AppData\Local\Programs\Python\Python313\Lib\site-packages\django\template\base.py", line 964, in _resolve_lookup
    raise TypeError
TypeError

During handling of the above exception, another exception occurred:

Traceback (most recent call last):
  File "C:\Users\zenam\AppData\Local\Programs\Python\Python313\Lib\site-packages\django\urls\base.py", line 81, in reverse
    extra, resolver = resolver.namespace_dict[ns]
                      ~~~~~~~~~~~~~~~~~~~~~~~^^^^
KeyError: 'djdt'

During handling of the above exception, another exception occurred:

Traceback (most recent call last):
  File "C:\Users\zenam\AppData\Local\Programs\Python\Python313\Lib\site-packages\django\core\handlers\exception.py", line 55, in inner
    response = get_response(request)
  File "C:\Users\zenam\AppData\Local\Programs\Python\Python313\Lib\site-packages\debug_toolbar\middleware.py", line 130, in __call__
    return self._postprocess(request, response, toolbar)
           ~~~~~~~~~~~~~~~~~^^^^^^^^^^^^^^^^^^^^^^^^^^^^
  File "C:\Users\zenam\AppData\Local\Programs\Python\Python313\Lib\site-packages\debug_toolbar\middleware.py", line 172, in _postprocess
    rendered = toolbar.render_toolbar()
  File "C:\Users\zenam\AppData\Local\Programs\Python\Python313\Lib\site-packages\debug_toolbar\toolbar.py", line 96, in render_toolbar
    return render_to_string("debug_toolbar/base.html", context)
  File "C:\Users\zenam\AppData\Local\Programs\Python\Python313\Lib\site-packages\django\template\loader.py", line 62, in render_to_string
    return template.render(context, request)
           ~~~~~~~~~~~~~~~^^^^^^^^^^^^^^^^^^
  File "C:\Users\zenam\AppData\Local\Programs\Python\Python313\Lib\site-packages\django\template\backends\django.py", line 107, in render
    return self.template.render(context)
           ~~~~~~~~~~~~~~~~~~~~^^^^^^^^^
  File "C:\Users\zenam\AppData\Local\Programs\Python\Python313\Lib\site-packages\django\template\base.py", line 174, in render
    return self._render(context)
           ~~~~~~~~~~~~^^^^^^^^^
  File "C:\Users\zenam\AppData\Local\Programs\Python\Python313\Lib\site-packages\django\test\utils.py", line 114, in instrumented_test_render
    return self.nodelist.render(context)
           ~~~~~~~~~~~~~~~~~~~~^^^^^^^^^
  File "C:\Users\zenam\AppData\Local\Programs\Python\Python313\Lib\site-packages\django\template\base.py", line 1091, in render
    return SafeString("".join([node.render_annotated(context) for node in self]))
                               ~~~~~~~~~~~~~~~~~~~~~^^^^^^^^^
  File "C:\Users\zenam\AppData\Local\Programs\Python\Python313\Lib\site-packages\django\template\base.py", line 1052, in render_annotated
    return self.render(context)
           ~~~~~~~~~~~^^^^^^^^^
  File "C:\Users\zenam\AppData\Local\Programs\Python\Python313\Lib\site-packages\django\template\defaulttags.py", line 249, in render
    nodelist.append(node.render_annotated(context))
                    ~~~~~~~~~~~~~~~~~~~~~^^^^^^^^^
  File "C:\Users\zenam\AppData\Local\Programs\Python\Python313\Lib\site-packages\django\template\base.py", line 1052, in render_annotated
    return self.render(context)
           ~~~~~~~~~~~^^^^^^^^^
  File "C:\Users\zenam\AppData\Local\Programs\Python\Python313\Lib\site-packages\django\template\loader_tags.py", line 211, in render
    return template.render(context)
           ~~~~~~~~~~~~~~~^^^^^^^^^
  File "C:\Users\zenam\AppData\Local\Programs\Python\Python313\Lib\site-packages\django\template\base.py", line 176, in render
    return self._render(context)
           ~~~~~~~~~~~~^^^^^^^^^
  File "C:\Users\zenam\AppData\Local\Programs\Python\Python313\Lib\site-packages\django\test\utils.py", line 114, in instrumented_test_render
    return self.nodelist.render(context)
           ~~~~~~~~~~~~~~~~~~~~^^^^^^^^^
  File "C:\Users\zenam\AppData\Local\Programs\Python\Python313\Lib\site-packages\django\template\base.py", line 1091, in render
    return SafeString("".join([node.render_annotated(context) for node in self]))
                               ~~~~~~~~~~~~~~~~~~~~~^^^^^^^^^
  File "C:\Users\zenam\AppData\Local\Programs\Python\Python313\Lib\site-packages\django\template\base.py", line 1052, in render_annotated
    return self.render(context)
           ~~~~~~~~~~~^^^^^^^^^
  File "C:\Users\zenam\AppData\Local\Programs\Python\Python313\Lib\site-packages\django\template\defaulttags.py", line 333, in render
    return nodelist.render(context)
           ~~~~~~~~~~~~~~~^^^^^^^^^
  File "C:\Users\zenam\AppData\Local\Programs\Python\Python313\Lib\site-packages\django\template\base.py", line 1091, in render
    return SafeString("".join([node.render_annotated(context) for node in self]))
                               ~~~~~~~~~~~~~~~~~~~~~^^^^^^^^^
  File "C:\Users\zenam\AppData\Local\Programs\Python\Python313\Lib\site-packages\django\template\base.py", line 1052, in render_annotated
    return self.render(context)
           ~~~~~~~~~~~^^^^^^^^^
  File "C:\Users\zenam\AppData\Local\Programs\Python\Python313\Lib\site-packages\django\template\defaulttags.py", line 333, in render
    return nodelist.render(context)
           ~~~~~~~~~~~~~~~^^^^^^^^^
  File "C:\Users\zenam\AppData\Local\Programs\Python\Python313\Lib\site-packages\django\template\base.py", line 1091, in render
    return SafeString("".join([node.render_annotated(context) for node in self]))
                               ~~~~~~~~~~~~~~~~~~~~~^^^^^^^^^
  File "C:\Users\zenam\AppData\Local\Programs\Python\Python313\Lib\site-packages\django\template\base.py", line 1052, in render_annotated
    return self.render(context)
           ~~~~~~~~~~~^^^^^^^^^
  File "C:\Users\zenam\AppData\Local\Programs\Python\Python313\Lib\site-packages\django\template\base.py", line 1150, in render
    output = self.filter_expression.resolve(context)
  File "C:\Users\zenam\AppData\Local\Programs\Python\Python313\Lib\site-packages\django\template\base.py", line 788, in resolve
    obj = self.var.resolve(context)
  File "C:\Users\zenam\AppData\Local\Programs\Python\Python313\Lib\site-packages\django\template\base.py", line 928, in resolve
    value = self._resolve_lookup(context)
  File "C:\Users\zenam\AppData\Local\Programs\Python\Python313\Lib\site-packages\django\template\base.py", line 976, in _resolve_lookup
    current = getattr(current, bit)
  File "C:\Users\zenam\AppData\Local\Programs\Python\Python313\Lib\site-packages\debug_toolbar\panels\__init__.py", line 110, in content
    return render_to_string(self.template, self.get_stats())
  File "C:\Users\zenam\AppData\Local\Programs\Python\Python313\Lib\site-packages\django\template\loader.py", line 62, in render_to_string
    return template.render(context, request)
           ~~~~~~~~~~~~~~~^^^^^^^^^^^^^^^^^^
  File "C:\Users\zenam\AppData\Local\Programs\Python\Python313\Lib\site-packages\django\template\backends\django.py", line 107, in render
    return self.template.render(context)
           ~~~~~~~~~~~~~~~~~~~~^^^^^^^^^
  File "C:\Users\zenam\AppData\Local\Programs\Python\Python313\Lib\site-packages\django\template\base.py", line 174, in render
    return self._render(context)
           ~~~~~~~~~~~~^^^^^^^^^
  File "C:\Users\zenam\AppData\Local\Programs\Python\Python313\Lib\site-packages\django\test\utils.py", line 114, in instrumented_test_render
    return self.nodelist.render(context)
           ~~~~~~~~~~~~~~~~~~~~^^^^^^^^^
  File "C:\Users\zenam\AppData\Local\Programs\Python\Python313\Lib\site-packages\django\template\base.py", line 1091, in render
    return SafeString("".join([node.render_annotated(context) for node in self]))
                               ~~~~~~~~~~~~~~~~~~~~~^^^^^^^^^
  File "C:\Users\zenam\AppData\Local\Programs\Python\Python313\Lib\site-packages\django\template\base.py", line 1052, in render_annotated
    return self.render(context)
           ~~~~~~~~~~~^^^^^^^^^
  File "C:\Users\zenam\AppData\Local\Programs\Python\Python313\Lib\site-packages\django\template\defaulttags.py", line 333, in render
    return nodelist.render(context)
           ~~~~~~~~~~~~~~~^^^^^^^^^
  File "C:\Users\zenam\AppData\Local\Programs\Python\Python313\Lib\site-packages\django\template\base.py", line 1091, in render
    return SafeString("".join([node.render_annotated(context) for node in self]))
                               ~~~~~~~~~~~~~~~~~~~~~^^^^^^^^^
  File "C:\Users\zenam\AppData\Local\Programs\Python\Python313\Lib\site-packages\django\template\base.py", line 1052, in render_annotated
    return self.render(context)
           ~~~~~~~~~~~^^^^^^^^^
  File "C:\Users\zenam\AppData\Local\Programs\Python\Python313\Lib\site-packages\django\template\defaulttags.py", line 249, in render
    nodelist.append(node.render_annotated(context))
                    ~~~~~~~~~~~~~~~~~~~~~^^^^^^^^^
  File "C:\Users\zenam\AppData\Local\Programs\Python\Python313\Lib\site-packages\django\template\base.py", line 1052, in render_annotated
    return self.render(context)
           ~~~~~~~~~~~^^^^^^^^^
  File "C:\Users\zenam\AppData\Local\Programs\Python\Python313\Lib\site-packages\django\template\defaulttags.py", line 333, in render
    return nodelist.render(context)
           ~~~~~~~~~~~~~~~^^^^^^^^^
  File "C:\Users\zenam\AppData\Local\Programs\Python\Python313\Lib\site-packages\django\template\base.py", line 1091, in render
    return SafeString("".join([node.render_annotated(context) for node in self]))
                               ~~~~~~~~~~~~~~~~~~~~~^^^^^^^^^
  File "C:\Users\zenam\AppData\Local\Programs\Python\Python313\Lib\site-packages\django\template\base.py", line 1052, in render_annotated
    return self.render(context)
           ~~~~~~~~~~~^^^^^^^^^
  File "C:\Users\zenam\AppData\Local\Programs\Python\Python313\Lib\site-packages\django\template\defaulttags.py", line 333, in render
    return nodelist.render(context)
           ~~~~~~~~~~~~~~~^^^^^^^^^
  File "C:\Users\zenam\AppData\Local\Programs\Python\Python313\Lib\site-packages\django\template\base.py", line 1091, in render
    return SafeString("".join([node.render_annotated(context) for node in self]))
                               ~~~~~~~~~~~~~~~~~~~~~^^^^^^^^^
  File "C:\Users\zenam\AppData\Local\Programs\Python\Python313\Lib\site-packages\django\template\base.py", line 1052, in render_annotated
    return self.render(context)
           ~~~~~~~~~~~^^^^^^^^^
  File "C:\Users\zenam\AppData\Local\Programs\Python\Python313\Lib\site-packages\django\template\defaulttags.py", line 511, in render
    url = reverse(view_name, args=args, kwargs=kwargs, current_app=current_app)
  File "C:\Users\zenam\AppData\Local\Programs\Python\Python313\Lib\site-packages\django\urls\base.py", line 92, in reverse
    raise NoReverseMatch("%s is not a registered namespace" % key)
django.urls.exceptions.NoReverseMatch: 'djdt' is not a registered namespace
INFO 2026-10-05 14:52:28,679 middleware Request POST /cart/add/1/ by Anonymous in 7.37 ms | groups=Anonymous | status=302
ERROR 2026-10-05 14:52:28,710 log Internal Server Error: /cart/add/1/
Traceback (most recent call last):
  File "C:\Users\zenam\AppData\Local\Programs\Python\Python313\Lib\site-packages\django\template\base.py", line 964, in _resolve_lookup
    raise TypeError
TypeError

During handling of the above exception, another exception occurred:

Traceback (most recent call last):
  File "C:\Users\zenam\AppData\Local\Programs\Python\Python313\Lib\site-packages\django\urls\base.py", line 81, in reverse
    extra, resolver = resolver.namespace_dict[ns]
                      ~~~~~~~~~~~~~~~~~~~~~~~^^^^
KeyError: 'djdt'

During handling of the above exception, another exception occurred:

Traceback (most recent call last):
  File "C:\Users\zenam\AppData\Local\Programs\Python\Python313\Lib\site-packages\django\core\handlers\exception.py", line 55, in inner
    response = get_response(request)
  File "C:\Users\zenam\AppData\Local\Programs\Python\Python313\Lib\site-packages\debug_toolbar\middleware.py", line 130, in __call__
    return self._postprocess(request, response, toolbar)
           ~~~~~~~~~~~~~~~~~^^^^^^^^^^^^^^^^^^^^^^^^^^^^
  File "C:\Users\zenam\AppData\Local\Programs\Python\Python313\Lib\site-packages\debug_toolbar\middleware.py", line 172, in _postprocess
    rendered = toolbar.render_toolbar()
  File "C:\Users\zenam\AppData\Local\Programs\Python\Python313\Lib\site-packages\debug_toolbar\toolbar.py", line 96, in render_toolbar
    return render_to_string("debug_toolbar/base.html", context)
  File "C:\Users\zenam\AppData\Local\Programs\Python\Python313\Lib\site-packages\django\template\loader.py", line 62, in render_to_string
    return template.render(context, request)
           ~~~~~~~~~~~~~~~^^^^^^^^^^^^^^^^^^
  File "C:\Users\zenam\AppData\Local\Programs\Python\Python313\Lib\site-packages\django\template\backends\django.py", line 107, in render
    return self.template.render(context)
           ~~~~~~~~~~~~~~~~~~~~^^^^^^^^^
  File "C:\Users\zenam\AppData\Local\Programs\Python\Python313\Lib\site-packages\django\template\base.py", line 174, in render
    return self._render(context)
           ~~~~~~~~~~~~^^^^^^^^^
  File "C:\Users\zenam\AppData\Local\Programs\Python\Python313\Lib\site-packages\django\test\utils.py", line 114, in instrumented_test_render
    return self.nodelist.render(context)
           ~~~~~~~~~~~~~~~~~~~~^^^^^^^^^
  File "C:\Users\zenam\AppData\Local\Programs\Python\Python313\Lib\site-packages\django\template\base.py", line 1091, in render
    return SafeString("".join([node.render_annotated(context) for node in self]))
                               ~~~~~~~~~~~~~~~~~~~~~^^^^^^^^^
  File "C:\Users\zenam\AppData\Local\Programs\Python\Python313\Lib\site-packages\django\template\base.py", line 1052, in render_annotated
    return self.render(context)
           ~~~~~~~~~~~^^^^^^^^^
  File "C:\Users\zenam\AppData\Local\Programs\Python\Python313\Lib\site-packages\django\template\defaulttags.py", line 249, in render
    nodelist.append(node.render_annotated(context))
                    ~~~~~~~~~~~~~~~~~~~~~^^^^^^^^^
  File "C:\Users\zenam\AppData\Local\Programs\Python\Python313\Lib\site-packages\django\template\base.py", line 1052, in render_annotated
    return self.render(context)
           ~~~~~~~~~~~^^^^^^^^^
  File "C:\Users\zenam\AppData\Local\Programs\Python\Python313\Lib\site-packages\django\template\loader_tags.py", line 211, in render
    return template.render(context)
           ~~~~~~~~~~~~~~~^^^^^^^^^
  File "C:\Users\zenam\AppData\Local\Programs\Python\Python313\Lib\site-packages\django\template\base.py", line 176, in render
    return self._render(context)
           ~~~~~~~~~~~~^^^^^^^^^
  File "C:\Users\zenam\AppData\Local\Programs\Python\Python313\Lib\site-packages\django\test\utils.py", line 114, in instrumented_test_render
    return self.nodelist.render(context)
           ~~~~~~~~~~~~~~~~~~~~^^^^^^^^^
  File "C:\Users\zenam\AppData\Local\Programs\Python\Python313\Lib\site-packages\django\template\base.py", line 1091, in render
    return SafeString("".join([node.render_annotated(context) for node in self]))
                               ~~~~~~~~~~~~~~~~~~~~~^^^^^^^^^
  File "C:\Users\zenam\AppData\Local\Programs\Python\Python313\Lib\site-packages\django\template\base.py", line 1052, in render_annotated
    return self.render(context)
           ~~~~~~~~~~~^^^^^^^^^
  File "C:\Users\zenam\AppData\Local\Programs\Python\Python313\Lib\site-packages\django\template\defaulttags.py", line 333, in render
    return nodelist.render(context)
           ~~~~~~~~~~~~~~~^^^^^^^^^
  File "C:\Users\zenam\AppData\Local\Programs\Python\Python313\Lib\site-packages\django\template\base.py", line 1091, in render
    return SafeString("".join([node.render_annotated(context) for node in self]))
                               ~~~~~~~~~~~~~~~~~~~~~^^^^^^^^^
  File "C:\Users\zenam\AppData\Local\Programs\Python\Python313\Lib\site-packages\django\template\base.py", line 1052, in render_annotated
    return self.render(context)
           ~~~~~~~~~~~^^^^^^^^^
  File "C:\Users\zenam\AppData\Local\Programs\Python\Python313\Lib\site-packages\django\template\defaulttags.py", line 333, in render
    return nodelist.render(context)
           ~~~~~~~~~~~~~~~^^^^^^^^^
  File "C:\Users\zenam\AppData\Local\Programs\Python\Python313\Lib\site-packages\django\template\base.py", line 1091, in render
    return SafeString("".join([node.render_annotated(context) for node in self]))
                               ~~~~~~~~~~~~~~~~~~~~~^^^^^^^^^
  File "C:\Users\zenam\AppData\Local\Programs\Python\Python313\Lib\site-packages\django\template\base.py", line 1052, in render_annotated
    return self.render(context)
           ~~~~~~~~~~~^^^^^^^^^
  File "C:\Users\zenam\AppData\Local\Programs\Python\Python313\Lib\site-packages\django\template\base.py", line 1150, in render
    output = self.filter_expression.resolve(context)
  File "C:\Users\zenam\AppData\Local\Programs\Python\Python313\Lib\site-packages\django\template\base.py", line 788, in resolve
    obj = self.var.resolve(context)
  File "C:\Users\zenam\AppData\Local\Programs\Python\Python313\Lib\site-packages\django\template\base.py", line 928, in resolve
    value = self._resolve_lookup(context)
  File "C:\Users\zenam\AppData\Local\Programs\Python\Python313\Lib\site-packages\django\template\base.py", line 976, in _resolve_lookup
    current = getattr(current, bit)
  File "C:\Users\zenam\AppData\Local\Programs\Python\Python313\Lib\site-packages\debug_toolbar\panels\__init__.py", line 110, in content
    return render_to_string(self.template, self.get_stats())
  File "C:\Users\zenam\AppData\Local\Programs\Python\Python313\Lib\site-packages\django\template\loader.py", line 62, in render_to_string
    return template.render(context, request)
           ~~~~~~~~~~~~~~~^^^^^^^^^^^^^^^^^^
  File "C:\Users\zenam\AppData\Local\Programs\Python\Python313\Lib\site-packages\django\template\backends\django.py", line 107, in render
    return self.template.render(context)
           ~~~~~~~~~~~~~~~~~~~~^^^^^^^^^
  File "C:\Users\zenam\AppData\Local\Programs\Python\Python313\Lib\site-packages\django\template\base.py", line 174, in render
    return self._render(context)
           ~~~~~~~~~~~~^^^^^^^^^
  File "C:\Users\zenam\AppData\Local\Programs\Python\Python313\Lib\site-packages\django\test\utils.py", line 114, in instrumented_test_render
    return self.nodelist.render(context)
           ~~~~~~~~~~~~~~~~~~~~^^^^^^^^^
  File "C:\Users\zenam\AppData\Local\Programs\Python\Python313\Lib\site-packages\django\template\base.py", line 1091, in render
    return SafeString("".join([node.render_annotated(context) for node in self]))
                               ~~~~~~~~~~~~~~~~~~~~~^^^^^^^^^
  File "C:\Users\zenam\AppData\Local\Programs\Python\Python313\Lib\site-packages\django\template\base.py", line 1052, in render_annotated
    return self.render(context)
           ~~~~~~~~~~~^^^^^^^^^
  File "C:\Users\zenam\AppData\Local\Programs\Python\Python313\Lib\site-packages\django\template\defaulttags.py", line 333, in render
    return nodelist.render(context)
           ~~~~~~~~~~~~~~~^^^^^^^^^
  File "C:\Users\zenam\AppData\Local\Programs\Python\Python313\Lib\site-packages\django\template\base.py", line 1091, in render
    return SafeString("".join([node.render_annotated(context) for node in self]))
                               ~~~~~~~~~~~~~~~~~~~~~^^^^^^^^^
  File "C:\Users\zenam\AppData\Local\Programs\Python\Python313\Lib\site-packages\django\template\base.py", line 1052, in render_annotated
    return self.render(context)
           ~~~~~~~~~~~^^^^^^^^^
  File "C:\Users\zenam\AppData\Local\Programs\Python\Python313\Lib\site-packages\django\template\defaulttags.py", line 249, in render
    nodelist.append(node.render_annotated(context))
                    ~~~~~~~~~~~~~~~~~~~~~^^^^^^^^^
  File "C:\Users\zenam\AppData\Local\Programs\Python\Python313\Lib\site-packages\django\template\base.py", line 1052, in render_annotated
    return self.render(context)
           ~~~~~~~~~~~^^^^^^^^^
  File "C:\Users\zenam\AppData\Local\Programs\Python\Python313\Lib\site-packages\django\template\defaulttags.py", line 333, in render
    return nodelist.render(context)
           ~~~~~~~~~~~~~~~^^^^^^^^^
  File "C:\Users\zenam\AppData\Local\Programs\Python\Python313\Lib\site-packages\django\template\base.py", line 1091, in render
    return SafeString("".join([node.render_annotated(context) for node in self]))
                               ~~~~~~~~~~~~~~~~~~~~~^^^^^^^^^
  File "C:\Users\zenam\AppData\Local\Programs\Python\Python313\Lib\site-packages\django\template\base.py", line 1052, in render_annotated
    return self.render(context)
           ~~~~~~~~~~~^^^^^^^^^
  File "C:\Users\zenam\AppData\Local\Programs\Python\Python313\Lib\site-packages\django\template\defaulttags.py", line 333, in render
    return nodelist.render(context)
           ~~~~~~~~~~~~~~~^^^^^^^^^
  File "C:\Users\zenam\AppData\Local\Programs\Python\Python313\Lib\site-packages\django\template\base.py", line 1091, in render
    return SafeString("".join([node.render_annotated(context) for node in self]))
                               ~~~~~~~~~~~~~~~~~~~~~^^^^^^^^^
  File "C:\Users\zenam\AppData\Local\Programs\Python\Python313\Lib\site-packages\django\template\base.py", line 1052, in render_annotated
    return self.render(context)
           ~~~~~~~~~~~^^^^^^^^^
  File "C:\Users\zenam\AppData\Local\Programs\Python\Python313\Lib\site-packages\django\template\defaulttags.py", line 511, in render
    url = reverse(view_name, args=args, kwargs=kwargs, current_app=current_app)
  File "C:\Users\zenam\AppData\Local\Programs\Python\Python313\Lib\site-packages\django\urls\base.py", line 92, in reverse
    raise NoReverseMatch("%s is not a registered namespace" % key)
django.urls.exceptions.NoReverseMatch: 'djdt' is not a registered namespace
INFO 2026-10-05 14:52:32,351 middleware Request GET / by Anonymous in 6.5 ms | groups=Anonymous | status=200
ERROR 2026-10-05 14:52:32,385 log Internal Server Error: /
Traceback (most recent call last):
  File "C:\Users\zenam\AppData\Local\Programs\Python\Python313\Lib\site-packages\django\template\base.py", line 964, in _resolve_lookup
    raise TypeError
TypeError

During handling of the above exception, another exception occurred:

Traceback (most recent call last):
  File "C:\Users\zenam\AppData\Local\Programs\Python\Python313\Lib\site-packages\django\urls\base.py", line 81, in reverse
    extra, resolver = resolver.namespace_dict[ns]
                      ~~~~~~~~~~~~~~~~~~~~~~~^^^^
KeyError: 'djdt'

During handling of the above exception, another exception occurred:

Traceback (most recent call last):
  File "C:\Users\zenam\AppData\Local\Programs\Python\Python313\Lib\site-packages\django\core\handlers\exception.py", line 55, in inner
    response = get_response(request)
  File "C:\Users\zenam\AppData\Local\Programs\Python\Python313\Lib\site-packages\debug_toolbar\middleware.py", line 130, in __call__
    return self._postprocess(request, response, toolbar)
           ~~~~~~~~~~~~~~~~~^^^^^^^^^^^^^^^^^^^^^^^^^^^^
  File "C:\Users\zenam\AppData\Local\Programs\Python\Python313\Lib\site-packages\debug_toolbar\middleware.py", line 172, in _postprocess
    rendered = toolbar.render_toolbar()
  File "C:\Users\zenam\AppData\Local\Programs\Python\Python313\Lib\site-packages\debug_toolbar\toolbar.py", line 96, in render_toolbar
    return render_to_string("debug_toolbar/base.html", context)
  File "C:\Users\zenam\AppData\Local\Programs\Python\Python313\Lib\site-packages\django\template\loader.py", line 62, in render_to_string
    return template.render(context, request)
           ~~~~~~~~~~~~~~~^^^^^^^^^^^^^^^^^^
  File "C:\Users\zenam\AppData\Local\Programs\Python\Python313\Lib\site-packages\django\template\backends\django.py", line 107, in render
    return self.template.render(context)
           ~~~~~~~~~~~~~~~~~~~~^^^^^^^^^
  File "C:\Users\zenam\AppData\Local\Programs\Python\Python313\Lib\site-packages\django\template\base.py", line 174, in render
    return self._render(context)
           ~~~~~~~~~~~~^^^^^^^^^
  File "C:\Users\zenam\AppData\Local\Programs\Python\Python313\Lib\site-packages\django\test\utils.py", line 114, in instrumented_test_render
    return self.nodelist.render(context)
           ~~~~~~~~~~~~~~~~~~~~^^^^^^^^^
  File "C:\Users\zenam\AppData\Local\Programs\Python\Python313\Lib\site-packages\django\template\base.py", line 1091, in render
    return SafeString("".join([node.render_annotated(context) for node in self]))
                               ~~~~~~~~~~~~~~~~~~~~~^^^^^^^^^
  File "C:\Users\zenam\AppData\Local\Programs\Python\Python313\Lib\site-packages\django\template\base.py", line 1052, in render_annotated
    return self.render(context)
           ~~~~~~~~~~~^^^^^^^^^
  File "C:\Users\zenam\AppData\Local\Programs\Python\Python313\Lib\site-packages\django\template\defaulttags.py", line 249, in render
    nodelist.append(node.render_annotated(context))
                    ~~~~~~~~~~~~~~~~~~~~~^^^^^^^^^
  File "C:\Users\zenam\AppData\Local\Programs\Python\Python313\Lib\site-packages\django\template\base.py", line 1052, in render_annotated
    return self.render(context)
           ~~~~~~~~~~~^^^^^^^^^
  File "C:\Users\zenam\AppData\Local\Programs\Python\Python313\Lib\site-packages\django\template\loader_tags.py", line 211, in render
    return template.render(context)
           ~~~~~~~~~~~~~~~^^^^^^^^^
  File "C:\Users\zenam\AppData\Local\Programs\Python\Python313\Lib\site-packages\django\template\base.py", line 176, in render
    return self._render(context)
           ~~~~~~~~~~~~^^^^^^^^^
  File "C:\Users\zenam\AppData\Local\Programs\Python\Python313\Lib\site-packages\django\test\utils.py", line 114, in instrumented_test_render
    return self.nodelist.render(context)
           ~~~~~~~~~~~~~~~~~~~~^^^^^^^^^
  File "C:\Users\zenam\AppData\Local\Programs\Python\Python313\Lib\site-packages\django\template\base.py", line 1091, in render
    return SafeString("".join([node.render_annotated(context) for node in self]))
                               ~~~~~~~~~~~~~~~~~~~~~^^^^^^^^^
  File "C:\Users\zenam\AppData\Local\Programs\Python\Python313\Lib\site-packages\django\template\base.py", line 1052, in render_annotated
    return self.render(context)
           ~~~~~~~~~~~^^^^^^^^^
  File "C:\Users\zenam\AppData\Local\Programs\Python\Python313\Lib\site-packages\django\template\defaulttags.py", line 333, in render
    return nodelist.render(context)
           ~~~~~~~~~~~~~~~^^^^^^^^^
  File "C:\Users\zenam\AppData\Local\Programs\Python\Python313\Lib\site-packages\django\template\base.py", line 1091, in render
    return SafeString("".join([node.render_annotated(context) for node in self]))
                               ~~~~~~~~~~~~~~~~~~~~~^^^^^^^^^
  File "C:\Users\zenam\AppData\Local\Programs\Python\Python313\Lib\site-packages\django\template\base.py", line 1052, in render_annotated
    return self.render(context)
           ~~~~~~~~~~~^^^^^^^^^
  File "C:\Users\zenam\AppData\Local\Programs\Python\Python313\Lib\site-packages\django\template\defaulttags.py", line 333, in render
    return nodelist.render(context)
           ~~~~~~~~~~~~~~~^^^^^^^^^
  File "C:\Users\zenam\AppData\Local\Programs\Python\Python313\Lib\site-packages\django\template\base.py", line 1091, in render
    return SafeString("".join([node.render_annotated(context) for node in self]))
                               ~~~~~~~~~~~~~~~~~~~~~^^^^^^^^^
  File "C:\Users\zenam\AppData\Local\Programs\Python\Python313\Lib\site-packages\django\template\base.py", line 1052, in render_annotated
    return self.render(context)
           ~~~~~~~~~~~^^^^^^^^^
  File "C:\Users\zenam\AppData\Local\Programs\Python\Python313\Lib\site-packages\django\template\base.py", line 1150, in render
    output = self.filter_expression.resolve(context)
  File "C:\Users\zenam\AppData\Local\Programs\Python\Python313\Lib\site-packages\django\template\base.py", line 788, in resolve
    obj = self.var.resolve(context)
  File "C:\Users\zenam\AppData\Local\Programs\Python\Python313\Lib\site-packages\django\template\base.py", line 928, in resolve
    value = self._resolve_lookup(context)
  File "C:\Users\zenam\AppData\Local\Programs\Python\Python313\Lib\site-packages\django\template\base.py", line 976, in _resolve_lookup
    current = getattr(current, bit)
  File "C:\Users\zenam\AppData\Local\Programs\Python\Python313\Lib\site-packages\debug_toolbar\panels\__init__.py", line 110, in content
    return render_to_string(self.template, self.get_stats())
  File "C:\Users\zenam\AppData\Local\Programs\Python\Python313\Lib\site-packages\django\template\loader.py", line 62, in render_to_string
    return template.render(context, request)
           ~~~~~~~~~~~~~~~^^^^^^^^^^^^^^^^^^
  File "C:\Users\zenam\AppData\Local\Programs\Python\Python313\Lib\site-packages\django\template\backends\django.py", line 107, in render
    return self.template.render(context)
           ~~~~~~~~~~~~~~~~~~~~^^^^^^^^^
  File "C:\Users\zenam\AppData\Local\Programs\Python\Python313\Lib\site-packages\django\template\base.py", line 174, in render
    return self._render(context)
           ~~~~~~~~~~~~^^^^^^^^^
  File "C:\Users\zenam\AppData\Local\Programs\Python\Python313\Lib\site-packages\django\test\utils.py", line 114, in instrumented_test_render
    return self.nodelist.render(context)
           ~~~~~~~~~~~~~~~~~~~~^^^^^^^^^
  File "C:\Users\zenam\AppData\Local\Programs\Python\Python313\Lib\site-packages\django\template\base.py", line 1091, in render
    return SafeString("".join([node.render_annotated(context) for node in self]))
                               ~~~~~~~~~~~~~~~~~~~~~^^^^^^^^^
  File "C:\Users\zenam\AppData\Local\Programs\Python\Python313\Lib\site-packages\django\template\base.py", line 1052, in render_annotated
    return self.render(context)
           ~~~~~~~~~~~^^^^^^^^^
  File "C:\Users\zenam\AppData\Local\Programs\Python\Python313\Lib\site-packages\django\template\defaulttags.py", line 333, in render
    return nodelist.render(context)
           ~~~~~~~~~~~~~~~^^^^^^^^^
  File "C:\Users\zenam\AppData\Local\Programs\Python\Python313\Lib\site-packages\django\template\base.py", line 1091, in render
    return SafeString("".join([node.render_annotated(context) for node in self]))
                               ~~~~~~~~~~~~~~~~~~~~~^^^^^^^^^
  File "C:\Users\zenam\AppData\Local\Programs\Python\Python313\Lib\site-packages\django\template\base.py", line 1052, in render_annotated
    return self.render(context)
           ~~~~~~~~~~~^^^^^^^^^
  File "C:\Users\zenam\AppData\Local\Programs\Python\Python313\Lib\site-packages\django\template\defaulttags.py", line 249, in render
    nodelist.append(node.render_annotated(context))
                    ~~~~~~~~~~~~~~~~~~~~~^^^^^^^^^
  File "C:\Users\zenam\AppData\Local\Programs\Python\Python313\Lib\site-packages\django\template\base.py", line 1052, in render_annotated
    return self.render(context)
           ~~~~~~~~~~~^^^^^^^^^
  File "C:\Users\zenam\AppData\Local\Programs\Python\Python313\Lib\site-packages\django\template\defaulttags.py", line 333, in render
    return nodelist.render(context)
           ~~~~~~~~~~~~~~~^^^^^^^^^
  File "C:\Users\zenam\AppData\Local\Programs\Python\Python313\Lib\site-packages\django\template\base.py", line 1091, in render
    return SafeString("".join([node.render_annotated(context) for node in self]))
                               ~~~~~~~~~~~~~~~~~~~~~^^^^^^^^^
  File "C:\Users\zenam\AppData\Local\Programs\Python\Python313\Lib\site-packages\django\template\base.py", line 1052, in render_annotated
    return self.render(context)
           ~~~~~~~~~~~^^^^^^^^^
  File "C:\Users\zenam\AppData\Local\Programs\Python\Python313\Lib\site-packages\django\template\defaulttags.py", line 333, in render
    return nodelist.render(context)
           ~~~~~~~~~~~~~~~^^^^^^^^^
  File "C:\Users\zenam\AppData\Local\Programs\Python\Python313\Lib\site-packages\django\template\base.py", line 1091, in render
    return SafeString("".join([node.render_annotated(context) for node in self]))
                               ~~~~~~~~~~~~~~~~~~~~~^^^^^^^^^
  File "C:\Users\zenam\AppData\Local\Programs\Python\Python313\Lib\site-packages\django\template\base.py", line 1052, in render_annotated
    return self.render(context)
           ~~~~~~~~~~~^^^^^^^^^
  File "C:\Users\zenam\AppData\Local\Programs\Python\Python313\Lib\site-packages\django\template\defaulttags.py", line 511, in render
    url = reverse(view_name, args=args, kwargs=kwargs, current_app=current_app)
  File "C:\Users\zenam\AppData\Local\Programs\Python\Python313\Lib\site-packages\django\urls\base.py", line 92, in reverse
    raise NoReverseMatch("%s is not a registered namespace" % key)
django.urls.exceptions.NoReverseMatch: 'djdt' is not a registered namespace
INFO 2026-10-05 14:52:33,118 middleware Request GET / by Anonymous in 6.07 ms | groups=Anonymous | status=200
ERROR 2026-10-05 14:52:33,154 log Internal Server Error: /
Traceback (most recent call last):
  File "C:\Users\zenam\AppData\Local\Programs\Python\Python313\Lib\site-packages\django\template\base.py", line 964, in _resolve_lookup
    raise TypeError
TypeError

During handling of the above exception, another exception occurred:

Traceback (most recent call last):
  File "C:\Users\zenam\AppData\Local\Programs\Python\Python313\Lib\site-packages\django\urls\base.py", line 81, in reverse
    extra, resolver = resolver.namespace_dict[ns]
                      ~~~~~~~~~~~~~~~~~~~~~~~^^^^
KeyError: 'djdt'

During handling of the above exception, another exception occurred:

Traceback (most recent call last):
  File "C:\Users\zenam\AppData\Local\Programs\Python\Python313\Lib\site-packages\django\core\handlers\exception.py", line 55, in inner
    response = get_response(request)
  File "C:\Users\zenam\AppData\Local\Programs\Python\Python313\Lib\site-packages\debug_toolbar\middleware.py", line 130, in __call__
    return self._postprocess(request, response, toolbar)
           ~~~~~~~~~~~~~~~~~^^^^^^^^^^^^^^^^^^^^^^^^^^^^
  File "C:\Users\zenam\AppData\Local\Programs\Python\Python313\Lib\site-packages\debug_toolbar\middleware.py", line 172, in _postprocess
    rendered = toolbar.render_toolbar()
  File "C:\Users\zenam\AppData\Local\Programs\Python\Python313\Lib\site-packages\debug_toolbar\toolbar.py", line 96, in render_toolbar
    return render_to_string("debug_toolbar/base.html", context)
  File "C:\Users\zenam\AppData\Local\Programs\Python\Python313\Lib\site-packages\django\template\loader.py", line 62, in render_to_string
    return template.render(context, request)
           ~~~~~~~~~~~~~~~^^^^^^^^^^^^^^^^^^
  File "C:\Users\zenam\AppData\Local\Programs\Python\Python313\Lib\site-packages\django\template\backends\django.py", line 107, in render
    return self.template.render(context)
           ~~~~~~~~~~~~~~~~~~~~^^^^^^^^^
  File "C:\Users\zenam\AppData\Local\Programs\Python\Python313\Lib\site-packages\django\template\base.py", line 174, in render
    return self._render(context)
           ~~~~~~~~~~~~^^^^^^^^^
  File "C:\Users\zenam\AppData\Local\Programs\Python\Python313\Lib\site-packages\django\test\utils.py", line 114, in instrumented_test_render
    return self.nodelist.render(context)
           ~~~~~~~~~~~~~~~~~~~~^^^^^^^^^
  File "C:\Users\zenam\AppData\Local\Programs\Python\Python313\Lib\site-packages\django\template\base.py", line 1091, in render
    return SafeString("".join([node.render_annotated(context) for node in self]))
                               ~~~~~~~~~~~~~~~~~~~~~^^^^^^^^^
  File "C:\Users\zenam\AppData\Local\Programs\Python\Python313\Lib\site-packages\django\template\base.py", line 1052, in render_annotated
    return self.render(context)
           ~~~~~~~~~~~^^^^^^^^^
  File "C:\Users\zenam\AppData\Local\Programs\Python\Python313\Lib\site-packages\django\template\defaulttags.py", line 249, in render
    nodelist.append(node.render_annotated(context))
                    ~~~~~~~~~~~~~~~~~~~~~^^^^^^^^^
  File "C:\Users\zenam\AppData\Local\Programs\Python\Python313\Lib\site-packages\django\template\base.py", line 1052, in render_annotated
    return self.render(context)
           ~~~~~~~~~~~^^^^^^^^^
  File "C:\Users\zenam\AppData\Local\Programs\Python\Python313\Lib\site-packages\django\template\loader_tags.py", line 211, in render
    return template.render(context)
           ~~~~~~~~~~~~~~~^^^^^^^^^
  File "C:\Users\zenam\AppData\Local\Programs\Python\Python313\Lib\site-packages\django\template\base.py", line 176, in render
    return self._render(context)
           ~~~~~~~~~~~~^^^^^^^^^
  File "C:\Users\zenam\AppData\Local\Programs\Python\Python313\Lib\site-packages\django\test\utils.py", line 114, in instrumented_test_render
    return self.nodelist.render(context)
           ~~~~~~~~~~~~~~~~~~~~^^^^^^^^^
  File "C:\Users\zenam\AppData\Local\Programs\Python\Python313\Lib\site-packages\django\template\base.py", line 1091, in render
    return SafeString("".join([node.render_annotated(context) for node in self]))
                               ~~~~~~~~~~~~~~~~~~~~~^^^^^^^^^
  File "C:\Users\zenam\AppData\Local\Programs\Python\Python313\Lib\site-packages\django\template\base.py", line 1052, in render_annotated
    return self.render(context)
           ~~~~~~~~~~~^^^^^^^^^
  File "C:\Users\zenam\AppData\Local\Programs\Python\Python313\Lib\site-packages\django\template\defaulttags.py", line 333, in render
    return nodelist.render(context)
           ~~~~~~~~~~~~~~~^^^^^^^^^
  File "C:\Users\zenam\AppData\Local\Programs\Python\Python313\Lib\site-packages\django\template\base.py", line 1091, in render
    return SafeString("".join([node.render_annotated(context) for node in self]))
                               ~~~~~~~~~~~~~~~~~~~~~^^^^^^^^^
  File "C:\Users\zenam\AppData\Local\Programs\Python\Python313\Lib\site-packages\django\template\base.py", line 1052, in render_annotated
    return self.render(context)
           ~~~~~~~~~~~^^^^^^^^^
  File "C:\Users\zenam\AppData\Local\Programs\Python\Python313\Lib\site-packages\django\template\defaulttags.py", line 333, in render
    return nodelist.render(context)
           ~~~~~~~~~~~~~~~^^^^^^^^^
  File "C:\Users\zenam\AppData\Local\Programs\Python\Python313\Lib\site-packages\django\template\base.py", line 1091, in render
    return SafeString("".join([node.render_annotated(context) for node in self]))
                               ~~~~~~~~~~~~~~~~~~~~~^^^^^^^^^
  File "C:\Users\zenam\AppData\Local\Programs\Python\Python313\Lib\site-packages\django\template\base.py", line 1052, in render_annotated
    return self.render(context)
           ~~~~~~~~~~~^^^^^^^^^
  File "C:\Users\zenam\AppData\Local\Programs\Python\Python313\Lib\site-packages\django\template\base.py", line 1150, in render
    output = self.filter_expression.resolve(context)
  File "C:\Users\zenam\AppData\Local\Programs\Python\Python313\Lib\site-packages\django\template\base.py", line 788, in resolve
    obj = self.var.resolve(context)
  File "C:\Users\zenam\AppData\Local\Programs\Python\Python313\Lib\site-packages\django\template\base.py", line 928, in resolve
    value = self._resolve_lookup(context)
  File "C:\Users\zenam\AppData\Local\Programs\Python\Python313\Lib\site-packages\django\template\base.py", line 976, in _resolve_lookup
    current = getattr(current, bit)
  File "C:\Users\zenam\AppData\Local\Programs\Python\Python313\Lib\site-packages\debug_toolbar\panels\__init__.py", line 110, in content
    return render_to_string(self.template, self.get_stats())
  File "C:\Users\zenam\AppData\Local\Programs\Python\Python313\Lib\site-packages\django\template\loader.py", line 62, in render_to_string
    return template.render(context, request)
           ~~~~~~~~~~~~~~~^^^^^^^^^^^^^^^^^^
  File "C:\Users\zenam\AppData\Local\Programs\Python\Python313\Lib\site-packages\django\template\backends\django.py", line 107, in render
    return self.template.render(context)
           ~~~~~~~~~~~~~~~~~~~~^^^^^^^^^
  File "C:\Users\zenam\AppData\Local\Programs\Python\Python313\Lib\site-packages\django\template\base.py", line 174, in render
    return self._render(context)
           ~~~~~~~~~~~~^^^^^^^^^
  File "C:\Users\zenam\AppData\Local\Programs\Python\Python313\Lib\site-packages\django\test\utils.py", line 114, in instrumented_test_render
    return self.nodelist.render(context)
           ~~~~~~~~~~~~~~~~~~~~^^^^^^^^^
  File "C:\Users\zenam\AppData\Local\Programs\Python\Python313\Lib\site-packages\django\template\base.py", line 1091, in render
    return SafeString("".join([node.render_annotated(context) for node in self]))
                               ~~~~~~~~~~~~~~~~~~~~~^^^^^^^^^
  File "C:\Users\zenam\AppData\Local\Programs\Python\Python313\Lib\site-packages\django\template\base.py", line 1052, in render_annotated
    return self.render(context)
           ~~~~~~~~~~~^^^^^^^^^
  File "C:\Users\zenam\AppData\Local\Programs\Python\Python313\Lib\site-packages\django\template\defaulttags.py", line 333, in render
    return nodelist.render(context)
           ~~~~~~~~~~~~~~~^^^^^^^^^
  File "C:\Users\zenam\AppData\Local\Programs\Python\Python313\Lib\site-packages\django\template\base.py", line 1091, in render
    return SafeString("".join([node.render_annotated(context) for node in self]))
                               ~~~~~~~~~~~~~~~~~~~~~^^^^^^^^^
  File "C:\Users\zenam\AppData\Local\Programs\Python\Python313\Lib\site-packages\django\template\base.py", line 1052, in render_annotated
    return self.render(context)
           ~~~~~~~~~~~^^^^^^^^^
  File "C:\Users\zenam\AppData\Local\Programs\Python\Python313\Lib\site-packages\django\template\defaulttags.py", line 249, in render
    nodelist.append(node.render_annotated(context))
                    ~~~~~~~~~~~~~~~~~~~~~^^^^^^^^^
  File "C:\Users\zenam\AppData\Local\Programs\Python\Python313\Lib\site-packages\django\template\base.py", line 1052, in render_annotated
    return self.render(context)
           ~~~~~~~~~~~^^^^^^^^^
  File "C:\Users\zenam\AppData\Local\Programs\Python\Python313\Lib\site-packages\django\template\defaulttags.py", line 333, in render
    return nodelist.render(context)
           ~~~~~~~~~~~~~~~^^^^^^^^^
  File "C:\Users\zenam\AppData\Local\Programs\Python\Python313\Lib\site-packages\django\template\base.py", line 1091, in render
    return SafeString("".join([node.render_annotated(context) for node in self]))
                               ~~~~~~~~~~~~~~~~~~~~~^^^^^^^^^
  File "C:\Users\zenam\AppData\Local\Programs\Python\Python313\Lib\site-packages\django\template\base.py", line 1052, in render_annotated
    return self.render(context)
           ~~~~~~~~~~~^^^^^^^^^
  File "C:\Users\zenam\AppData\Local\Programs\Python\Python313\Lib\site-packages\django\template\defaulttags.py", line 333, in render
    return nodelist.render(context)
           ~~~~~~~~~~~~~~~^^^^^^^^^
  File "C:\Users\zenam\AppData\Local\Programs\Python\Python313\Lib\site-packages\django\template\base.py", line 1091, in render
    return SafeString("".join([node.render_annotated(context) for node in self]))
                               ~~~~~~~~~~~~~~~~~~~~~^^^^^^^^^
  File "C:\Users\zenam\AppData\Local\Programs\Python\Python313\Lib\site-packages\django\template\base.py", line 1052, in render_annotated
    return self.render(context)
           ~~~~~~~~~~~^^^^^^^^^
  File "C:\Users\zenam\AppData\Local\Programs\Python\Python313\Lib\site-packages\django\template\defaulttags.py", line 511, in render
    url = reverse(view_name, args=args, kwargs=kwargs, current_app=current_app)
  File "C:\Users\zenam\AppData\Local\Programs\Python\Python313\Lib\site-packages\django\urls\base.py", line 92, in reverse
    raise NoReverseMatch("%s is not a registered namespace" % key)
django.urls.exceptions.NoReverseMatch: 'djdt' is not a registered namespace
INFO 2026-10-05 14:52:33,920 middleware Request GET /1/ by Anonymous in 8.77 ms | groups=Anonymous | status=200
ERROR 2026-10-05 14:52:33,944 log Internal Server Error: /1/
Traceback (most recent call last):
  File "C:\Users\zenam\AppData\Local\Programs\Python\Python313\Lib\site-packages\django\template\base.py", line 964, in _resolve_lookup
    raise TypeError
TypeError

During handling of the above exception, another exception occurred:

Traceback (most recent call last):
  File "C:\Users\zenam\AppData\Local\Programs\Python\Python313\Lib\site-packages\django\urls\base.py", line 81, in reverse
    extra, resolver = resolver.namespace_dict[ns]
                      ~~~~~~~~~~~~~~~~~~~~~~~^^^^
KeyError: 'djdt'

During handling of the above exception, another exception occurred:

Traceback (most recent call last):
  File "C:\Users\zenam\AppData\Local\Programs\Python\Python313\Lib\site-packages\django\core\handlers\exception.py", line 55, in inner
    response = get_response(request)
  File "C:\Users\zenam\AppData\Local\Programs\Python\Python313\Lib\site-packages\debug_toolbar\middleware.py", line 130, in __call__
    return self._postprocess(request, response, toolbar)
           ~~~~~~~~~~~~~~~~~^^^^^^^^^^^^^^^^^^^^^^^^^^^^
  File "C:\Users\zenam\AppData\Local\Programs\Python\Python313\Lib\site-packages\debug_toolbar\middleware.py", line 172, in _postprocess
    rendered = toolbar.render_toolbar()
  File "C:\Users\zenam\AppData\Local\Programs\Python\Python313\Lib\site-packages\debug_toolbar\toolbar.py", line 96, in render_toolbar
    return render_to_string("debug_toolbar/base.html", context)
  File "C:\Users\zenam\AppData\Local\Programs\Python\Python313\Lib\site-packages\django\template\loader.py", line 62, in render_to_string
    return template.render(context, request)
           ~~~~~~~~~~~~~~~^^^^^^^^^^^^^^^^^^
  File "C:\Users\zenam\AppData\Local\Programs\Python\Python313\Lib\site-packages\django\template\backends\django.py", line 107, in render
    return self.template.render(context)
           ~~~~~~~~~~~~~~~~~~~~^^^^^^^^^
  File "C:\Users\zenam\AppData\Local\Programs\Python\Python313\Lib\site-packages\django\template\base.py", line 174, in render
    return self._render(context)
           ~~~~~~~~~~~~^^^^^^^^^
  File "C:\Users\zenam\AppData\Local\Programs\Python\Python313\Lib\site-packages\django\test\utils.py", line 114, in instrumented_test_render
    return self.nodelist.render(context)
           ~~~~~~~~~~~~~~~~~~~~^^^^^^^^^
  File "C:\Users\zenam\AppData\Local\Programs\Python\Python313\Lib\site-packages\django\template\base.py", line 1091, in render
    return SafeString("".join([node.render_annotated(context) for node in self]))
                               ~~~~~~~~~~~~~~~~~~~~~^^^^^^^^^
  File "C:\Users\zenam\AppData\Local\Programs\Python\Python313\Lib\site-packages\django\template\base.py", line 1052, in render_annotated
    return self.render(context)
           ~~~~~~~~~~~^^^^^^^^^
  File "C:\Users\zenam\AppData\Local\Programs\Python\Python313\Lib\site-packages\django\template\defaulttags.py", line 249, in render
    nodelist.append(node.render_annotated(context))
                    ~~~~~~~~~~~~~~~~~~~~~^^^^^^^^^
  File "C:\Users\zenam\AppData\Local\Programs\Python\Python313\Lib\site-packages\django\template\base.py", line 1052, in render_annotated
    return self.render(context)
           ~~~~~~~~~~~^^^^^^^^^
  File "C:\Users\zenam\AppData\Local\Programs\Python\Python313\Lib\site-packages\django\template\loader_tags.py", line 211, in render
    return template.render(context)
           ~~~~~~~~~~~~~~~^^^^^^^^^
  File "C:\Users\zenam\AppData\Local\Programs\Python\Python313\Lib\site-packages\django\template\base.py", line 176, in render
    return self._render(context)
           ~~~~~~~~~~~~^^^^^^^^^
  File "C:\Users\zenam\AppData\Local\Programs\Python\Python313\Lib\site-packages\django\test\utils.py", line 114, in instrumented_test_render
    return self.nodelist.render(context)
           ~~~~~~~~~~~~~~~~~~~~^^^^^^^^^
  File "C:\Users\zenam\AppData\Local\Programs\Python\Python313\Lib\site-packages\django\template\base.py", line 1091, in render
    return SafeString("".join([node.render_annotated(context) for node in self]))
                               ~~~~~~~~~~~~~~~~~~~~~^^^^^^^^^
  File "C:\Users\zenam\AppData\Local\Programs\Python\Python313\Lib\site-packages\django\template\base.py", line 1052, in render_annotated
    return self.render(context)
           ~~~~~~~~~~~^^^^^^^^^
  File "C:\Users\zenam\AppData\Local\Programs\Python\Python313\Lib\site-packages\django\template\defaulttags.py", line 333, in render
    return nodelist.render(context)
           ~~~~~~~~~~~~~~~^^^^^^^^^
  File "C:\Users\zenam\AppData\Local\Programs\Python\Python313\Lib\site-packages\django\template\base.py", line 1091, in render
    return SafeString("".join([node.render_annotated(context) for node in self]))
                               ~~~~~~~~~~~~~~~~~~~~~^^^^^^^^^
  File "C:\Users\zenam\AppData\Local\Programs\Python\Python313\Lib\site-packages\django\template\base.py", line 1052, in render_annotated
    return self.render(context)
           ~~~~~~~~~~~^^^^^^^^^
  File "C:\Users\zenam\AppData\Local\Programs\Python\Python313\Lib\site-packages\django\template\defaulttags.py", line 333, in render
    return nodelist.render(context)
           ~~~~~~~~~~~~~~~^^^^^^^^^
  File "C:\Users\zenam\AppData\Local\Programs\Python\Python313\Lib\site-packages\django\template\base.py", line 1091, in render
    return SafeString("".join([node.render_annotated(context) for node in self]))
                               ~~~~~~~~~~~~~~~~~~~~~^^^^^^^^^
  File "C:\Users\zenam\AppData\Local\Programs\Python\Python313\Lib\site-packages\django\template\base.py", line 1052, in render_annotated
    return self.render(context)
           ~~~~~~~~~~~^^^^^^^^^
  File "C:\Users\zenam\AppData\Local\Programs\Python\Python313\Lib\site-packages\django\template\base.py", line 1150, in render
    output = self.filter_expression.resolve(context)
  File "C:\Users\zenam\AppData\Local\Programs\Python\Python313\Lib\site-packages\django\template\base.py", line 788, in resolve
    obj = self.var.resolve(context)
  File "C:\Users\zenam\AppData\Local\Programs\Python\Python313\Lib\site-packages\django\template\base.py", line 928, in resolve
    value = self._resolve_lookup(context)
  File "C:\Users\zenam\AppData\Local\Programs\Python\Python313\Lib\site-packages\django\template\base.py", line 976, in _resolve_lookup
    current = getattr(current, bit)
  File "C:\Users\zenam\AppData\Local\Programs\Python\Python313\Lib\site-packages\debug_toolbar\panels\__init__.py", line 110, in content
    return render_to_string(self.template, self.get_stats())
  File "C:\Users\zenam\AppData\Local\Programs\Python\Python313\Lib\site-packages\django\template\loader.py", line 62, in render_to_string
    return template.render(context, request)
           ~~~~~~~~~~~~~~~^^^^^^^^^^^^^^^^^^
  File "C:\Users\zenam\AppData\Local\Programs\Python\Python313\Lib\site-packages\django\template\backends\django.py", line 107, in render
    return self.template.render(context)
           ~~~~~~~~~~~~~~~~~~~~^^^^^^^^^
  File "C:\Users\zenam\AppData\Local\Programs\Python\Python313\Lib\site-packages\django\template\base.py", line 174, in render
    return self._render(context)
           ~~~~~~~~~~~~^^^^^^^^^
  File "C:\Users\zenam\AppData\Local\Programs\Python\Python313\Lib\site-packages\django\test\utils.py", line 114, in instrumented_test_render
    return self.nodelist.render(context)
           ~~~~~~~~~~~~~~~~~~~~^^^^^^^^^
  File "C:\Users\zenam\AppData\Local\Programs\Python\Python313\Lib\site-packages\django\template\base.py", line 1091, in render
    return SafeString("".join([node.render_annotated(context) for node in self]))
                               ~~~~~~~~~~~~~~~~~~~~~^^^^^^^^^
  File "C:\Users\zenam\AppData\Local\Programs\Python\Python313\Lib\site-packages\django\template\base.py", line 1052, in render_annotated
    return self.render(context)
           ~~~~~~~~~~~^^^^^^^^^
  File "C:\Users\zenam\AppData\Local\Programs\Python\Python313\Lib\site-packages\django\template\defaulttags.py", line 333, in render
    return nodelist.render(context)
           ~~~~~~~~~~~~~~~^^^^^^^^^
  File "C:\Users\zenam\AppData\Local\Programs\Python\Python313\Lib\site-packages\django\template\base.py", line 1091, in render
    return SafeString("".join([node.render_annotated(context) for node in self]))
                               ~~~~~~~~~~~~~~~~~~~~~^^^^^^^^^
  File "C:\Users\zenam\AppData\Local\Programs\Python\Python313\Lib\site-packages\django\template\base.py", line 1052, in render_annotated
    return self.render(context)
           ~~~~~~~~~~~^^^^^^^^^
  File "C:\Users\zenam\AppData\Local\Programs\Python\Python313\Lib\site-packages\django\template\defaulttags.py", line 249, in render
    nodelist.append(node.render_annotated(context))
                    ~~~~~~~~~~~~~~~~~~~~~^^^^^^^^^
  File "C:\Users\zenam\AppData\Local\Programs\Python\Python313\Lib\site-packages\django\template\base.py", line 1052, in render_annotated
    return self.render(context)
           ~~~~~~~~~~~^^^^^^^^^
  File "C:\Users\zenam\AppData\Local\Programs\Python\Python313\Lib\site-packages\django\template\defaulttags.py", line 333, in render
    return nodelist.render(context)
           ~~~~~~~~~~~~~~~^^^^^^^^^
  File "C:\Users\zenam\AppData\Local\Programs\Python\Python313\Lib\site-packages\django\template\base.py", line 1091, in render
    return SafeString("".join([node.render_annotated(context) for node in self]))
                               ~~~~~~~~~~~~~~~~~~~~~^^^^^^^^^
  File "C:\Users\zenam\AppData\Local\Programs\Python\Python313\Lib\site-packages\django\template\base.py", line 1052, in render_annotated
    return self.render(context)
           ~~~~~~~~~~~^^^^^^^^^
  File "C:\Users\zenam\AppData\Local\Programs\Python\Python313\Lib\site-packages\django\template\defaulttags.py", line 333, in render
    return nodelist.render(context)
           ~~~~~~~~~~~~~~~^^^^^^^^^
  File "C:\Users\zenam\AppData\Local\Programs\Python\Python313\Lib\site-packages\django\template\base.py", line 1091, in render
    return SafeString("".join([node.render_annotated(context) for node in self]))
                               ~~~~~~~~~~~~~~~~~~~~~^^^^^^^^^
  File "C:\Users\zenam\AppData\Local\Programs\Python\Python313\Lib\site-packages\django\template\base.py", line 1052, in render_annotated
    return self.render(context)
           ~~~~~~~~~~~^^^^^^^^^
  File "C:\Users\zenam\AppData\Local\Programs\Python\Python313\Lib\site-packages\django\template\defaulttags.py", line 511, in render
    url = reverse(view_name, args=args, kwargs=kwargs, current_app=current_app)
  File "C:\Users\zenam\AppData\Local\Programs\Python\Python313\Lib\site-packages\django\urls\base.py", line 92, in reverse
    raise NoReverseMatch("%s is not a registered namespace" % key)
django.urls.exceptions.NoReverseMatch: 'djdt' is not a registered namespace
INFO 2026-10-05 14:52:34,633 middleware Request POST /cart/add/1/ by Anonymous in 7.78 ms | groups=Anonymous | status=302
ERROR 2026-10-05 14:52:34,671 log Internal Server Error: /cart/add/1/
Traceback (most recent call last):
  File "C:\Users\zenam\AppData\Local\Programs\Python\Python313\Lib\site-packages\django\template\base.py", line 964, in _resolve_lookup
    raise TypeError
TypeError

During handling of the above exception, another exception occurred:

Traceback (most recent call last):
  File "C:\Users\zenam\AppData\Local\Programs\Python\Python313\Lib\site-packages\django\urls\base.py", line 81, in reverse
    extra, resolver = resolver.namespace_dict[ns]
                      ~~~~~~~~~~~~~~~~~~~~~~~^^^^
KeyError: 'djdt'

During handling of the above exception, another exception occurred:

Traceback (most recent call last):
  File "C:\Users\zenam\AppData\Local\Programs\Python\Python313\Lib\site-packages\django\core\handlers\exception.py", line 55, in inner
    response = get_response(request)
  File "C:\Users\zenam\AppData\Local\Programs\Python\Python313\Lib\site-packages\debug_toolbar\middleware.py", line 130, in __call__
    return self._postprocess(request, response, toolbar)
           ~~~~~~~~~~~~~~~~~^^^^^^^^^^^^^^^^^^^^^^^^^^^^
  File "C:\Users\zenam\AppData\Local\Programs\Python\Python313\Lib\site-packages\debug_toolbar\middleware.py", line 172, in _postprocess
    rendered = toolbar.render_toolbar()
  File "C:\Users\zenam\AppData\Local\Programs\Python\Python313\Lib\site-packages\debug_toolbar\toolbar.py", line 96, in render_toolbar
    return render_to_string("debug_toolbar/base.html", context)
  File "C:\Users\zenam\AppData\Local\Programs\Python\Python313\Lib\site-packages\django\template\loader.py", line 62, in render_to_string
    return template.render(context, request)
           ~~~~~~~~~~~~~~~^^^^^^^^^^^^^^^^^^
  File "C:\Users\zenam\AppData\Local\Programs\Python\Python313\Lib\site-packages\django\template\backends\django.py", line 107, in render
    return self.template.render(context)
           ~~~~~~~~~~~~~~~~~~~~^^^^^^^^^
  File "C:\Users\zenam\AppData\Local\Programs\Python\Python313\Lib\site-packages\django\template\base.py", line 174, in render
    return self._render(context)
           ~~~~~~~~~~~~^^^^^^^^^
  File "C:\Users\zenam\AppData\Local\Programs\Python\Python313\Lib\site-packages\django\test\utils.py", line 114, in instrumented_test_render
    return self.nodelist.render(context)
           ~~~~~~~~~~~~~~~~~~~~^^^^^^^^^
  File "C:\Users\zenam\AppData\Local\Programs\Python\Python313\Lib\site-packages\django\template\base.py", line 1091, in render
    return SafeString("".join([node.render_annotated(context) for node in self]))
                               ~~~~~~~~~~~~~~~~~~~~~^^^^^^^^^
  File "C:\Users\zenam\AppData\Local\Programs\Python\Python313\Lib\site-packages\django\template\base.py", line 1052, in render_annotated
    return self.render(context)
           ~~~~~~~~~~~^^^^^^^^^
  File "C:\Users\zenam\AppData\Local\Programs\Python\Python313\Lib\site-packages\django\template\defaulttags.py", line 249, in render
    nodelist.append(node.render_annotated(context))
                    ~~~~~~~~~~~~~~~~~~~~~^^^^^^^^^
  File "C:\Users\zenam\AppData\Local\Programs\Python\Python313\Lib\site-packages\django\template\base.py", line 1052, in render_annotated
    return self.render(context)
           ~~~~~~~~~~~^^^^^^^^^
  File "C:\Users\zenam\AppData\Local\Programs\Python\Python313\Lib\site-packages\django\template\loader_tags.py", line 211, in render
    return template.render(context)
           ~~~~~~~~~~~~~~~^^^^^^^^^
  File "C:\Users\zenam\AppData\Local\Programs\Python\Python313\Lib\site-packages\django\template\base.py", line 176, in render
    return self._render(context)
           ~~~~~~~~~~~~^^^^^^^^^
  File "C:\Users\zenam\AppData\Local\Programs\Python\Python313\Lib\site-packages\django\test\utils.py", line 114, in instrumented_test_render
    return self.nodelist.render(context)
           ~~~~~~~~~~~~~~~~~~~~^^^^^^^^^
  File "C:\Users\zenam\AppData\Local\Programs\Python\Python313\Lib\site-packages\django\template\base.py", line 1091, in render
    return SafeString("".join([node.render_annotated(context) for node in self]))
                               ~~~~~~~~~~~~~~~~~~~~~^^^^^^^^^
  File "C:\Users\zenam\AppData\Local\Programs\Python\Python313\Lib\site-packages\django\template\base.py", line 1052, in render_annotated
    return self.render(context)
           ~~~~~~~~~~~^^^^^^^^^
  File "C:\Users\zenam\AppData\Local\Programs\Python\Python313\Lib\site-packages\django\template\defaulttags.py", line 333, in render
    return nodelist.render(context)
           ~~~~~~~~~~~~~~~^^^^^^^^^
  File "C:\Users\zenam\AppData\Local\Programs\Python\Python313\Lib\site-packages\django\template\base.py", line 1091, in render
    return SafeString("".join([node.render_annotated(context) for node in self]))
                               ~~~~~~~~~~~~~~~~~~~~~^^^^^^^^^
  File "C:\Users\zenam\AppData\Local\Programs\Python\Python313\Lib\site-packages\django\template\base.py", line 1052, in render_annotated
    return self.render(context)
           ~~~~~~~~~~~^^^^^^^^^
  File "C:\Users\zenam\AppData\Local\Programs\Python\Python313\Lib\site-packages\django\template\defaulttags.py", line 333, in render
    return nodelist.render(context)
           ~~~~~~~~~~~~~~~^^^^^^^^^
  File "C:\Users\zenam\AppData\Local\Programs\Python\Python313\Lib\site-packages\django\template\base.py", line 1091, in render
    return SafeString("".join([node.render_annotated(context) for node in self]))
                               ~~~~~~~~~~~~~~~~~~~~~^^^^^^^^^
  File "C:\Users\zenam\AppData\Local\Programs\Python\Python313\Lib\site-packages\django\template\base.py", line 1052, in render_annotated
    return self.render(context)
           ~~~~~~~~~~~^^^^^^^^^
  File "C:\Users\zenam\AppData\Local\Programs\Python\Python313\Lib\site-packages\django\template\base.py", line 1150, in render
    output = self.filter_expression.resolve(context)
  File "C:\Users\zenam\AppData\Local\Programs\Python\Python313\Lib\site-packages\django\template\base.py", line 788, in resolve
    obj = self.var.resolve(context)
  File "C:\Users\zenam\AppData\Local\Programs\Python\Python313\Lib\site-packages\django\template\base.py", line 928, in resolve
    value = self._resolve_lookup(context)
  File "C:\Users\zenam\AppData\Local\Programs\Python\Python313\Lib\site-packages\django\template\base.py", line 976, in _resolve_lookup
    current = getattr(current, bit)
  File "C:\Users\zenam\AppData\Local\Programs\Python\Python313\Lib\site-packages\debug_toolbar\panels\__init__.py", line 110, in content
    return render_to_string(self.template, self.get_stats())
  File "C:\Users\zenam\AppData\Local\Programs\Python\Python313\Lib\site-packages\django\template\loader.py", line 62, in render_to_string
    return template.render(context, request)
           ~~~~~~~~~~~~~~~^^^^^^^^^^^^^^^^^^
  File "C:\Users\zenam\AppData\Local\Programs\Python\Python313\Lib\site-packages\django\template\backends\django.py", line 107, in render
    return self.template.render(context)
           ~~~~~~~~~~~~~~~~~~~~^^^^^^^^^
  File "C:\Users\zenam\AppData\Local\Programs\Python\Python313\Lib\site-packages\django\template\base.py", line 174, in render
    return self._render(context)
           ~~~~~~~~~~~~^^^^^^^^^
  File "C:\Users\zenam\AppData\Local\Programs\Python\Python313\Lib\site-packages\django\test\utils.py", line 114, in instrumented_test_render
    return self.nodelist.render(context)
           ~~~~~~~~~~~~~~~~~~~~^^^^^^^^^
  File "C:\Users\zenam\AppData\Local\Programs\Python\Python313\Lib\site-packages\django\template\base.py", line 1091, in render
    return SafeString("".join([node.render_annotated(context) for node in self]))
                               ~~~~~~~~~~~~~~~~~~~~~^^^^^^^^^
  File "C:\Users\zenam\AppData\Local\Programs\Python\Python313\Lib\site-packages\django\template\base.py", line 1052, in render_annotated
    return self.render(context)
           ~~~~~~~~~~~^^^^^^^^^
  File "C:\Users\zenam\AppData\Local\Programs\Python\Python313\Lib\site-packages\django\template\defaulttags.py", line 333, in render
    return nodelist.render(context)
           ~~~~~~~~~~~~~~~^^^^^^^^^
  File "C:\Users\zenam\AppData\Local\Programs\Python\Python313\Lib\site-packages\django\template\base.py", line 1091, in render
    return SafeString("".join([node.render_annotated(context) for node in self]))
                               ~~~~~~~~~~~~~~~~~~~~~^^^^^^^^^
  File "C:\Users\zenam\AppData\Local\Programs\Python\Python313\Lib\site-packages\django\template\base.py", line 1052, in render_annotated
    return self.render(context)
           ~~~~~~~~~~~^^^^^^^^^
  File "C:\Users\zenam\AppData\Local\Programs\Python\Python313\Lib\site-packages\django\template\defaulttags.py", line 249, in render
    nodelist.append(node.render_annotated(context))
                    ~~~~~~~~~~~~~~~~~~~~~^^^^^^^^^
  File "C:\Users\zenam\AppData\Local\Programs\Python\Python313\Lib\site-packages\django\template\base.py", line 1052, in render_annotated
    return self.render(context)
           ~~~~~~~~~~~^^^^^^^^^
  File "C:\Users\zenam\AppData\Local\Programs\Python\Python313\Lib\site-packages\django\template\defaulttags.py", line 333, in render
    return nodelist.render(context)
           ~~~~~~~~~~~~~~~^^^^^^^^^
  File "C:\Users\zenam\AppData\Local\Programs\Python\Python313\Lib\site-packages\django\template\base.py", line 1091, in render
    return SafeString("".join([node.render_annotated(context) for node in self]))
                               ~~~~~~~~~~~~~~~~~~~~~^^^^^^^^^
  File "C:\Users\zenam\AppData\Local\Programs\Python\Python313\Lib\site-packages\django\template\base.py", line 1052, in render_annotated
    return self.render(context)
           ~~~~~~~~~~~^^^^^^^^^
  File "C:\Users\zenam\AppData\Local\Programs\Python\Python313\Lib\site-packages\django\template\defaulttags.py", line 333, in render
    return nodelist.render(context)
           ~~~~~~~~~~~~~~~^^^^^^^^^
  File "C:\Users\zenam\AppData\Local\Programs\Python\Python313\Lib\site-packages\django\template\base.py", line 1091, in render
    return SafeString("".join([node.render_annotated(context) for node in self]))
                               ~~~~~~~~~~~~~~~~~~~~~^^^^^^^^^
  File "C:\Users\zenam\AppData\Local\Programs\Python\Python313\Lib\site-packages\django\template\base.py", line 1052, in render_annotated
    return self.render(context)
           ~~~~~~~~~~~^^^^^^^^^
  File "C:\Users\zenam\AppData\Local\Programs\Python\Python313\Lib\site-packages\django\template\defaulttags.py", line 511, in render
    url = reverse(view_name, args=args, kwargs=kwargs, current_app=current_app)
  File "C:\Users\zenam\AppData\Local\Programs\Python\Python313\Lib\site-packages\django\urls\base.py", line 92, in reverse
    raise NoReverseMatch("%s is not a registered namespace" % key)
django.urls.exceptions.NoReverseMatch: 'djdt' is not a registered namespace
INFO 2026-10-05 14:52:35,410 middleware Request POST /cart/add/1/ by Anonymous in 7.69 ms | groups=Anonymous | status=302
ERROR 2026-10-05 14:52:35,440 log Internal Server Error: /cart/add/1/
Traceback (most recent call last):
  File "C:\Users\zenam\AppData\Local\Programs\Python\Python313\Lib\site-packages\django\template\base.py", line 964, in _resolve_lookup
    raise TypeError
TypeError

During handling of the above exception, another exception occurred:

Traceback (most recent call last):
  File "C:\Users\zenam\AppData\Local\Programs\Python\Python313\Lib\site-packages\django\urls\base.py", line 81, in reverse
    extra, resolver = resolver.namespace_dict[ns]
                      ~~~~~~~~~~~~~~~~~~~~~~~^^^^
KeyError: 'djdt'

During handling of the above exception, another exception occurred:

Traceback (most recent call last):
  File "C:\Users\zenam\AppData\Local\Programs\Python\Python313\Lib\site-packages\django\core\handlers\exception.py", line 55, in inner
    response = get_response(request)
  File "C:\Users\zenam\AppData\Local\Programs\Python\Python313\Lib\site-packages\debug_toolbar\middleware.py", line 130, in __call__
    return self._postprocess(request, response, toolbar)
           ~~~~~~~~~~~~~~~~~^^^^^^^^^^^^^^^^^^^^^^^^^^^^
  File "C:\Users\zenam\AppData\Local\Programs\Python\Python313\Lib\site-packages\debug_toolbar\middleware.py", line 172, in _postprocess
    rendered = toolbar.render_toolbar()
  File "C:\Users\zenam\AppData\Local\Programs\Python\Python313\Lib\site-packages\debug_toolbar\toolbar.py", line 96, in render_toolbar
    return render_to_string("debug_toolbar/base.html", context)
  File "C:\Users\zenam\AppData\Local\Programs\Python\Python313\Lib\site-packages\django\template\loader.py", line 62, in render_to_string
    return template.render(context, request)
           ~~~~~~~~~~~~~~~^^^^^^^^^^^^^^^^^^
  File "C:\Users\zenam\AppData\Local\Programs\Python\Python313\Lib\site-packages\django\template\backends\django.py", line 107, in render
    return self.template.render(context)
           ~~~~~~~~~~~~~~~~~~~~^^^^^^^^^
  File "C:\Users\zenam\AppData\Local\Programs\Python\Python313\Lib\site-packages\django\template\base.py", line 174, in render
    return self._render(context)
           ~~~~~~~~~~~~^^^^^^^^^
  File "C:\Users\zenam\AppData\Local\Programs\Python\Python313\Lib\site-packages\django\test\utils.py", line 114, in instrumented_test_render
    return self.nodelist.render(context)
           ~~~~~~~~~~~~~~~~~~~~^^^^^^^^^
  File "C:\Users\zenam\AppData\Local\Programs\Python\Python313\Lib\site-packages\django\template\base.py", line 1091, in render
    return SafeString("".join([node.render_annotated(context) for node in self]))
                               ~~~~~~~~~~~~~~~~~~~~~^^^^^^^^^
  File "C:\Users\zenam\AppData\Local\Programs\Python\Python313\Lib\site-packages\django\template\base.py", line 1052, in render_annotated
    return self.render(context)
           ~~~~~~~~~~~^^^^^^^^^
  File "C:\Users\zenam\AppData\Local\Programs\Python\Python313\Lib\site-packages\django\template\defaulttags.py", line 249, in render
    nodelist.append(node.render_annotated(context))
                    ~~~~~~~~~~~~~~~~~~~~~^^^^^^^^^
  File "C:\Users\zenam\AppData\Local\Programs\Python\Python313\Lib\site-packages\django\template\base.py", line 1052, in render_annotated
    return self.render(context)
           ~~~~~~~~~~~^^^^^^^^^
  File "C:\Users\zenam\AppData\Local\Programs\Python\Python313\Lib\site-packages\django\template\loader_tags.py", line 211, in render
    return template.render(context)
           ~~~~~~~~~~~~~~~^^^^^^^^^
  File "C:\Users\zenam\AppData\Local\Programs\Python\Python313\Lib\site-packages\django\template\base.py", line 176, in render
    return self._render(context)
           ~~~~~~~~~~~~^^^^^^^^^
  File "C:\Users\zenam\AppData\Local\Programs\Python\Python313\Lib\site-packages\django\test\utils.py", line 114, in instrumented_test_render
    return self.nodelist.render(context)
           ~~~~~~~~~~~~~~~~~~~~^^^^^^^^^
  File "C:\Users\zenam\AppData\Local\Programs\Python\Python313\Lib\site-packages\django\template\base.py", line 1091, in render
    return SafeString("".join([node.render_annotated(context) for node in self]))
                               ~~~~~~~~~~~~~~~~~~~~~^^^^^^^^^
  File "C:\Users\zenam\AppData\Local\Programs\Python\Python313\Lib\site-packages\django\template\base.py", line 1052, in render_annotated
    return self.render(context)
           ~~~~~~~~~~~^^^^^^^^^
  File "C:\Users\zenam\AppData\Local\Programs\Python\Python313\Lib\site-packages\django\template\defaulttags.py", line 333, in render
    return nodelist.render(context)
           ~~~~~~~~~~~~~~~^^^^^^^^^
  File "C:\Users\zenam\AppData\Local\Programs\Python\Python313\Lib\site-packages\django\template\base.py", line 1091, in render
    return SafeString("".join([node.render_annotated(context) for node in self]))
                               ~~~~~~~~~~~~~~~~~~~~~^^^^^^^^^
  File "C:\Users\zenam\AppData\Local\Programs\Python\Python313\Lib\site-packages\django\template\base.py", line 1052, in render_annotated
    return self.render(context)
           ~~~~~~~~~~~^^^^^^^^^
  File "C:\Users\zenam\AppData\Local\Programs\Python\Python313\Lib\site-packages\django\template\defaulttags.py", line 333, in render
    return nodelist.render(context)
           ~~~~~~~~~~~~~~~^^^^^^^^^
  File "C:\Users\zenam\AppData\Local\Programs\Python\Python313\Lib\site-packages\django\template\base.py", line 1091, in render
    return SafeString("".join([node.render_annotated(context) for node in self]))
                               ~~~~~~~~~~~~~~~~~~~~~^^^^^^^^^
  File "C:\Users\zenam\AppData\Local\Programs\Python\Python313\Lib\site-packages\django\template\base.py", line 1052, in render_annotated
    return self.render(context)
           ~~~~~~~~~~~^^^^^^^^^
  File "C:\Users\zenam\AppData\Local\Programs\Python\Python313\Lib\site-packages\django\template\base.py", line 1150, in render
    output = self.filter_expression.resolve(context)
  File "C:\Users\zenam\AppData\Local\Programs\Python\Python313\Lib\site-packages\django\template\base.py", line 788, in resolve
    obj = self.var.resolve(context)
  File "C:\Users\zenam\AppData\Local\Programs\Python\Python313\Lib\site-packages\django\template\base.py", line 928, in resolve
    value = self._resolve_lookup(context)
  File "C:\Users\zenam\AppData\Local\Programs\Python\Python313\Lib\site-packages\django\template\base.py", line 976, in _resolve_lookup
    current = getattr(current, bit)
  File "C:\Users\zenam\AppData\Local\Programs\Python\Python313\Lib\site-packages\debug_toolbar\panels\__init__.py", line 110, in content
    return render_to_string(self.template, self.get_stats())
  File "C:\Users\zenam\AppData\Local\Programs\Python\Python313\Lib\site-packages\django\template\loader.py", line 62, in render_to_string
    return template.render(context, request)
           ~~~~~~~~~~~~~~~^^^^^^^^^^^^^^^^^^
  File "C:\Users\zenam\AppData\Local\Programs\Python\Python313\Lib\site-packages\django\template\backends\django.py", line 107, in render
    return self.template.render(context)
           ~~~~~~~~~~~~~~~~~~~~^^^^^^^^^
  File "C:\Users\zenam\AppData\Local\Programs\Python\Python313\Lib\site-packages\django\template\base.py", line 174, in render
    return self._render(context)
           ~~~~~~~~~~~~^^^^^^^^^
  File "C:\Users\zenam\AppData\Local\Programs\Python\Python313\Lib\site-packages\django\test\utils.py", line 114, in instrumented_test_render
    return self.nodelist.render(context)
           ~~~~~~~~~~~~~~~~~~~~^^^^^^^^^
  File "C:\Users\zenam\AppData\Local\Programs\Python\Python313\Lib\site-packages\django\template\base.py", line 1091, in render
    return SafeString("".join([node.render_annotated(context) for node in self]))
                               ~~~~~~~~~~~~~~~~~~~~~^^^^^^^^^
  File "C:\Users\zenam\AppData\Local\Programs\Python\Python313\Lib\site-packages\django\template\base.py", line 1052, in render_annotated
    return self.render(context)
           ~~~~~~~~~~~^^^^^^^^^
  File "C:\Users\zenam\AppData\Local\Programs\Python\Python313\Lib\site-packages\django\template\defaulttags.py", line 333, in render
    return nodelist.render(context)
           ~~~~~~~~~~~~~~~^^^^^^^^^
  File "C:\Users\zenam\AppData\Local\Programs\Python\Python313\Lib\site-packages\django\template\base.py", line 1091, in render
    return SafeString("".join([node.render_annotated(context) for node in self]))
                               ~~~~~~~~~~~~~~~~~~~~~^^^^^^^^^
  File "C:\Users\zenam\AppData\Local\Programs\Python\Python313\Lib\site-packages\django\template\base.py", line 1052, in render_annotated
    return self.render(context)
           ~~~~~~~~~~~^^^^^^^^^
  File "C:\Users\zenam\AppData\Local\Programs\Python\Python313\Lib\site-packages\django\template\defaulttags.py", line 249, in render
    nodelist.append(node.render_annotated(context))
                    ~~~~~~~~~~~~~~~~~~~~~^^^^^^^^^
  File "C:\Users\zenam\AppData\Local\Programs\Python\Python313\Lib\site-packages\django\template\base.py", line 1052, in render_annotated
    return self.render(context)
           ~~~~~~~~~~~^^^^^^^^^
  File "C:\Users\zenam\AppData\Local\Programs\Python\Python313\Lib\site-packages\django\template\defaulttags.py", line 333, in render
    return nodelist.render(context)
           ~~~~~~~~~~~~~~~^^^^^^^^^
  File "C:\Users\zenam\AppData\Local\Programs\Python\Python313\Lib\site-packages\django\template\base.py", line 1091, in render
    return SafeString("".join([node.render_annotated(context) for node in self]))
                               ~~~~~~~~~~~~~~~~~~~~~^^^^^^^^^
  File "C:\Users\zenam\AppData\Local\Programs\Python\Python313\Lib\site-packages\django\template\base.py", line 1052, in render_annotated
    return self.render(context)
           ~~~~~~~~~~~^^^^^^^^^
  File "C:\Users\zenam\AppData\Local\Programs\Python\Python313\Lib\site-packages\django\template\defaulttags.py", line 333, in render
    return nodelist.render(context)
           ~~~~~~~~~~~~~~~^^^^^^^^^
  File "C:\Users\zenam\AppData\Local\Programs\Python\Python313\Lib\site-packages\django\template\base.py", line 1091, in render
    return SafeString("".join([node.render_annotated(context) for node in self]))
                               ~~~~~~~~~~~~~~~~~~~~~^^^^^^^^^
  File "C:\Users\zenam\AppData\Local\Programs\Python\Python313\Lib\site-packages\django\template\base.py", line 1052, in render_annotated
    return self.render(context)
           ~~~~~~~~~~~^^^^^^^^^
  File "C:\Users\zenam\AppData\Local\Programs\Python\Python313\Lib\site-packages\django\template\defaulttags.py", line 511, in render
    url = reverse(view_name, args=args, kwargs=kwargs, current_app=current_app)
  File "C:\Users\zenam\AppData\Local\Programs\Python\Python313\Lib\site-packages\django\urls\base.py", line 92, in reverse
    raise NoReverseMatch("%s is not a registered namespace" % key)
django.urls.exceptions.NoReverseMatch: 'djdt' is not a registered namespace
INFO 2026-10-05 14:52:36,085 middleware Request POST /cart/add/1/ by Anonymous in 7.39 ms | groups=Anonymous | status=302
ERROR 2026-10-05 14:52:36,117 log Internal Server Error: /cart/add/1/
Traceback (most recent call last):
  File "C:\Users\zenam\AppData\Local\Programs\Python\Python313\Lib\site-packages\django\template\base.py", line 964, in _resolve_lookup
    raise TypeError
TypeError

During handling of the above exception, another exception occurred:

Traceback (most recent call last):
  File "C:\Users\zenam\AppData\Local\Programs\Python\Python313\Lib\site-packages\django\urls\base.py", line 81, in reverse
    extra, resolver = resolver.namespace_dict[ns]
                      ~~~~~~~~~~~~~~~~~~~~~~~^^^^
KeyError: 'djdt'

During handling of the above exception, another exception occurred:

Traceback (most recent call last):
  File "C:\Users\zenam\AppData\Local\Programs\Python\Python313\Lib\site-packages\django\core\handlers\exception.py", line 55, in inner
    response = get_response(request)
  File "C:\Users\zenam\AppData\Local\Programs\Python\Python313\Lib\site-packages\debug_toolbar\middleware.py", line 130, in __call__
    return self._postprocess(request, response, toolbar)
           ~~~~~~~~~~~~~~~~~^^^^^^^^^^^^^^^^^^^^^^^^^^^^
  File "C:\Users\zenam\AppData\Local\Programs\Python\Python313\Lib\site-packages\debug_toolbar\middleware.py", line 172, in _postprocess
    rendered = toolbar.render_toolbar()
  File "C:\Users\zenam\AppData\Local\Programs\Python\Python313\Lib\site-packages\debug_toolbar\toolbar.py", line 96, in render_toolbar
    return render_to_string("debug_toolbar/base.html", context)
  File "C:\Users\zenam\AppData\Local\Programs\Python\Python313\Lib\site-packages\django\template\loader.py", line 62, in render_to_string
    return template.render(context, request)
           ~~~~~~~~~~~~~~~^^^^^^^^^^^^^^^^^^
  File "C:\Users\zenam\AppData\Local\Programs\Python\Python313\Lib\site-packages\django\template\backends\django.py", line 107, in render
    return self.template.render(context)
           ~~~~~~~~~~~~~~~~~~~~^^^^^^^^^
  File "C:\Users\zenam\AppData\Local\Programs\Python\Python313\Lib\site-packages\django\template\base.py", line 174, in render
    return self._render(context)
           ~~~~~~~~~~~~^^^^^^^^^
  File "C:\Users\zenam\AppData\Local\Programs\Python\Python313\Lib\site-packages\django\test\utils.py", line 114, in instrumented_test_render
    return self.nodelist.render(context)
           ~~~~~~~~~~~~~~~~~~~~^^^^^^^^^
  File "C:\Users\zenam\AppData\Local\Programs\Python\Python313\Lib\site-packages\django\template\base.py", line 1091, in render
    return SafeString("".join([node.render_annotated(context) for node in self]))
                               ~~~~~~~~~~~~~~~~~~~~~^^^^^^^^^
  File "C:\Users\zenam\AppData\Local\Programs\Python\Python313\Lib\site-packages\django\template\base.py", line 1052, in render_annotated
    return self.render(context)
           ~~~~~~~~~~~^^^^^^^^^
  File "C:\Users\zenam\AppData\Local\Programs\Python\Python313\Lib\site-packages\django\template\defaulttags.py", line 249, in render
    nodelist.append(node.render_annotated(context))
                    ~~~~~~~~~~~~~~~~~~~~~^^^^^^^^^
  File "C:\Users\zenam\AppData\Local\Programs\Python\Python313\Lib\site-packages\django\template\base.py", line 1052, in render_annotated
    return self.render(context)
           ~~~~~~~~~~~^^^^^^^^^
  File "C:\Users\zenam\AppData\Local\Programs\Python\Python313\Lib\site-packages\django\template\loader_tags.py", line 211, in render
    return template.render(context)
           ~~~~~~~~~~~~~~~^^^^^^^^^
  File "C:\Users\zenam\AppData\Local\Programs\Python\Python313\Lib\site-packages\django\template\base.py", line 176, in render
    return self._render(context)
           ~~~~~~~~~~~~^^^^^^^^^
  File "C:\Users\zenam\AppData\Local\Programs\Python\Python313\Lib\site-packages\django\test\utils.py", line 114, in instrumented_test_render
    return self.nodelist.render(context)
           ~~~~~~~~~~~~~~~~~~~~^^^^^^^^^
  File "C:\Users\zenam\AppData\Local\Programs\Python\Python313\Lib\site-packages\django\template\base.py", line 1091, in render
    return SafeString("".join([node.render_annotated(context) for node in self]))
                               ~~~~~~~~~~~~~~~~~~~~~^^^^^^^^^
  File "C:\Users\zenam\AppData\Local\Programs\Python\Python313\Lib\site-packages\django\template\base.py", line 1052, in render_annotated
    return self.render(context)
           ~~~~~~~~~~~^^^^^^^^^
  File "C:\Users\zenam\AppData\Local\Programs\Python\Python313\Lib\site-packages\django\template\defaulttags.py", line 333, in render
    return nodelist.render(context)
           ~~~~~~~~~~~~~~~^^^^^^^^^
  File "C:\Users\zenam\AppData\Local\Programs\Python\Python313\Lib\site-packages\django\template\base.py", line 1091, in render
    return SafeString("".join([node.render_annotated(context) for node in self]))
                               ~~~~~~~~~~~~~~~~~~~~~^^^^^^^^^
  File "C:\Users\zenam\AppData\Local\Programs\Python\Python313\Lib\site-packages\django\template\base.py", line 1052, in render_annotated
    return self.render(context)
           ~~~~~~~~~~~^^^^^^^^^
  File "C:\Users\zenam\AppData\Local\Programs\Python\Python313\Lib\site-packages\django\template\defaulttags.py", line 333, in render
    return nodelist.render(context)
           ~~~~~~~~~~~~~~~^^^^^^^^^
  File "C:\Users\zenam\AppData\Local\Programs\Python\Python313\Lib\site-packages\django\template\base.py", line 1091, in render
    return SafeString("".join([node.render_annotated(context) for node in self]))
                               ~~~~~~~~~~~~~~~~~~~~~^^^^^^^^^
  File "C:\Users\zenam\AppData\Local\Programs\Python\Python313\Lib\site-packages\django\template\base.py", line 1052, in render_annotated
    return self.render(context)
           ~~~~~~~~~~~^^^^^^^^^
  File "C:\Users\zenam\AppData\Local\Programs\Python\Python313\Lib\site-packages\django\template\base.py", line 1150, in render
    output = self.filter_expression.resolve(context)
  File "C:\Users\zenam\AppData\Local\Programs\Python\Python313\Lib\site-packages\django\template\base.py", line 788, in resolve
    obj = self.var.resolve(context)
  File "C:\Users\zenam\AppData\Local\Programs\Python\Python313\Lib\site-packages\django\template\base.py", line 928, in resolve
    value = self._resolve_lookup(context)
  File "C:\Users\zenam\AppData\Local\Programs\Python\Python313\Lib\site-packages\django\template\base.py", line 976, in _resolve_lookup
    current = getattr(current, bit)
  File "C:\Users\zenam\AppData\Local\Programs\Python\Python313\Lib\site-packages\debug_toolbar\panels\__init__.py", line 110, in content
    return render_to_string(self.template, self.get_stats())
  File "C:\Users\zenam\AppData\Local\Programs\Python\Python313\Lib\site-packages\django\template\loader.py", line 62, in render_to_string
    return template.render(context, request)
           ~~~~~~~~~~~~~~~^^^^^^^^^^^^^^^^^^
  File "C:\Users\zenam\AppData\Local\Programs\Python\Python313\Lib\site-packages\django\template\backends\django.py", line 107, in render
    return self.template.render(context)
           ~~~~~~~~~~~~~~~~~~~~^^^^^^^^^
  File "C:\Users\zenam\AppData\Local\Programs\Python\Python313\Lib\site-packages\django\template\base.py", line 174, in render
    return self._render(context)
           ~~~~~~~~~~~~^^^^^^^^^
  File "C:\Users\zenam\AppData\Local\Programs\Python\Python313\Lib\site-packages\django\test\utils.py", line 114, in instrumented_test_render
    return self.nodelist.render(context)
           ~~~~~~~~~~~~~~~~~~~~^^^^^^^^^
  File "C:\Users\zenam\AppData\Local\Programs\Python\Python313\Lib\site-packages\django\template\base.py", line 1091, in render
    return SafeString("".join([node.render_annotated(context) for node in self]))
                               ~~~~~~~~~~~~~~~~~~~~~^^^^^^^^^
  File "C:\Users\zenam\AppData\Local\Programs\Python\Python313\Lib\site-packages\django\template\base.py", line 1052, in render_annotated
    return self.render(context)
           ~~~~~~~~~~~^^^^^^^^^
  File "C:\Users\zenam\AppData\Local\Programs\Python\Python313\Lib\site-packages\django\template\defaulttags.py", line 333, in render
    return nodelist.render(context)
           ~~~~~~~~~~~~~~~^^^^^^^^^
  File "C:\Users\zenam\AppData\Local\Programs\Python\Python313\Lib\site-packages\django\template\base.py", line 1091, in render
    return SafeString("".join([node.render_annotated(context) for node in self]))
                               ~~~~~~~~~~~~~~~~~~~~~^^^^^^^^^
  File "C:\Users\zenam\AppData\Local\Programs\Python\Python313\Lib\site-packages\django\template\base.py", line 1052, in render_annotated
    return self.render(context)
           ~~~~~~~~~~~^^^^^^^^^
  File "C:\Users\zenam\AppData\Local\Programs\Python\Python313\Lib\site-packages\django\template\defaulttags.py", line 249, in render
    nodelist.append(node.render_annotated(context))
                    ~~~~~~~~~~~~~~~~~~~~~^^^^^^^^^
  File "C:\Users\zenam\AppData\Local\Programs\Python\Python313\Lib\site-packages\django\template\base.py", line 1052, in render_annotated
    return self.render(context)
           ~~~~~~~~~~~^^^^^^^^^
  File "C:\Users\zenam\AppData\Local\Programs\Python\Python313\Lib\site-packages\django\template\defaulttags.py", line 333, in render
    return nodelist.render(context)
           ~~~~~~~~~~~~~~~^^^^^^^^^
  File "C:\Users\zenam\AppData\Local\Programs\Python\Python313\Lib\site-packages\django\template\base.py", line 1091, in render
    return SafeString("".join([node.render_annotated(context) for node in self]))
                               ~~~~~~~~~~~~~~~~~~~~~^^^^^^^^^
  File "C:\Users\zenam\AppData\Local\Programs\Python\Python313\Lib\site-packages\django\template\base.py", line 1052, in render_annotated
    return self.render(context)
           ~~~~~~~~~~~^^^^^^^^^
  File "C:\Users\zenam\AppData\Local\Programs\Python\Python313\Lib\site-packages\django\template\defaulttags.py", line 333, in render
    return nodelist.render(context)
           ~~~~~~~~~~~~~~~^^^^^^^^^
  File "C:\Users\zenam\AppData\Local\Programs\Python\Python313\Lib\site-packages\django\template\base.py", line 1091, in render
    return SafeString("".join([node.render_annotated(context) for node in self]))
                               ~~~~~~~~~~~~~~~~~~~~~^^^^^^^^^
  File "C:\Users\zenam\AppData\Local\Programs\Python\Python313\Lib\site-packages\django\template\base.py", line 1052, in render_annotated
    return self.render(context)
           ~~~~~~~~~~~^^^^^^^^^
  File "C:\Users\zenam\AppData\Local\Programs\Python\Python313\Lib\site-packages\django\template\defaulttags.py", line 511, in render
    url = reverse(view_name, args=args, kwargs=kwargs, current_app=current_app)
  File "C:\Users\zenam\AppData\Local\Programs\Python\Python313\Lib\site-packages\django\urls\base.py", line 92, in reverse
    raise NoReverseMatch("%s is not a registered namespace" % key)
django.urls.exceptions.NoReverseMatch: 'djdt' is not a registered namespace
INFO 2026-10-05 14:52:36,844 middleware Request POST /cart/add/1/ by Anonymous in 7.53 ms | groups=Anonymous | status=302
ERROR 2026-10-05 14:52:36,884 log Internal Server Error: /cart/add/1/
Traceback (most recent call last):
  File "C:\Users\zenam\AppData\Local\Programs\Python\Python313\Lib\site-packages\django\template\base.py", line 964, in _resolve_lookup
    raise TypeError
TypeError

During handling of the above exception, another exception occurred:

Traceback (most recent call last):
  File "C:\Users\zenam\AppData\Local\Programs\Python\Python313\Lib\site-packages\django\urls\base.py", line 81, in reverse
    extra, resolver = resolver.namespace_dict[ns]
                      ~~~~~~~~~~~~~~~~~~~~~~~^^^^
KeyError: 'djdt'

During handling of the above exception, another exception occurred:

Traceback (most recent call last):
  File "C:\Users\zenam\AppData\Local\Programs\Python\Python313\Lib\site-packages\django\core\handlers\exception.py", line 55, in inner
    response = get_response(request)
  File "C:\Users\zenam\AppData\Local\Programs\Python\Python313\Lib\site-packages\debug_toolbar\middleware.py", line 130, in __call__
    return self._postprocess(request, response, toolbar)
           ~~~~~~~~~~~~~~~~~^^^^^^^^^^^^^^^^^^^^^^^^^^^^
  File "C:\Users\zenam\AppData\Local\Programs\Python\Python313\Lib\site-packages\debug_toolbar\middleware.py", line 172, in _postprocess
    rendered = toolbar.render_toolbar()
  File "C:\Users\zenam\AppData\Local\Programs\Python\Python313\Lib\site-packages\debug_toolbar\toolbar.py", line 96, in render_toolbar
    return render_to_string("debug_toolbar/base.html", context)
  File "C:\Users\zenam\AppData\Local\Programs\Python\Python313\Lib\site-packages\django\template\loader.py", line 62, in render_to_string
    return template.render(context, request)
           ~~~~~~~~~~~~~~~^^^^^^^^^^^^^^^^^^
  File "C:\Users\zenam\AppData\Local\Programs\Python\Python313\Lib\site-packages\django\template\backends\django.py", line 107, in render
    return self.template.render(context)
           ~~~~~~~~~~~~~~~~~~~~^^^^^^^^^
  File "C:\Users\zenam\AppData\Local\Programs\Python\Python313\Lib\site-packages\django\template\base.py", line 174, in render
    return self._render(context)
           ~~~~~~~~~~~~^^^^^^^^^
  File "C:\Users\zenam\AppData\Local\Programs\Python\Python313\Lib\site-packages\django\test\utils.py", line 114, in instrumented_test_render
    return self.nodelist.render(context)
           ~~~~~~~~~~~~~~~~~~~~^^^^^^^^^
  File "C:\Users\zenam\AppData\Local\Programs\Python\Python313\Lib\site-packages\django\template\base.py", line 1091, in render
    return SafeString("".join([node.render_annotated(context) for node in self]))
                               ~~~~~~~~~~~~~~~~~~~~~^^^^^^^^^
  File "C:\Users\zenam\AppData\Local\Programs\Python\Python313\Lib\site-packages\django\template\base.py", line 1052, in render_annotated
    return self.render(context)
           ~~~~~~~~~~~^^^^^^^^^
  File "C:\Users\zenam\AppData\Local\Programs\Python\Python313\Lib\site-packages\django\template\defaulttags.py", line 249, in render
    nodelist.append(node.render_annotated(context))
                    ~~~~~~~~~~~~~~~~~~~~~^^^^^^^^^
  File "C:\Users\zenam\AppData\Local\Programs\Python\Python313\Lib\site-packages\django\template\base.py", line 1052, in render_annotated
    return self.render(context)
           ~~~~~~~~~~~^^^^^^^^^
  File "C:\Users\zenam\AppData\Local\Programs\Python\Python313\Lib\site-packages\django\template\loader_tags.py", line 211, in render
    return template.render(context)
           ~~~~~~~~~~~~~~~^^^^^^^^^
  File "C:\Users\zenam\AppData\Local\Programs\Python\Python313\Lib\site-packages\django\template\base.py", line 176, in render
    return self._render(context)
           ~~~~~~~~~~~~^^^^^^^^^
  File "C:\Users\zenam\AppData\Local\Programs\Python\Python313\Lib\site-packages\django\test\utils.py", line 114, in instrumented_test_render
    return self.nodelist.render(context)
           ~~~~~~~~~~~~~~~~~~~~^^^^^^^^^
  File "C:\Users\zenam\AppData\Local\Programs\Python\Python313\Lib\site-packages\django\template\base.py", line 1091, in render
    return SafeString("".join([node.render_annotated(context) for node in self]))
                               ~~~~~~~~~~~~~~~~~~~~~^^^^^^^^^
  File "C:\Users\zenam\AppData\Local\Programs\Python\Python313\Lib\site-packages\django\template\base.py", line 1052, in render_annotated
    return self.render(context)
           ~~~~~~~~~~~^^^^^^^^^
  File "C:\Users\zenam\AppData\Local\Programs\Python\Python313\Lib\site-packages\django\template\defaulttags.py", line 333, in render
    return nodelist.render(context)
           ~~~~~~~~~~~~~~~^^^^^^^^^
  File "C:\Users\zenam\AppData\Local\Programs\Python\Python313\Lib\site-packages\django\template\base.py", line 1091, in render
    return SafeString("".join([node.render_annotated(context) for node in self]))
                               ~~~~~~~~~~~~~~~~~~~~~^^^^^^^^^
  File "C:\Users\zenam\AppData\Local\Programs\Python\Python313\Lib\site-packages\django\template\base.py", line 1052, in render_annotated
    return self.render(context)
           ~~~~~~~~~~~^^^^^^^^^
  File "C:\Users\zenam\AppData\Local\Programs\Python\Python313\Lib\site-packages\django\template\defaulttags.py", line 333, in render
    return nodelist.render(context)
           ~~~~~~~~~~~~~~~^^^^^^^^^
  File "C:\Users\zenam\AppData\Local\Programs\Python\Python313\Lib\site-packages\django\template\base.py", line 1091, in render
    return SafeString("".join([node.render_annotated(context) for node in self]))
                               ~~~~~~~~~~~~~~~~~~~~~^^^^^^^^^
  File "C:\Users\zenam\AppData\Local\Programs\Python\Python313\Lib\site-packages\django\template\base.py", line 1052, in render_annotated
    return self.render(context)
           ~~~~~~~~~~~^^^^^^^^^
  File "C:\Users\zenam\AppData\Local\Programs\Python\Python313\Lib\site-packages\django\template\base.py", line 1150, in render
    output = self.filter_expression.resolve(context)
  File "C:\Users\zenam\AppData\Local\Programs\Python\Python313\Lib\site-packages\django\template\base.py", line 788, in resolve
    obj = self.var.resolve(context)
  File "C:\Users\zenam\AppData\Local\Programs\Python\Python313\Lib\site-packages\django\template\base.py", line 928, in resolve
    value = self._resolve_lookup(context)
  File "C:\Users\zenam\AppData\Local\Programs\Python\Python313\Lib\site-packages\django\template\base.py", line 976, in _resolve_lookup
    current = getattr(current, bit)
  File "C:\Users\zenam\AppData\Local\Programs\Python\Python313\Lib\site-packages\debug_toolbar\panels\__init__.py", line 110, in content
    return render_to_string(self.template, self.get_stats())
  File "C:\Users\zenam\AppData\Local\Programs\Python\Python313\Lib\site-packages\django\template\loader.py", line 62, in render_to_string
    return template.render(context, request)
           ~~~~~~~~~~~~~~~^^^^^^^^^^^^^^^^^^
  File "C:\Users\zenam\AppData\Local\Programs\Python\Python313\Lib\site-packages\django\template\backends\django.py", line 107, in render
    return self.template.render(context)
           ~~~~~~~~~~~~~~~~~~~~^^^^^^^^^
  File "C:\Users\zenam\AppData\Local\Programs\Python\Python313\Lib\site-packages\django\template\base.py", line 174, in render
    return self._render(context)
           ~~~~~~~~~~~~^^^^^^^^^
  File "C:\Users\zenam\AppData\Local\Programs\Python\Python313\Lib\site-packages\django\test\utils.py", line 114, in instrumented_test_render
    return self.nodelist.render(context)
           ~~~~~~~~~~~~~~~~~~~~^^^^^^^^^
  File "C:\Users\zenam\AppData\Local\Programs\Python\Python313\Lib\site-packages\django\template\base.py", line 1091, in render
    return SafeString("".join([node.render_annotated(context) for node in self]))
                               ~~~~~~~~~~~~~~~~~~~~~^^^^^^^^^
  File "C:\Users\zenam\AppData\Local\Programs\Python\Python313\Lib\site-packages\django\template\base.py", line 1052, in render_annotated
    return self.render(context)
           ~~~~~~~~~~~^^^^^^^^^
  File "C:\Users\zenam\AppData\Local\Programs\Python\Python313\Lib\site-packages\django\template\defaulttags.py", line 333, in render
    return nodelist.render(context)
           ~~~~~~~~~~~~~~~^^^^^^^^^
  File "C:\Users\zenam\AppData\Local\Programs\Python\Python313\Lib\site-packages\django\template\base.py", line 1091, in render
    return SafeString("".join([node.render_annotated(context) for node in self]))
                               ~~~~~~~~~~~~~~~~~~~~~^^^^^^^^^
  File "C:\Users\zenam\AppData\Local\Programs\Python\Python313\Lib\site-packages\django\template\base.py", line 1052, in render_annotated
    return self.render(context)
           ~~~~~~~~~~~^^^^^^^^^
  File "C:\Users\zenam\AppData\Local\Programs\Python\Python313\Lib\site-packages\django\template\defaulttags.py", line 249, in render
    nodelist.append(node.render_annotated(context))
                    ~~~~~~~~~~~~~~~~~~~~~^^^^^^^^^
  File "C:\Users\zenam\AppData\Local\Programs\Python\Python313\Lib\site-packages\django\template\base.py", line 1052, in render_annotated
    return self.render(context)
           ~~~~~~~~~~~^^^^^^^^^
  File "C:\Users\zenam\AppData\Local\Programs\Python\Python313\Lib\site-packages\django\template\defaulttags.py", line 333, in render
    return nodelist.render(context)
           ~~~~~~~~~~~~~~~^^^^^^^^^
  File "C:\Users\zenam\AppData\Local\Programs\Python\Python313\Lib\site-packages\django\template\base.py", line 1091, in render
    return SafeString("".join([node.render_annotated(context) for node in self]))
                               ~~~~~~~~~~~~~~~~~~~~~^^^^^^^^^
  File "C:\Users\zenam\AppData\Local\Programs\Python\Python313\Lib\site-packages\django\template\base.py", line 1052, in render_annotated
    return self.render(context)
           ~~~~~~~~~~~^^^^^^^^^
  File "C:\Users\zenam\AppData\Local\Programs\Python\Python313\Lib\site-packages\django\template\defaulttags.py", line 333, in render
    return nodelist.render(context)
           ~~~~~~~~~~~~~~~^^^^^^^^^
  File "C:\Users\zenam\AppData\Local\Programs\Python\Python313\Lib\site-packages\django\template\base.py", line 1091, in render
    return SafeString("".join([node.render_annotated(context) for node in self]))
                               ~~~~~~~~~~~~~~~~~~~~~^^^^^^^^^
  File "C:\Users\zenam\AppData\Local\Programs\Python\Python313\Lib\site-packages\django\template\base.py", line 1052, in render_annotated
    return self.render(context)
           ~~~~~~~~~~~^^^^^^^^^
  File "C:\Users\zenam\AppData\Local\Programs\Python\Python313\Lib\site-packages\django\template\defaulttags.py", line 511, in render
    url = reverse(view_name, args=args, kwargs=kwargs, current_app=current_app)
  File "C:\Users\zenam\AppData\Local\Programs\Python\Python313\Lib\site-packages\django\urls\base.py", line 92, in reverse
    raise NoReverseMatch("%s is not a registered namespace" % key)
django.urls.exceptions.NoReverseMatch: 'djdt' is not a registered namespace
ERROR 2026-10-05 14:52:37,597 log Internal Server Error: /async/
Traceback (most recent call last):
  File "C:\Users\zenam\AppData\Local\Programs\Python\Python313\Lib\site-packages\django\core\handlers\exception.py", line 55, in inner
    response = get_response(request)
  File "C:\Users\zenam\AppData\Local\Programs\Python\Python313\Lib\site-packages\django\core\handlers\base.py", line 198, in _get_response
    response = wrapped_callback(request, *callback_args, **callback_kwargs)
  File "C:\Users\zenam\AppData\Local\Programs\Python\Python313\Lib\site-packages\asgiref\sync.py", line 325, in __call__
    return call_result.result()
           ~~~~~~~~~~~~~~~~~~^^
  File "C:\Users\zenam\AppData\Local\Programs\Python\Python313\Lib\concurrent\futures\_base.py", line 449, in result
    return self.__get_result()
           ~~~~~~~~~~~~~~~~~^^
  File "C:\Users\zenam\AppData\Local\Programs\Python\Python313\Lib\concurrent\futures\_base.py", line 401, in __get_result
    raise self._exception
  File "C:\Users\zenam\AppData\Local\Programs\Python\Python313\Lib\site-packages\asgiref\sync.py", line 365, in main_wrap
    result = await awaitable
             ^^^^^^^^^^^^^^^
  File "C:\Users\zenam\django_flask_env\books\views.py", line 175, in async_book_list
    async for book in Book.objects.select_related('category').order_by('title').aiter():
                      ^^^^^^^^^^^^^^^^^^^^^^^^^^^^^^^^^^^^^^^^^^^^^^^^^^^^^^^^^^^^^^^
AttributeError: 'QuerySet' object has no attribute 'aiter'. Did you mean: 'filter'?
INFO 2026-10-05 14:52:37,599 middleware Request GET /async/ by Anonymous in 3.59 ms | groups=Anonymous | status=500
INFO 2026-10-05 14:52:37,798 middleware Request GET /async/1/ by Anonymous in 6.12 ms | groups=Anonymous | status=200
ERROR 2026-10-05 14:52:37,819 log Internal Server Error: /async/1/
Traceback (most recent call last):
  File "C:\Users\zenam\AppData\Local\Programs\Python\Python313\Lib\site-packages\django\template\base.py", line 964, in _resolve_lookup
    raise TypeError
TypeError

During handling of the above exception, another exception occurred:

Traceback (most recent call last):
  File "C:\Users\zenam\AppData\Local\Programs\Python\Python313\Lib\site-packages\django\urls\base.py", line 81, in reverse
    extra, resolver = resolver.namespace_dict[ns]
                      ~~~~~~~~~~~~~~~~~~~~~~~^^^^
KeyError: 'djdt'

During handling of the above exception, another exception occurred:

Traceback (most recent call last):
  File "C:\Users\zenam\AppData\Local\Programs\Python\Python313\Lib\site-packages\django\core\handlers\exception.py", line 55, in inner
    response = get_response(request)
  File "C:\Users\zenam\AppData\Local\Programs\Python\Python313\Lib\site-packages\debug_toolbar\middleware.py", line 130, in __call__
    return self._postprocess(request, response, toolbar)
           ~~~~~~~~~~~~~~~~~^^^^^^^^^^^^^^^^^^^^^^^^^^^^
  File "C:\Users\zenam\AppData\Local\Programs\Python\Python313\Lib\site-packages\debug_toolbar\middleware.py", line 172, in _postprocess
    rendered = toolbar.render_toolbar()
  File "C:\Users\zenam\AppData\Local\Programs\Python\Python313\Lib\site-packages\debug_toolbar\toolbar.py", line 96, in render_toolbar
    return render_to_string("debug_toolbar/base.html", context)
  File "C:\Users\zenam\AppData\Local\Programs\Python\Python313\Lib\site-packages\django\template\loader.py", line 62, in render_to_string
    return template.render(context, request)
           ~~~~~~~~~~~~~~~^^^^^^^^^^^^^^^^^^
  File "C:\Users\zenam\AppData\Local\Programs\Python\Python313\Lib\site-packages\django\template\backends\django.py", line 107, in render
    return self.template.render(context)
           ~~~~~~~~~~~~~~~~~~~~^^^^^^^^^
  File "C:\Users\zenam\AppData\Local\Programs\Python\Python313\Lib\site-packages\django\template\base.py", line 174, in render
    return self._render(context)
           ~~~~~~~~~~~~^^^^^^^^^
  File "C:\Users\zenam\AppData\Local\Programs\Python\Python313\Lib\site-packages\django\test\utils.py", line 114, in instrumented_test_render
    return self.nodelist.render(context)
           ~~~~~~~~~~~~~~~~~~~~^^^^^^^^^
  File "C:\Users\zenam\AppData\Local\Programs\Python\Python313\Lib\site-packages\django\template\base.py", line 1091, in render
    return SafeString("".join([node.render_annotated(context) for node in self]))
                               ~~~~~~~~~~~~~~~~~~~~~^^^^^^^^^
  File "C:\Users\zenam\AppData\Local\Programs\Python\Python313\Lib\site-packages\django\template\base.py", line 1052, in render_annotated
    return self.render(context)
           ~~~~~~~~~~~^^^^^^^^^
  File "C:\Users\zenam\AppData\Local\Programs\Python\Python313\Lib\site-packages\django\template\defaulttags.py", line 249, in render
    nodelist.append(node.render_annotated(context))
                    ~~~~~~~~~~~~~~~~~~~~~^^^^^^^^^
  File "C:\Users\zenam\AppData\Local\Programs\Python\Python313\Lib\site-packages\django\template\base.py", line 1052, in render_annotated
    return self.render(context)
           ~~~~~~~~~~~^^^^^^^^^
  File "C:\Users\zenam\AppData\Local\Programs\Python\Python313\Lib\site-packages\django\template\loader_tags.py", line 211, in render
    return template.render(context)
           ~~~~~~~~~~~~~~~^^^^^^^^^
  File "C:\Users\zenam\AppData\Local\Programs\Python\Python313\Lib\site-packages\django\template\base.py", line 176, in render
    return self._render(context)
           ~~~~~~~~~~~~^^^^^^^^^
  File "C:\Users\zenam\AppData\Local\Programs\Python\Python313\Lib\site-packages\django\test\utils.py", line 114, in instrumented_test_render
    return self.nodelist.render(context)
           ~~~~~~~~~~~~~~~~~~~~^^^^^^^^^
  File "C:\Users\zenam\AppData\Local\Programs\Python\Python313\Lib\site-packages\django\template\base.py", line 1091, in render
    return SafeString("".join([node.render_annotated(context) for node in self]))
                               ~~~~~~~~~~~~~~~~~~~~~^^^^^^^^^
  File "C:\Users\zenam\AppData\Local\Programs\Python\Python313\Lib\site-packages\django\template\base.py", line 1052, in render_annotated
    return self.render(context)
           ~~~~~~~~~~~^^^^^^^^^
  File "C:\Users\zenam\AppData\Local\Programs\Python\Python313\Lib\site-packages\django\template\defaulttags.py", line 333, in render
    return nodelist.render(context)
           ~~~~~~~~~~~~~~~^^^^^^^^^
  File "C:\Users\zenam\AppData\Local\Programs\Python\Python313\Lib\site-packages\django\template\base.py", line 1091, in render
    return SafeString("".join([node.render_annotated(context) for node in self]))
                               ~~~~~~~~~~~~~~~~~~~~~^^^^^^^^^
  File "C:\Users\zenam\AppData\Local\Programs\Python\Python313\Lib\site-packages\django\template\base.py", line 1052, in render_annotated
    return self.render(context)
           ~~~~~~~~~~~^^^^^^^^^
  File "C:\Users\zenam\AppData\Local\Programs\Python\Python313\Lib\site-packages\django\template\defaulttags.py", line 333, in render
    return nodelist.render(context)
           ~~~~~~~~~~~~~~~^^^^^^^^^
  File "C:\Users\zenam\AppData\Local\Programs\Python\Python313\Lib\site-packages\django\template\base.py", line 1091, in render
    return SafeString("".join([node.render_annotated(context) for node in self]))
                               ~~~~~~~~~~~~~~~~~~~~~^^^^^^^^^
  File "C:\Users\zenam\AppData\Local\Programs\Python\Python313\Lib\site-packages\django\template\base.py", line 1052, in render_annotated
    return self.render(context)
           ~~~~~~~~~~~^^^^^^^^^
  File "C:\Users\zenam\AppData\Local\Programs\Python\Python313\Lib\site-packages\django\template\base.py", line 1150, in render
    output = self.filter_expression.resolve(context)
  File "C:\Users\zenam\AppData\Local\Programs\Python\Python313\Lib\site-packages\django\template\base.py", line 788, in resolve
    obj = self.var.resolve(context)
  File "C:\Users\zenam\AppData\Local\Programs\Python\Python313\Lib\site-packages\django\template\base.py", line 928, in resolve
    value = self._resolve_lookup(context)
  File "C:\Users\zenam\AppData\Local\Programs\Python\Python313\Lib\site-packages\django\template\base.py", line 976, in _resolve_lookup
    current = getattr(current, bit)
  File "C:\Users\zenam\AppData\Local\Programs\Python\Python313\Lib\site-packages\debug_toolbar\panels\__init__.py", line 110, in content
    return render_to_string(self.template, self.get_stats())
  File "C:\Users\zenam\AppData\Local\Programs\Python\Python313\Lib\site-packages\django\template\loader.py", line 62, in render_to_string
    return template.render(context, request)
           ~~~~~~~~~~~~~~~^^^^^^^^^^^^^^^^^^
  File "C:\Users\zenam\AppData\Local\Programs\Python\Python313\Lib\site-packages\django\template\backends\django.py", line 107, in render
    return self.template.render(context)
           ~~~~~~~~~~~~~~~~~~~~^^^^^^^^^
  File "C:\Users\zenam\AppData\Local\Programs\Python\Python313\Lib\site-packages\django\template\base.py", line 174, in render
    return self._render(context)
           ~~~~~~~~~~~~^^^^^^^^^
  File "C:\Users\zenam\AppData\Local\Programs\Python\Python313\Lib\site-packages\django\test\utils.py", line 114, in instrumented_test_render
    return self.nodelist.render(context)
           ~~~~~~~~~~~~~~~~~~~~^^^^^^^^^
  File "C:\Users\zenam\AppData\Local\Programs\Python\Python313\Lib\site-packages\django\template\base.py", line 1091, in render
    return SafeString("".join([node.render_annotated(context) for node in self]))
                               ~~~~~~~~~~~~~~~~~~~~~^^^^^^^^^
  File "C:\Users\zenam\AppData\Local\Programs\Python\Python313\Lib\site-packages\django\template\base.py", line 1052, in render_annotated
    return self.render(context)
           ~~~~~~~~~~~^^^^^^^^^
  File "C:\Users\zenam\AppData\Local\Programs\Python\Python313\Lib\site-packages\django\template\defaulttags.py", line 333, in render
    return nodelist.render(context)
           ~~~~~~~~~~~~~~~^^^^^^^^^
  File "C:\Users\zenam\AppData\Local\Programs\Python\Python313\Lib\site-packages\django\template\base.py", line 1091, in render
    return SafeString("".join([node.render_annotated(context) for node in self]))
                               ~~~~~~~~~~~~~~~~~~~~~^^^^^^^^^
  File "C:\Users\zenam\AppData\Local\Programs\Python\Python313\Lib\site-packages\django\template\base.py", line 1052, in render_annotated
    return self.render(context)
           ~~~~~~~~~~~^^^^^^^^^
  File "C:\Users\zenam\AppData\Local\Programs\Python\Python313\Lib\site-packages\django\template\defaulttags.py", line 249, in render
    nodelist.append(node.render_annotated(context))
                    ~~~~~~~~~~~~~~~~~~~~~^^^^^^^^^
  File "C:\Users\zenam\AppData\Local\Programs\Python\Python313\Lib\site-packages\django\template\base.py", line 1052, in render_annotated
    return self.render(context)
           ~~~~~~~~~~~^^^^^^^^^
  File "C:\Users\zenam\AppData\Local\Programs\Python\Python313\Lib\site-packages\django\template\defaulttags.py", line 333, in render
    return nodelist.render(context)
           ~~~~~~~~~~~~~~~^^^^^^^^^
  File "C:\Users\zenam\AppData\Local\Programs\Python\Python313\Lib\site-packages\django\template\base.py", line 1091, in render
    return SafeString("".join([node.render_annotated(context) for node in self]))
                               ~~~~~~~~~~~~~~~~~~~~~^^^^^^^^^
  File "C:\Users\zenam\AppData\Local\Programs\Python\Python313\Lib\site-packages\django\template\base.py", line 1052, in render_annotated
    return self.render(context)
           ~~~~~~~~~~~^^^^^^^^^
  File "C:\Users\zenam\AppData\Local\Programs\Python\Python313\Lib\site-packages\django\template\defaulttags.py", line 333, in render
    return nodelist.render(context)
           ~~~~~~~~~~~~~~~^^^^^^^^^
  File "C:\Users\zenam\AppData\Local\Programs\Python\Python313\Lib\site-packages\django\template\base.py", line 1091, in render
    return SafeString("".join([node.render_annotated(context) for node in self]))
                               ~~~~~~~~~~~~~~~~~~~~~^^^^^^^^^
  File "C:\Users\zenam\AppData\Local\Programs\Python\Python313\Lib\site-packages\django\template\base.py", line 1052, in render_annotated
    return self.render(context)
           ~~~~~~~~~~~^^^^^^^^^
  File "C:\Users\zenam\AppData\Local\Programs\Python\Python313\Lib\site-packages\django\template\defaulttags.py", line 511, in render
    url = reverse(view_name, args=args, kwargs=kwargs, current_app=current_app)
  File "C:\Users\zenam\AppData\Local\Programs\Python\Python313\Lib\site-packages\django\urls\base.py", line 92, in reverse
    raise NoReverseMatch("%s is not a registered namespace" % key)
django.urls.exceptions.NoReverseMatch: 'djdt' is not a registered namespace
ERROR 2026-10-05 14:52:38,529 log Internal Server Error: /async/cart/
Traceback (most recent call last):
  File "C:\Users\zenam\AppData\Local\Programs\Python\Python313\Lib\site-packages\django\contrib\sessions\backends\base.py", line 246, in _get_session
    return self._session_cache
           ^^^^^^^^^^^^^^^^^^^
AttributeError: 'SessionStore' object has no attribute '_session_cache'

During handling of the above exception, another exception occurred:

Traceback (most recent call last):
  File "C:\Users\zenam\AppData\Local\Programs\Python\Python313\Lib\site-packages\django\core\handlers\exception.py", line 55, in inner
    response = get_response(request)
  File "C:\Users\zenam\AppData\Local\Programs\Python\Python313\Lib\site-packages\django\core\handlers\base.py", line 198, in _get_response
    response = wrapped_callback(request, *callback_args, **callback_kwargs)
  File "C:\Users\zenam\AppData\Local\Programs\Python\Python313\Lib\site-packages\asgiref\sync.py", line 325, in __call__
    return call_result.result()
           ~~~~~~~~~~~~~~~~~~^^
  File "C:\Users\zenam\AppData\Local\Programs\Python\Python313\Lib\concurrent\futures\_base.py", line 449, in result
    return self.__get_result()
           ~~~~~~~~~~~~~~~~~^^
  File "C:\Users\zenam\AppData\Local\Programs\Python\Python313\Lib\concurrent\futures\_base.py", line 401, in __get_result
    raise self._exception
  File "C:\Users\zenam\AppData\Local\Programs\Python\Python313\Lib\site-packages\asgiref\sync.py", line 365, in main_wrap
    result = await awaitable
             ^^^^^^^^^^^^^^^
  File "C:\Users\zenam\django_flask_env\books\views.py", line 202, in async_cart_summary
    cart = request.session.get('cart', {})
  File "C:\Users\zenam\AppData\Local\Programs\Python\Python313\Lib\site-packages\django\contrib\sessions\backends\base.py", line 74, in get
    return self._session.get(key, default)
           ^^^^^^^^^^^^^
  File "C:\Users\zenam\AppData\Local\Programs\Python\Python313\Lib\site-packages\django\contrib\sessions\backends\base.py", line 251, in _get_session
    self._session_cache = self.load()
                          ~~~~~~~~~^^
  File "C:\Users\zenam\AppData\Local\Programs\Python\Python313\Lib\site-packages\django\contrib\sessions\backends\db.py", line 55, in load
    s = self._get_session_from_db()
  File "C:\Users\zenam\AppData\Local\Programs\Python\Python313\Lib\site-packages\django\contrib\sessions\backends\db.py", line 34, in _get_session_from_db
    return self.model.objects.get(
           ~~~~~~~~~~~~~~~~~~~~~~^
        session_key=self.session_key, expire_date__gt=timezone.now()
        ^^^^^^^^^^^^^^^^^^^^^^^^^^^^^^^^^^^^^^^^^^^^^^^^^^^^^^^^^^^^
    )
    ^
  File "C:\Users\zenam\AppData\Local\Programs\Python\Python313\Lib\site-packages\django\db\models\manager.py", line 87, in manager_method
    return getattr(self.get_queryset(), name)(*args, **kwargs)
           ~~~~~~~~~~~~~~~~~~~~~~~~~~~~~~~~~~^^^^^^^^^^^^^^^^^
  File "C:\Users\zenam\AppData\Local\Programs\Python\Python313\Lib\site-packages\django\db\models\query.py", line 635, in get
    num = len(clone)
  File "C:\Users\zenam\AppData\Local\Programs\Python\Python313\Lib\site-packages\django\db\models\query.py", line 372, in __len__
    self._fetch_all()
    ~~~~~~~~~~~~~~~^^
  File "C:\Users\zenam\AppData\Local\Programs\Python\Python313\Lib\site-packages\django\db\models\query.py", line 2000, in _fetch_all
    self._result_cache = list(self._iterable_class(self))
                         ~~~~^^^^^^^^^^^^^^^^^^^^^^^^^^^^
  File "C:\Users\zenam\AppData\Local\Programs\Python\Python313\Lib\site-packages\django\db\models\query.py", line 95, in __iter__
    results = compiler.execute_sql(
        chunked_fetch=self.chunked_fetch, chunk_size=self.chunk_size
    )
  File "C:\Users\zenam\AppData\Local\Programs\Python\Python313\Lib\site-packages\django\db\models\sql\compiler.py", line 1622, in execute_sql
    cursor = self.connection.cursor()
  File "C:\Users\zenam\AppData\Local\Programs\Python\Python313\Lib\site-packages\django\utils\asyncio.py", line 24, in inner
    raise SynchronousOnlyOperation(message)
django.core.exceptions.SynchronousOnlyOperation: You cannot call this from an async context - use a thread or sync_to_async.
INFO 2026-10-05 14:52:38,536 middleware Request GET /async/cart/ by Anonymous in 6.04 ms | groups=Anonymous | status=500
ERROR 2026-10-05 14:52:38,565 log Internal Server Error: /async/cart/
Traceback (most recent call last):
  File "C:\Users\zenam\AppData\Local\Programs\Python\Python313\Lib\site-packages\django\template\base.py", line 964, in _resolve_lookup
    raise TypeError
TypeError

During handling of the above exception, another exception occurred:

Traceback (most recent call last):
  File "C:\Users\zenam\AppData\Local\Programs\Python\Python313\Lib\site-packages\django\urls\base.py", line 81, in reverse
    extra, resolver = resolver.namespace_dict[ns]
                      ~~~~~~~~~~~~~~~~~~~~~~~^^^^
KeyError: 'djdt'

During handling of the above exception, another exception occurred:

Traceback (most recent call last):
  File "C:\Users\zenam\AppData\Local\Programs\Python\Python313\Lib\site-packages\django\core\handlers\exception.py", line 55, in inner
    response = get_response(request)
  File "C:\Users\zenam\AppData\Local\Programs\Python\Python313\Lib\site-packages\debug_toolbar\middleware.py", line 130, in __call__
    return self._postprocess(request, response, toolbar)
           ~~~~~~~~~~~~~~~~~^^^^^^^^^^^^^^^^^^^^^^^^^^^^
  File "C:\Users\zenam\AppData\Local\Programs\Python\Python313\Lib\site-packages\debug_toolbar\middleware.py", line 172, in _postprocess
    rendered = toolbar.render_toolbar()
  File "C:\Users\zenam\AppData\Local\Programs\Python\Python313\Lib\site-packages\debug_toolbar\toolbar.py", line 96, in render_toolbar
    return render_to_string("debug_toolbar/base.html", context)
  File "C:\Users\zenam\AppData\Local\Programs\Python\Python313\Lib\site-packages\django\template\loader.py", line 62, in render_to_string
    return template.render(context, request)
           ~~~~~~~~~~~~~~~^^^^^^^^^^^^^^^^^^
  File "C:\Users\zenam\AppData\Local\Programs\Python\Python313\Lib\site-packages\django\template\backends\django.py", line 107, in render
    return self.template.render(context)
           ~~~~~~~~~~~~~~~~~~~~^^^^^^^^^
  File "C:\Users\zenam\AppData\Local\Programs\Python\Python313\Lib\site-packages\django\template\base.py", line 174, in render
    return self._render(context)
           ~~~~~~~~~~~~^^^^^^^^^
  File "C:\Users\zenam\AppData\Local\Programs\Python\Python313\Lib\site-packages\django\test\utils.py", line 114, in instrumented_test_render
    return self.nodelist.render(context)
           ~~~~~~~~~~~~~~~~~~~~^^^^^^^^^
  File "C:\Users\zenam\AppData\Local\Programs\Python\Python313\Lib\site-packages\django\template\base.py", line 1091, in render
    return SafeString("".join([node.render_annotated(context) for node in self]))
                               ~~~~~~~~~~~~~~~~~~~~~^^^^^^^^^
  File "C:\Users\zenam\AppData\Local\Programs\Python\Python313\Lib\site-packages\django\template\base.py", line 1052, in render_annotated
    return self.render(context)
           ~~~~~~~~~~~^^^^^^^^^
  File "C:\Users\zenam\AppData\Local\Programs\Python\Python313\Lib\site-packages\django\template\defaulttags.py", line 249, in render
    nodelist.append(node.render_annotated(context))
                    ~~~~~~~~~~~~~~~~~~~~~^^^^^^^^^
  File "C:\Users\zenam\AppData\Local\Programs\Python\Python313\Lib\site-packages\django\template\base.py", line 1052, in render_annotated
    return self.render(context)
           ~~~~~~~~~~~^^^^^^^^^
  File "C:\Users\zenam\AppData\Local\Programs\Python\Python313\Lib\site-packages\django\template\loader_tags.py", line 211, in render
    return template.render(context)
           ~~~~~~~~~~~~~~~^^^^^^^^^
  File "C:\Users\zenam\AppData\Local\Programs\Python\Python313\Lib\site-packages\django\template\base.py", line 176, in render
    return self._render(context)
           ~~~~~~~~~~~~^^^^^^^^^
  File "C:\Users\zenam\AppData\Local\Programs\Python\Python313\Lib\site-packages\django\test\utils.py", line 114, in instrumented_test_render
    return self.nodelist.render(context)
           ~~~~~~~~~~~~~~~~~~~~^^^^^^^^^
  File "C:\Users\zenam\AppData\Local\Programs\Python\Python313\Lib\site-packages\django\template\base.py", line 1091, in render
    return SafeString("".join([node.render_annotated(context) for node in self]))
                               ~~~~~~~~~~~~~~~~~~~~~^^^^^^^^^
  File "C:\Users\zenam\AppData\Local\Programs\Python\Python313\Lib\site-packages\django\template\base.py", line 1052, in render_annotated
    return self.render(context)
           ~~~~~~~~~~~^^^^^^^^^
  File "C:\Users\zenam\AppData\Local\Programs\Python\Python313\Lib\site-packages\django\template\defaulttags.py", line 333, in render
    return nodelist.render(context)
           ~~~~~~~~~~~~~~~^^^^^^^^^
  File "C:\Users\zenam\AppData\Local\Programs\Python\Python313\Lib\site-packages\django\template\base.py", line 1091, in render
    return SafeString("".join([node.render_annotated(context) for node in self]))
                               ~~~~~~~~~~~~~~~~~~~~~^^^^^^^^^
  File "C:\Users\zenam\AppData\Local\Programs\Python\Python313\Lib\site-packages\django\template\base.py", line 1052, in render_annotated
    return self.render(context)
           ~~~~~~~~~~~^^^^^^^^^
  File "C:\Users\zenam\AppData\Local\Programs\Python\Python313\Lib\site-packages\django\template\defaulttags.py", line 333, in render
    return nodelist.render(context)
           ~~~~~~~~~~~~~~~^^^^^^^^^
  File "C:\Users\zenam\AppData\Local\Programs\Python\Python313\Lib\site-packages\django\template\base.py", line 1091, in render
    return SafeString("".join([node.render_annotated(context) for node in self]))
                               ~~~~~~~~~~~~~~~~~~~~~^^^^^^^^^
  File "C:\Users\zenam\AppData\Local\Programs\Python\Python313\Lib\site-packages\django\template\base.py", line 1052, in render_annotated
    return self.render(context)
           ~~~~~~~~~~~^^^^^^^^^
  File "C:\Users\zenam\AppData\Local\Programs\Python\Python313\Lib\site-packages\django\template\base.py", line 1150, in render
    output = self.filter_expression.resolve(context)
  File "C:\Users\zenam\AppData\Local\Programs\Python\Python313\Lib\site-packages\django\template\base.py", line 788, in resolve
    obj = self.var.resolve(context)
  File "C:\Users\zenam\AppData\Local\Programs\Python\Python313\Lib\site-packages\django\template\base.py", line 928, in resolve
    value = self._resolve_lookup(context)
  File "C:\Users\zenam\AppData\Local\Programs\Python\Python313\Lib\site-packages\django\template\base.py", line 976, in _resolve_lookup
    current = getattr(current, bit)
  File "C:\Users\zenam\AppData\Local\Programs\Python\Python313\Lib\site-packages\debug_toolbar\panels\__init__.py", line 110, in content
    return render_to_string(self.template, self.get_stats())
  File "C:\Users\zenam\AppData\Local\Programs\Python\Python313\Lib\site-packages\django\template\loader.py", line 62, in render_to_string
    return template.render(context, request)
           ~~~~~~~~~~~~~~~^^^^^^^^^^^^^^^^^^
  File "C:\Users\zenam\AppData\Local\Programs\Python\Python313\Lib\site-packages\django\template\backends\django.py", line 107, in render
    return self.template.render(context)
           ~~~~~~~~~~~~~~~~~~~~^^^^^^^^^
  File "C:\Users\zenam\AppData\Local\Programs\Python\Python313\Lib\site-packages\django\template\base.py", line 174, in render
    return self._render(context)
           ~~~~~~~~~~~~^^^^^^^^^
  File "C:\Users\zenam\AppData\Local\Programs\Python\Python313\Lib\site-packages\django\test\utils.py", line 114, in instrumented_test_render
    return self.nodelist.render(context)
           ~~~~~~~~~~~~~~~~~~~~^^^^^^^^^
  File "C:\Users\zenam\AppData\Local\Programs\Python\Python313\Lib\site-packages\django\template\base.py", line 1091, in render
    return SafeString("".join([node.render_annotated(context) for node in self]))
                               ~~~~~~~~~~~~~~~~~~~~~^^^^^^^^^
  File "C:\Users\zenam\AppData\Local\Programs\Python\Python313\Lib\site-packages\django\template\base.py", line 1052, in render_annotated
    return self.render(context)
           ~~~~~~~~~~~^^^^^^^^^
  File "C:\Users\zenam\AppData\Local\Programs\Python\Python313\Lib\site-packages\django\template\defaulttags.py", line 333, in render
    return nodelist.render(context)
           ~~~~~~~~~~~~~~~^^^^^^^^^
  File "C:\Users\zenam\AppData\Local\Programs\Python\Python313\Lib\site-packages\django\template\base.py", line 1091, in render
    return SafeString("".join([node.render_annotated(context) for node in self]))
                               ~~~~~~~~~~~~~~~~~~~~~^^^^^^^^^
  File "C:\Users\zenam\AppData\Local\Programs\Python\Python313\Lib\site-packages\django\template\base.py", line 1052, in render_annotated
    return self.render(context)
           ~~~~~~~~~~~^^^^^^^^^
  File "C:\Users\zenam\AppData\Local\Programs\Python\Python313\Lib\site-packages\django\template\defaulttags.py", line 249, in render
    nodelist.append(node.render_annotated(context))
                    ~~~~~~~~~~~~~~~~~~~~~^^^^^^^^^
  File "C:\Users\zenam\AppData\Local\Programs\Python\Python313\Lib\site-packages\django\template\base.py", line 1052, in render_annotated
    return self.render(context)
           ~~~~~~~~~~~^^^^^^^^^
  File "C:\Users\zenam\AppData\Local\Programs\Python\Python313\Lib\site-packages\django\template\defaulttags.py", line 333, in render
    return nodelist.render(context)
           ~~~~~~~~~~~~~~~^^^^^^^^^
  File "C:\Users\zenam\AppData\Local\Programs\Python\Python313\Lib\site-packages\django\template\base.py", line 1091, in render
    return SafeString("".join([node.render_annotated(context) for node in self]))
                               ~~~~~~~~~~~~~~~~~~~~~^^^^^^^^^
  File "C:\Users\zenam\AppData\Local\Programs\Python\Python313\Lib\site-packages\django\template\base.py", line 1052, in render_annotated
    return self.render(context)
           ~~~~~~~~~~~^^^^^^^^^
  File "C:\Users\zenam\AppData\Local\Programs\Python\Python313\Lib\site-packages\django\template\defaulttags.py", line 333, in render
    return nodelist.render(context)
           ~~~~~~~~~~~~~~~^^^^^^^^^
  File "C:\Users\zenam\AppData\Local\Programs\Python\Python313\Lib\site-packages\django\template\base.py", line 1091, in render
    return SafeString("".join([node.render_annotated(context) for node in self]))
                               ~~~~~~~~~~~~~~~~~~~~~^^^^^^^^^
  File "C:\Users\zenam\AppData\Local\Programs\Python\Python313\Lib\site-packages\django\template\base.py", line 1052, in render_annotated
    return self.render(context)
           ~~~~~~~~~~~^^^^^^^^^
  File "C:\Users\zenam\AppData\Local\Programs\Python\Python313\Lib\site-packages\django\template\defaulttags.py", line 511, in render
    url = reverse(view_name, args=args, kwargs=kwargs, current_app=current_app)
  File "C:\Users\zenam\AppData\Local\Programs\Python\Python313\Lib\site-packages\django\urls\base.py", line 92, in reverse
    raise NoReverseMatch("%s is not a registered namespace" % key)
django.urls.exceptions.NoReverseMatch: 'djdt' is not a registered namespace
INFO 2026-10-05 14:53:13,774 middleware Request POST /users/register/ by Anonymous in 665.81 ms | groups=Anonymous | status=302
ERROR 2026-10-05 14:53:13,883 log Internal Server Error: /users/register/
Traceback (most recent call last):
  File "C:\Users\zenam\AppData\Local\Programs\Python\Python313\Lib\site-packages\django\template\base.py", line 964, in _resolve_lookup
    raise TypeError
TypeError

During handling of the above exception, another exception occurred:

Traceback (most recent call last):
  File "C:\Users\zenam\AppData\Local\Programs\Python\Python313\Lib\site-packages\django\urls\base.py", line 81, in reverse
    extra, resolver = resolver.namespace_dict[ns]
                      ~~~~~~~~~~~~~~~~~~~~~~~^^^^
KeyError: 'djdt'

During handling of the above exception, another exception occurred:

Traceback (most recent call last):
  File "C:\Users\zenam\AppData\Local\Programs\Python\Python313\Lib\site-packages\django\core\handlers\exception.py", line 55, in inner
    response = get_response(request)
  File "C:\Users\zenam\AppData\Local\Programs\Python\Python313\Lib\site-packages\debug_toolbar\middleware.py", line 130, in __call__
    return self._postprocess(request, response, toolbar)
           ~~~~~~~~~~~~~~~~~^^^^^^^^^^^^^^^^^^^^^^^^^^^^
  File "C:\Users\zenam\AppData\Local\Programs\Python\Python313\Lib\site-packages\debug_toolbar\middleware.py", line 172, in _postprocess
    rendered = toolbar.render_toolbar()
  File "C:\Users\zenam\AppData\Local\Programs\Python\Python313\Lib\site-packages\debug_toolbar\toolbar.py", line 96, in render_toolbar
    return render_to_string("debug_toolbar/base.html", context)
  File "C:\Users\zenam\AppData\Local\Programs\Python\Python313\Lib\site-packages\django\template\loader.py", line 62, in render_to_string
    return template.render(context, request)
           ~~~~~~~~~~~~~~~^^^^^^^^^^^^^^^^^^
  File "C:\Users\zenam\AppData\Local\Programs\Python\Python313\Lib\site-packages\django\template\backends\django.py", line 107, in render
    return self.template.render(context)
           ~~~~~~~~~~~~~~~~~~~~^^^^^^^^^
  File "C:\Users\zenam\AppData\Local\Programs\Python\Python313\Lib\site-packages\django\template\base.py", line 174, in render
    return self._render(context)
           ~~~~~~~~~~~~^^^^^^^^^
  File "C:\Users\zenam\AppData\Local\Programs\Python\Python313\Lib\site-packages\django\test\utils.py", line 114, in instrumented_test_render
    return self.nodelist.render(context)
           ~~~~~~~~~~~~~~~~~~~~^^^^^^^^^
  File "C:\Users\zenam\AppData\Local\Programs\Python\Python313\Lib\site-packages\django\template\base.py", line 1091, in render
    return SafeString("".join([node.render_annotated(context) for node in self]))
                               ~~~~~~~~~~~~~~~~~~~~~^^^^^^^^^
  File "C:\Users\zenam\AppData\Local\Programs\Python\Python313\Lib\site-packages\django\template\base.py", line 1052, in render_annotated
    return self.render(context)
           ~~~~~~~~~~~^^^^^^^^^
  File "C:\Users\zenam\AppData\Local\Programs\Python\Python313\Lib\site-packages\django\template\defaulttags.py", line 249, in render
    nodelist.append(node.render_annotated(context))
                    ~~~~~~~~~~~~~~~~~~~~~^^^^^^^^^
  File "C:\Users\zenam\AppData\Local\Programs\Python\Python313\Lib\site-packages\django\template\base.py", line 1052, in render_annotated
    return self.render(context)
           ~~~~~~~~~~~^^^^^^^^^
  File "C:\Users\zenam\AppData\Local\Programs\Python\Python313\Lib\site-packages\django\template\loader_tags.py", line 211, in render
    return template.render(context)
           ~~~~~~~~~~~~~~~^^^^^^^^^
  File "C:\Users\zenam\AppData\Local\Programs\Python\Python313\Lib\site-packages\django\template\base.py", line 176, in render
    return self._render(context)
           ~~~~~~~~~~~~^^^^^^^^^
  File "C:\Users\zenam\AppData\Local\Programs\Python\Python313\Lib\site-packages\django\test\utils.py", line 114, in instrumented_test_render
    return self.nodelist.render(context)
           ~~~~~~~~~~~~~~~~~~~~^^^^^^^^^
  File "C:\Users\zenam\AppData\Local\Programs\Python\Python313\Lib\site-packages\django\template\base.py", line 1091, in render
    return SafeString("".join([node.render_annotated(context) for node in self]))
                               ~~~~~~~~~~~~~~~~~~~~~^^^^^^^^^
  File "C:\Users\zenam\AppData\Local\Programs\Python\Python313\Lib\site-packages\django\template\base.py", line 1052, in render_annotated
    return self.render(context)
           ~~~~~~~~~~~^^^^^^^^^
  File "C:\Users\zenam\AppData\Local\Programs\Python\Python313\Lib\site-packages\django\template\defaulttags.py", line 333, in render
    return nodelist.render(context)
           ~~~~~~~~~~~~~~~^^^^^^^^^
  File "C:\Users\zenam\AppData\Local\Programs\Python\Python313\Lib\site-packages\django\template\base.py", line 1091, in render
    return SafeString("".join([node.render_annotated(context) for node in self]))
                               ~~~~~~~~~~~~~~~~~~~~~^^^^^^^^^
  File "C:\Users\zenam\AppData\Local\Programs\Python\Python313\Lib\site-packages\django\template\base.py", line 1052, in render_annotated
    return self.render(context)
           ~~~~~~~~~~~^^^^^^^^^
  File "C:\Users\zenam\AppData\Local\Programs\Python\Python313\Lib\site-packages\django\template\defaulttags.py", line 333, in render
    return nodelist.render(context)
           ~~~~~~~~~~~~~~~^^^^^^^^^
  File "C:\Users\zenam\AppData\Local\Programs\Python\Python313\Lib\site-packages\django\template\base.py", line 1091, in render
    return SafeString("".join([node.render_annotated(context) for node in self]))
                               ~~~~~~~~~~~~~~~~~~~~~^^^^^^^^^
  File "C:\Users\zenam\AppData\Local\Programs\Python\Python313\Lib\site-packages\django\template\base.py", line 1052, in render_annotated
    return self.render(context)
           ~~~~~~~~~~~^^^^^^^^^
  File "C:\Users\zenam\AppData\Local\Programs\Python\Python313\Lib\site-packages\django\template\base.py", line 1150, in render
    output = self.filter_expression.resolve(context)
  File "C:\Users\zenam\AppData\Local\Programs\Python\Python313\Lib\site-packages\django\template\base.py", line 788, in resolve
    obj = self.var.resolve(context)
  File "C:\Users\zenam\AppData\Local\Programs\Python\Python313\Lib\site-packages\django\template\base.py", line 928, in resolve
    value = self._resolve_lookup(context)
  File "C:\Users\zenam\AppData\Local\Programs\Python\Python313\Lib\site-packages\django\template\base.py", line 976, in _resolve_lookup
    current = getattr(current, bit)
  File "C:\Users\zenam\AppData\Local\Programs\Python\Python313\Lib\site-packages\debug_toolbar\panels\__init__.py", line 110, in content
    return render_to_string(self.template, self.get_stats())
  File "C:\Users\zenam\AppData\Local\Programs\Python\Python313\Lib\site-packages\django\template\loader.py", line 62, in render_to_string
    return template.render(context, request)
           ~~~~~~~~~~~~~~~^^^^^^^^^^^^^^^^^^
  File "C:\Users\zenam\AppData\Local\Programs\Python\Python313\Lib\site-packages\django\template\backends\django.py", line 107, in render
    return self.template.render(context)
           ~~~~~~~~~~~~~~~~~~~~^^^^^^^^^
  File "C:\Users\zenam\AppData\Local\Programs\Python\Python313\Lib\site-packages\django\template\base.py", line 174, in render
    return self._render(context)
           ~~~~~~~~~~~~^^^^^^^^^
  File "C:\Users\zenam\AppData\Local\Programs\Python\Python313\Lib\site-packages\django\test\utils.py", line 114, in instrumented_test_render
    return self.nodelist.render(context)
           ~~~~~~~~~~~~~~~~~~~~^^^^^^^^^
  File "C:\Users\zenam\AppData\Local\Programs\Python\Python313\Lib\site-packages\django\template\base.py", line 1091, in render
    return SafeString("".join([node.render_annotated(context) for node in self]))
                               ~~~~~~~~~~~~~~~~~~~~~^^^^^^^^^
  File "C:\Users\zenam\AppData\Local\Programs\Python\Python313\Lib\site-packages\django\template\base.py", line 1052, in render_annotated
    return self.render(context)
           ~~~~~~~~~~~^^^^^^^^^
  File "C:\Users\zenam\AppData\Local\Programs\Python\Python313\Lib\site-packages\django\template\defaulttags.py", line 333, in render
    return nodelist.render(context)
           ~~~~~~~~~~~~~~~^^^^^^^^^
  File "C:\Users\zenam\AppData\Local\Programs\Python\Python313\Lib\site-packages\django\template\base.py", line 1091, in render
    return SafeString("".join([node.render_annotated(context) for node in self]))
                               ~~~~~~~~~~~~~~~~~~~~~^^^^^^^^^
  File "C:\Users\zenam\AppData\Local\Programs\Python\Python313\Lib\site-packages\django\template\base.py", line 1052, in render_annotated
    return self.render(context)
           ~~~~~~~~~~~^^^^^^^^^
  File "C:\Users\zenam\AppData\Local\Programs\Python\Python313\Lib\site-packages\django\template\defaulttags.py", line 249, in render
    nodelist.append(node.render_annotated(context))
                    ~~~~~~~~~~~~~~~~~~~~~^^^^^^^^^
  File "C:\Users\zenam\AppData\Local\Programs\Python\Python313\Lib\site-packages\django\template\base.py", line 1052, in render_annotated
    return self.render(context)
           ~~~~~~~~~~~^^^^^^^^^
  File "C:\Users\zenam\AppData\Local\Programs\Python\Python313\Lib\site-packages\django\template\defaulttags.py", line 333, in render
    return nodelist.render(context)
           ~~~~~~~~~~~~~~~^^^^^^^^^
  File "C:\Users\zenam\AppData\Local\Programs\Python\Python313\Lib\site-packages\django\template\base.py", line 1091, in render
    return SafeString("".join([node.render_annotated(context) for node in self]))
                               ~~~~~~~~~~~~~~~~~~~~~^^^^^^^^^
  File "C:\Users\zenam\AppData\Local\Programs\Python\Python313\Lib\site-packages\django\template\base.py", line 1052, in render_annotated
    return self.render(context)
           ~~~~~~~~~~~^^^^^^^^^
  File "C:\Users\zenam\AppData\Local\Programs\Python\Python313\Lib\site-packages\django\template\defaulttags.py", line 333, in render
    return nodelist.render(context)
           ~~~~~~~~~~~~~~~^^^^^^^^^
  File "C:\Users\zenam\AppData\Local\Programs\Python\Python313\Lib\site-packages\django\template\base.py", line 1091, in render
    return SafeString("".join([node.render_annotated(context) for node in self]))
                               ~~~~~~~~~~~~~~~~~~~~~^^^^^^^^^
  File "C:\Users\zenam\AppData\Local\Programs\Python\Python313\Lib\site-packages\django\template\base.py", line 1052, in render_annotated
    return self.render(context)
           ~~~~~~~~~~~^^^^^^^^^
  File "C:\Users\zenam\AppData\Local\Programs\Python\Python313\Lib\site-packages\django\template\defaulttags.py", line 511, in render
    url = reverse(view_name, args=args, kwargs=kwargs, current_app=current_app)
  File "C:\Users\zenam\AppData\Local\Programs\Python\Python313\Lib\site-packages\django\urls\base.py", line 92, in reverse
    raise NoReverseMatch("%s is not a registered namespace" % key)
django.urls.exceptions.NoReverseMatch: 'djdt' is not a registered namespace
INFO 2026-10-05 14:53:16,121 middleware Request POST /users/login/ by loginuser@example.com in 529.1 ms | groups= | status=302
ERROR 2026-10-05 14:53:16,182 log Internal Server Error: /users/login/
Traceback (most recent call last):
  File "C:\Users\zenam\AppData\Local\Programs\Python\Python313\Lib\site-packages\django\template\base.py", line 964, in _resolve_lookup
    raise TypeError
TypeError

During handling of the above exception, another exception occurred:

Traceback (most recent call last):
  File "C:\Users\zenam\AppData\Local\Programs\Python\Python313\Lib\site-packages\django\urls\base.py", line 81, in reverse
    extra, resolver = resolver.namespace_dict[ns]
                      ~~~~~~~~~~~~~~~~~~~~~~~^^^^
KeyError: 'djdt'

During handling of the above exception, another exception occurred:

Traceback (most recent call last):
  File "C:\Users\zenam\AppData\Local\Programs\Python\Python313\Lib\site-packages\django\core\handlers\exception.py", line 55, in inner
    response = get_response(request)
  File "C:\Users\zenam\AppData\Local\Programs\Python\Python313\Lib\site-packages\debug_toolbar\middleware.py", line 130, in __call__
    return self._postprocess(request, response, toolbar)
           ~~~~~~~~~~~~~~~~~^^^^^^^^^^^^^^^^^^^^^^^^^^^^
  File "C:\Users\zenam\AppData\Local\Programs\Python\Python313\Lib\site-packages\debug_toolbar\middleware.py", line 172, in _postprocess
    rendered = toolbar.render_toolbar()
  File "C:\Users\zenam\AppData\Local\Programs\Python\Python313\Lib\site-packages\debug_toolbar\toolbar.py", line 96, in render_toolbar
    return render_to_string("debug_toolbar/base.html", context)
  File "C:\Users\zenam\AppData\Local\Programs\Python\Python313\Lib\site-packages\django\template\loader.py", line 62, in render_to_string
    return template.render(context, request)
           ~~~~~~~~~~~~~~~^^^^^^^^^^^^^^^^^^
  File "C:\Users\zenam\AppData\Local\Programs\Python\Python313\Lib\site-packages\django\template\backends\django.py", line 107, in render
    return self.template.render(context)
           ~~~~~~~~~~~~~~~~~~~~^^^^^^^^^
  File "C:\Users\zenam\AppData\Local\Programs\Python\Python313\Lib\site-packages\django\template\base.py", line 174, in render
    return self._render(context)
           ~~~~~~~~~~~~^^^^^^^^^
  File "C:\Users\zenam\AppData\Local\Programs\Python\Python313\Lib\site-packages\django\test\utils.py", line 114, in instrumented_test_render
    return self.nodelist.render(context)
           ~~~~~~~~~~~~~~~~~~~~^^^^^^^^^
  File "C:\Users\zenam\AppData\Local\Programs\Python\Python313\Lib\site-packages\django\template\base.py", line 1091, in render
    return SafeString("".join([node.render_annotated(context) for node in self]))
                               ~~~~~~~~~~~~~~~~~~~~~^^^^^^^^^
  File "C:\Users\zenam\AppData\Local\Programs\Python\Python313\Lib\site-packages\django\template\base.py", line 1052, in render_annotated
    return self.render(context)
           ~~~~~~~~~~~^^^^^^^^^
  File "C:\Users\zenam\AppData\Local\Programs\Python\Python313\Lib\site-packages\django\template\defaulttags.py", line 249, in render
    nodelist.append(node.render_annotated(context))
                    ~~~~~~~~~~~~~~~~~~~~~^^^^^^^^^
  File "C:\Users\zenam\AppData\Local\Programs\Python\Python313\Lib\site-packages\django\template\base.py", line 1052, in render_annotated
    return self.render(context)
           ~~~~~~~~~~~^^^^^^^^^
  File "C:\Users\zenam\AppData\Local\Programs\Python\Python313\Lib\site-packages\django\template\loader_tags.py", line 211, in render
    return template.render(context)
           ~~~~~~~~~~~~~~~^^^^^^^^^
  File "C:\Users\zenam\AppData\Local\Programs\Python\Python313\Lib\site-packages\django\template\base.py", line 176, in render
    return self._render(context)
           ~~~~~~~~~~~~^^^^^^^^^
  File "C:\Users\zenam\AppData\Local\Programs\Python\Python313\Lib\site-packages\django\test\utils.py", line 114, in instrumented_test_render
    return self.nodelist.render(context)
           ~~~~~~~~~~~~~~~~~~~~^^^^^^^^^
  File "C:\Users\zenam\AppData\Local\Programs\Python\Python313\Lib\site-packages\django\template\base.py", line 1091, in render
    return SafeString("".join([node.render_annotated(context) for node in self]))
                               ~~~~~~~~~~~~~~~~~~~~~^^^^^^^^^
  File "C:\Users\zenam\AppData\Local\Programs\Python\Python313\Lib\site-packages\django\template\base.py", line 1052, in render_annotated
    return self.render(context)
           ~~~~~~~~~~~^^^^^^^^^
  File "C:\Users\zenam\AppData\Local\Programs\Python\Python313\Lib\site-packages\django\template\defaulttags.py", line 333, in render
    return nodelist.render(context)
           ~~~~~~~~~~~~~~~^^^^^^^^^
  File "C:\Users\zenam\AppData\Local\Programs\Python\Python313\Lib\site-packages\django\template\base.py", line 1091, in render
    return SafeString("".join([node.render_annotated(context) for node in self]))
                               ~~~~~~~~~~~~~~~~~~~~~^^^^^^^^^
  File "C:\Users\zenam\AppData\Local\Programs\Python\Python313\Lib\site-packages\django\template\base.py", line 1052, in render_annotated
    return self.render(context)
           ~~~~~~~~~~~^^^^^^^^^
  File "C:\Users\zenam\AppData\Local\Programs\Python\Python313\Lib\site-packages\django\template\defaulttags.py", line 333, in render
    return nodelist.render(context)
           ~~~~~~~~~~~~~~~^^^^^^^^^
  File "C:\Users\zenam\AppData\Local\Programs\Python\Python313\Lib\site-packages\django\template\base.py", line 1091, in render
    return SafeString("".join([node.render_annotated(context) for node in self]))
                               ~~~~~~~~~~~~~~~~~~~~~^^^^^^^^^
  File "C:\Users\zenam\AppData\Local\Programs\Python\Python313\Lib\site-packages\django\template\base.py", line 1052, in render_annotated
    return self.render(context)
           ~~~~~~~~~~~^^^^^^^^^
  File "C:\Users\zenam\AppData\Local\Programs\Python\Python313\Lib\site-packages\django\template\base.py", line 1150, in render
    output = self.filter_expression.resolve(context)
  File "C:\Users\zenam\AppData\Local\Programs\Python\Python313\Lib\site-packages\django\template\base.py", line 788, in resolve
    obj = self.var.resolve(context)
  File "C:\Users\zenam\AppData\Local\Programs\Python\Python313\Lib\site-packages\django\template\base.py", line 928, in resolve
    value = self._resolve_lookup(context)
  File "C:\Users\zenam\AppData\Local\Programs\Python\Python313\Lib\site-packages\django\template\base.py", line 976, in _resolve_lookup
    current = getattr(current, bit)
  File "C:\Users\zenam\AppData\Local\Programs\Python\Python313\Lib\site-packages\debug_toolbar\panels\__init__.py", line 110, in content
    return render_to_string(self.template, self.get_stats())
  File "C:\Users\zenam\AppData\Local\Programs\Python\Python313\Lib\site-packages\django\template\loader.py", line 62, in render_to_string
    return template.render(context, request)
           ~~~~~~~~~~~~~~~^^^^^^^^^^^^^^^^^^
  File "C:\Users\zenam\AppData\Local\Programs\Python\Python313\Lib\site-packages\django\template\backends\django.py", line 107, in render
    return self.template.render(context)
           ~~~~~~~~~~~~~~~~~~~~^^^^^^^^^
  File "C:\Users\zenam\AppData\Local\Programs\Python\Python313\Lib\site-packages\django\template\base.py", line 174, in render
    return self._render(context)
           ~~~~~~~~~~~~^^^^^^^^^
  File "C:\Users\zenam\AppData\Local\Programs\Python\Python313\Lib\site-packages\django\test\utils.py", line 114, in instrumented_test_render
    return self.nodelist.render(context)
           ~~~~~~~~~~~~~~~~~~~~^^^^^^^^^
  File "C:\Users\zenam\AppData\Local\Programs\Python\Python313\Lib\site-packages\django\template\base.py", line 1091, in render
    return SafeString("".join([node.render_annotated(context) for node in self]))
                               ~~~~~~~~~~~~~~~~~~~~~^^^^^^^^^
  File "C:\Users\zenam\AppData\Local\Programs\Python\Python313\Lib\site-packages\django\template\base.py", line 1052, in render_annotated
    return self.render(context)
           ~~~~~~~~~~~^^^^^^^^^
  File "C:\Users\zenam\AppData\Local\Programs\Python\Python313\Lib\site-packages\django\template\defaulttags.py", line 333, in render
    return nodelist.render(context)
           ~~~~~~~~~~~~~~~^^^^^^^^^
  File "C:\Users\zenam\AppData\Local\Programs\Python\Python313\Lib\site-packages\django\template\base.py", line 1091, in render
    return SafeString("".join([node.render_annotated(context) for node in self]))
                               ~~~~~~~~~~~~~~~~~~~~~^^^^^^^^^
  File "C:\Users\zenam\AppData\Local\Programs\Python\Python313\Lib\site-packages\django\template\base.py", line 1052, in render_annotated
    return self.render(context)
           ~~~~~~~~~~~^^^^^^^^^
  File "C:\Users\zenam\AppData\Local\Programs\Python\Python313\Lib\site-packages\django\template\defaulttags.py", line 249, in render
    nodelist.append(node.render_annotated(context))
                    ~~~~~~~~~~~~~~~~~~~~~^^^^^^^^^
  File "C:\Users\zenam\AppData\Local\Programs\Python\Python313\Lib\site-packages\django\template\base.py", line 1052, in render_annotated
    return self.render(context)
           ~~~~~~~~~~~^^^^^^^^^
  File "C:\Users\zenam\AppData\Local\Programs\Python\Python313\Lib\site-packages\django\template\defaulttags.py", line 333, in render
    return nodelist.render(context)
           ~~~~~~~~~~~~~~~^^^^^^^^^
  File "C:\Users\zenam\AppData\Local\Programs\Python\Python313\Lib\site-packages\django\template\base.py", line 1091, in render
    return SafeString("".join([node.render_annotated(context) for node in self]))
                               ~~~~~~~~~~~~~~~~~~~~~^^^^^^^^^
  File "C:\Users\zenam\AppData\Local\Programs\Python\Python313\Lib\site-packages\django\template\base.py", line 1052, in render_annotated
    return self.render(context)
           ~~~~~~~~~~~^^^^^^^^^
  File "C:\Users\zenam\AppData\Local\Programs\Python\Python313\Lib\site-packages\django\template\defaulttags.py", line 333, in render
    return nodelist.render(context)
           ~~~~~~~~~~~~~~~^^^^^^^^^
  File "C:\Users\zenam\AppData\Local\Programs\Python\Python313\Lib\site-packages\django\template\base.py", line 1091, in render
    return SafeString("".join([node.render_annotated(context) for node in self]))
                               ~~~~~~~~~~~~~~~~~~~~~^^^^^^^^^
  File "C:\Users\zenam\AppData\Local\Programs\Python\Python313\Lib\site-packages\django\template\base.py", line 1052, in render_annotated
    return self.render(context)
           ~~~~~~~~~~~^^^^^^^^^
  File "C:\Users\zenam\AppData\Local\Programs\Python\Python313\Lib\site-packages\django\template\defaulttags.py", line 511, in render
    url = reverse(view_name, args=args, kwargs=kwargs, current_app=current_app)
  File "C:\Users\zenam\AppData\Local\Programs\Python\Python313\Lib\site-packages\django\urls\base.py", line 92, in reverse
    raise NoReverseMatch("%s is not a registered namespace" % key)
django.urls.exceptions.NoReverseMatch: 'djdt' is not a registered namespace
INFO 2026-10-05 14:53:17,345 middleware Request POST /users/logout/ by Anonymous in 12.54 ms | groups=Anonymous | status=302
ERROR 2026-10-05 14:53:17,381 log Internal Server Error: /users/logout/
Traceback (most recent call last):
  File "C:\Users\zenam\AppData\Local\Programs\Python\Python313\Lib\site-packages\django\template\base.py", line 964, in _resolve_lookup
    raise TypeError
TypeError

During handling of the above exception, another exception occurred:

Traceback (most recent call last):
  File "C:\Users\zenam\AppData\Local\Programs\Python\Python313\Lib\site-packages\django\urls\base.py", line 81, in reverse
    extra, resolver = resolver.namespace_dict[ns]
                      ~~~~~~~~~~~~~~~~~~~~~~~^^^^
KeyError: 'djdt'

During handling of the above exception, another exception occurred:

Traceback (most recent call last):
  File "C:\Users\zenam\AppData\Local\Programs\Python\Python313\Lib\site-packages\django\core\handlers\exception.py", line 55, in inner
    response = get_response(request)
  File "C:\Users\zenam\AppData\Local\Programs\Python\Python313\Lib\site-packages\debug_toolbar\middleware.py", line 130, in __call__
    return self._postprocess(request, response, toolbar)
           ~~~~~~~~~~~~~~~~~^^^^^^^^^^^^^^^^^^^^^^^^^^^^
  File "C:\Users\zenam\AppData\Local\Programs\Python\Python313\Lib\site-packages\debug_toolbar\middleware.py", line 172, in _postprocess
    rendered = toolbar.render_toolbar()
  File "C:\Users\zenam\AppData\Local\Programs\Python\Python313\Lib\site-packages\debug_toolbar\toolbar.py", line 96, in render_toolbar
    return render_to_string("debug_toolbar/base.html", context)
  File "C:\Users\zenam\AppData\Local\Programs\Python\Python313\Lib\site-packages\django\template\loader.py", line 62, in render_to_string
    return template.render(context, request)
           ~~~~~~~~~~~~~~~^^^^^^^^^^^^^^^^^^
  File "C:\Users\zenam\AppData\Local\Programs\Python\Python313\Lib\site-packages\django\template\backends\django.py", line 107, in render
    return self.template.render(context)
           ~~~~~~~~~~~~~~~~~~~~^^^^^^^^^
  File "C:\Users\zenam\AppData\Local\Programs\Python\Python313\Lib\site-packages\django\template\base.py", line 174, in render
    return self._render(context)
           ~~~~~~~~~~~~^^^^^^^^^
  File "C:\Users\zenam\AppData\Local\Programs\Python\Python313\Lib\site-packages\django\test\utils.py", line 114, in instrumented_test_render
    return self.nodelist.render(context)
           ~~~~~~~~~~~~~~~~~~~~^^^^^^^^^
  File "C:\Users\zenam\AppData\Local\Programs\Python\Python313\Lib\site-packages\django\template\base.py", line 1091, in render
    return SafeString("".join([node.render_annotated(context) for node in self]))
                               ~~~~~~~~~~~~~~~~~~~~~^^^^^^^^^
  File "C:\Users\zenam\AppData\Local\Programs\Python\Python313\Lib\site-packages\django\template\base.py", line 1052, in render_annotated
    return self.render(context)
           ~~~~~~~~~~~^^^^^^^^^
  File "C:\Users\zenam\AppData\Local\Programs\Python\Python313\Lib\site-packages\django\template\defaulttags.py", line 249, in render
    nodelist.append(node.render_annotated(context))
                    ~~~~~~~~~~~~~~~~~~~~~^^^^^^^^^
  File "C:\Users\zenam\AppData\Local\Programs\Python\Python313\Lib\site-packages\django\template\base.py", line 1052, in render_annotated
    return self.render(context)
           ~~~~~~~~~~~^^^^^^^^^
  File "C:\Users\zenam\AppData\Local\Programs\Python\Python313\Lib\site-packages\django\template\loader_tags.py", line 211, in render
    return template.render(context)
           ~~~~~~~~~~~~~~~^^^^^^^^^
  File "C:\Users\zenam\AppData\Local\Programs\Python\Python313\Lib\site-packages\django\template\base.py", line 176, in render
    return self._render(context)
           ~~~~~~~~~~~~^^^^^^^^^
  File "C:\Users\zenam\AppData\Local\Programs\Python\Python313\Lib\site-packages\django\test\utils.py", line 114, in instrumented_test_render
    return self.nodelist.render(context)
           ~~~~~~~~~~~~~~~~~~~~^^^^^^^^^
  File "C:\Users\zenam\AppData\Local\Programs\Python\Python313\Lib\site-packages\django\template\base.py", line 1091, in render
    return SafeString("".join([node.render_annotated(context) for node in self]))
                               ~~~~~~~~~~~~~~~~~~~~~^^^^^^^^^
  File "C:\Users\zenam\AppData\Local\Programs\Python\Python313\Lib\site-packages\django\template\base.py", line 1052, in render_annotated
    return self.render(context)
           ~~~~~~~~~~~^^^^^^^^^
  File "C:\Users\zenam\AppData\Local\Programs\Python\Python313\Lib\site-packages\django\template\defaulttags.py", line 333, in render
    return nodelist.render(context)
           ~~~~~~~~~~~~~~~^^^^^^^^^
  File "C:\Users\zenam\AppData\Local\Programs\Python\Python313\Lib\site-packages\django\template\base.py", line 1091, in render
    return SafeString("".join([node.render_annotated(context) for node in self]))
                               ~~~~~~~~~~~~~~~~~~~~~^^^^^^^^^
  File "C:\Users\zenam\AppData\Local\Programs\Python\Python313\Lib\site-packages\django\template\base.py", line 1052, in render_annotated
    return self.render(context)
           ~~~~~~~~~~~^^^^^^^^^
  File "C:\Users\zenam\AppData\Local\Programs\Python\Python313\Lib\site-packages\django\template\defaulttags.py", line 333, in render
    return nodelist.render(context)
           ~~~~~~~~~~~~~~~^^^^^^^^^
  File "C:\Users\zenam\AppData\Local\Programs\Python\Python313\Lib\site-packages\django\template\base.py", line 1091, in render
    return SafeString("".join([node.render_annotated(context) for node in self]))
                               ~~~~~~~~~~~~~~~~~~~~~^^^^^^^^^
  File "C:\Users\zenam\AppData\Local\Programs\Python\Python313\Lib\site-packages\django\template\base.py", line 1052, in render_annotated
    return self.render(context)
           ~~~~~~~~~~~^^^^^^^^^
  File "C:\Users\zenam\AppData\Local\Programs\Python\Python313\Lib\site-packages\django\template\base.py", line 1150, in render
    output = self.filter_expression.resolve(context)
  File "C:\Users\zenam\AppData\Local\Programs\Python\Python313\Lib\site-packages\django\template\base.py", line 788, in resolve
    obj = self.var.resolve(context)
  File "C:\Users\zenam\AppData\Local\Programs\Python\Python313\Lib\site-packages\django\template\base.py", line 928, in resolve
    value = self._resolve_lookup(context)
  File "C:\Users\zenam\AppData\Local\Programs\Python\Python313\Lib\site-packages\django\template\base.py", line 976, in _resolve_lookup
    current = getattr(current, bit)
  File "C:\Users\zenam\AppData\Local\Programs\Python\Python313\Lib\site-packages\debug_toolbar\panels\__init__.py", line 110, in content
    return render_to_string(self.template, self.get_stats())
  File "C:\Users\zenam\AppData\Local\Programs\Python\Python313\Lib\site-packages\django\template\loader.py", line 62, in render_to_string
    return template.render(context, request)
           ~~~~~~~~~~~~~~~^^^^^^^^^^^^^^^^^^
  File "C:\Users\zenam\AppData\Local\Programs\Python\Python313\Lib\site-packages\django\template\backends\django.py", line 107, in render
    return self.template.render(context)
           ~~~~~~~~~~~~~~~~~~~~^^^^^^^^^
  File "C:\Users\zenam\AppData\Local\Programs\Python\Python313\Lib\site-packages\django\template\base.py", line 174, in render
    return self._render(context)
           ~~~~~~~~~~~~^^^^^^^^^
  File "C:\Users\zenam\AppData\Local\Programs\Python\Python313\Lib\site-packages\django\test\utils.py", line 114, in instrumented_test_render
    return self.nodelist.render(context)
           ~~~~~~~~~~~~~~~~~~~~^^^^^^^^^
  File "C:\Users\zenam\AppData\Local\Programs\Python\Python313\Lib\site-packages\django\template\base.py", line 1091, in render
    return SafeString("".join([node.render_annotated(context) for node in self]))
                               ~~~~~~~~~~~~~~~~~~~~~^^^^^^^^^
  File "C:\Users\zenam\AppData\Local\Programs\Python\Python313\Lib\site-packages\django\template\base.py", line 1052, in render_annotated
    return self.render(context)
           ~~~~~~~~~~~^^^^^^^^^
  File "C:\Users\zenam\AppData\Local\Programs\Python\Python313\Lib\site-packages\django\template\defaulttags.py", line 333, in render
    return nodelist.render(context)
           ~~~~~~~~~~~~~~~^^^^^^^^^
  File "C:\Users\zenam\AppData\Local\Programs\Python\Python313\Lib\site-packages\django\template\base.py", line 1091, in render
    return SafeString("".join([node.render_annotated(context) for node in self]))
                               ~~~~~~~~~~~~~~~~~~~~~^^^^^^^^^
  File "C:\Users\zenam\AppData\Local\Programs\Python\Python313\Lib\site-packages\django\template\base.py", line 1052, in render_annotated
    return self.render(context)
           ~~~~~~~~~~~^^^^^^^^^
  File "C:\Users\zenam\AppData\Local\Programs\Python\Python313\Lib\site-packages\django\template\defaulttags.py", line 249, in render
    nodelist.append(node.render_annotated(context))
                    ~~~~~~~~~~~~~~~~~~~~~^^^^^^^^^
  File "C:\Users\zenam\AppData\Local\Programs\Python\Python313\Lib\site-packages\django\template\base.py", line 1052, in render_annotated
    return self.render(context)
           ~~~~~~~~~~~^^^^^^^^^
  File "C:\Users\zenam\AppData\Local\Programs\Python\Python313\Lib\site-packages\django\template\defaulttags.py", line 333, in render
    return nodelist.render(context)
           ~~~~~~~~~~~~~~~^^^^^^^^^
  File "C:\Users\zenam\AppData\Local\Programs\Python\Python313\Lib\site-packages\django\template\base.py", line 1091, in render
    return SafeString("".join([node.render_annotated(context) for node in self]))
                               ~~~~~~~~~~~~~~~~~~~~~^^^^^^^^^
  File "C:\Users\zenam\AppData\Local\Programs\Python\Python313\Lib\site-packages\django\template\base.py", line 1052, in render_annotated
    return self.render(context)
           ~~~~~~~~~~~^^^^^^^^^
  File "C:\Users\zenam\AppData\Local\Programs\Python\Python313\Lib\site-packages\django\template\defaulttags.py", line 333, in render
    return nodelist.render(context)
           ~~~~~~~~~~~~~~~^^^^^^^^^
  File "C:\Users\zenam\AppData\Local\Programs\Python\Python313\Lib\site-packages\django\template\base.py", line 1091, in render
    return SafeString("".join([node.render_annotated(context) for node in self]))
                               ~~~~~~~~~~~~~~~~~~~~~^^^^^^^^^
  File "C:\Users\zenam\AppData\Local\Programs\Python\Python313\Lib\site-packages\django\template\base.py", line 1052, in render_annotated
    return self.render(context)
           ~~~~~~~~~~~^^^^^^^^^
  File "C:\Users\zenam\AppData\Local\Programs\Python\Python313\Lib\site-packages\django\template\defaulttags.py", line 511, in render
    url = reverse(view_name, args=args, kwargs=kwargs, current_app=current_app)
  File "C:\Users\zenam\AppData\Local\Programs\Python\Python313\Lib\site-packages\django\urls\base.py", line 92, in reverse
    raise NoReverseMatch("%s is not a registered namespace" % key)
django.urls.exceptions.NoReverseMatch: 'djdt' is not a registered namespace
INFO 2026-10-05 14:53:17,968 middleware Request GET /users/profile/ by Anonymous in 0.78 ms | groups=Anonymous | status=302
INFO 2026-10-05 14:53:18,539 middleware Request GET /users/profile/ by user2@example.com in 44.89 ms | groups= | status=200
ERROR 2026-10-05 14:53:18,591 log Internal Server Error: /users/profile/
Traceback (most recent call last):
  File "C:\Users\zenam\AppData\Local\Programs\Python\Python313\Lib\site-packages\django\template\base.py", line 964, in _resolve_lookup
    raise TypeError
TypeError

During handling of the above exception, another exception occurred:

Traceback (most recent call last):
  File "C:\Users\zenam\AppData\Local\Programs\Python\Python313\Lib\site-packages\django\urls\base.py", line 81, in reverse
    extra, resolver = resolver.namespace_dict[ns]
                      ~~~~~~~~~~~~~~~~~~~~~~~^^^^
KeyError: 'djdt'

During handling of the above exception, another exception occurred:

Traceback (most recent call last):
  File "C:\Users\zenam\AppData\Local\Programs\Python\Python313\Lib\site-packages\django\core\handlers\exception.py", line 55, in inner
    response = get_response(request)
  File "C:\Users\zenam\AppData\Local\Programs\Python\Python313\Lib\site-packages\debug_toolbar\middleware.py", line 130, in __call__
    return self._postprocess(request, response, toolbar)
           ~~~~~~~~~~~~~~~~~^^^^^^^^^^^^^^^^^^^^^^^^^^^^
  File "C:\Users\zenam\AppData\Local\Programs\Python\Python313\Lib\site-packages\debug_toolbar\middleware.py", line 172, in _postprocess
    rendered = toolbar.render_toolbar()
  File "C:\Users\zenam\AppData\Local\Programs\Python\Python313\Lib\site-packages\debug_toolbar\toolbar.py", line 96, in render_toolbar
    return render_to_string("debug_toolbar/base.html", context)
  File "C:\Users\zenam\AppData\Local\Programs\Python\Python313\Lib\site-packages\django\template\loader.py", line 62, in render_to_string
    return template.render(context, request)
           ~~~~~~~~~~~~~~~^^^^^^^^^^^^^^^^^^
  File "C:\Users\zenam\AppData\Local\Programs\Python\Python313\Lib\site-packages\django\template\backends\django.py", line 107, in render
    return self.template.render(context)
           ~~~~~~~~~~~~~~~~~~~~^^^^^^^^^
  File "C:\Users\zenam\AppData\Local\Programs\Python\Python313\Lib\site-packages\django\template\base.py", line 174, in render
    return self._render(context)
           ~~~~~~~~~~~~^^^^^^^^^
  File "C:\Users\zenam\AppData\Local\Programs\Python\Python313\Lib\site-packages\django\test\utils.py", line 114, in instrumented_test_render
    return self.nodelist.render(context)
           ~~~~~~~~~~~~~~~~~~~~^^^^^^^^^
  File "C:\Users\zenam\AppData\Local\Programs\Python\Python313\Lib\site-packages\django\template\base.py", line 1091, in render
    return SafeString("".join([node.render_annotated(context) for node in self]))
                               ~~~~~~~~~~~~~~~~~~~~~^^^^^^^^^
  File "C:\Users\zenam\AppData\Local\Programs\Python\Python313\Lib\site-packages\django\template\base.py", line 1052, in render_annotated
    return self.render(context)
           ~~~~~~~~~~~^^^^^^^^^
  File "C:\Users\zenam\AppData\Local\Programs\Python\Python313\Lib\site-packages\django\template\defaulttags.py", line 249, in render
    nodelist.append(node.render_annotated(context))
                    ~~~~~~~~~~~~~~~~~~~~~^^^^^^^^^
  File "C:\Users\zenam\AppData\Local\Programs\Python\Python313\Lib\site-packages\django\template\base.py", line 1052, in render_annotated
    return self.render(context)
           ~~~~~~~~~~~^^^^^^^^^
  File "C:\Users\zenam\AppData\Local\Programs\Python\Python313\Lib\site-packages\django\template\loader_tags.py", line 211, in render
    return template.render(context)
           ~~~~~~~~~~~~~~~^^^^^^^^^
  File "C:\Users\zenam\AppData\Local\Programs\Python\Python313\Lib\site-packages\django\template\base.py", line 176, in render
    return self._render(context)
           ~~~~~~~~~~~~^^^^^^^^^
  File "C:\Users\zenam\AppData\Local\Programs\Python\Python313\Lib\site-packages\django\test\utils.py", line 114, in instrumented_test_render
    return self.nodelist.render(context)
           ~~~~~~~~~~~~~~~~~~~~^^^^^^^^^
  File "C:\Users\zenam\AppData\Local\Programs\Python\Python313\Lib\site-packages\django\template\base.py", line 1091, in render
    return SafeString("".join([node.render_annotated(context) for node in self]))
                               ~~~~~~~~~~~~~~~~~~~~~^^^^^^^^^
  File "C:\Users\zenam\AppData\Local\Programs\Python\Python313\Lib\site-packages\django\template\base.py", line 1052, in render_annotated
    return self.render(context)
           ~~~~~~~~~~~^^^^^^^^^
  File "C:\Users\zenam\AppData\Local\Programs\Python\Python313\Lib\site-packages\django\template\defaulttags.py", line 333, in render
    return nodelist.render(context)
           ~~~~~~~~~~~~~~~^^^^^^^^^
  File "C:\Users\zenam\AppData\Local\Programs\Python\Python313\Lib\site-packages\django\template\base.py", line 1091, in render
    return SafeString("".join([node.render_annotated(context) for node in self]))
                               ~~~~~~~~~~~~~~~~~~~~~^^^^^^^^^
  File "C:\Users\zenam\AppData\Local\Programs\Python\Python313\Lib\site-packages\django\template\base.py", line 1052, in render_annotated
    return self.render(context)
           ~~~~~~~~~~~^^^^^^^^^
  File "C:\Users\zenam\AppData\Local\Programs\Python\Python313\Lib\site-packages\django\template\defaulttags.py", line 333, in render
    return nodelist.render(context)
           ~~~~~~~~~~~~~~~^^^^^^^^^
  File "C:\Users\zenam\AppData\Local\Programs\Python\Python313\Lib\site-packages\django\template\base.py", line 1091, in render
    return SafeString("".join([node.render_annotated(context) for node in self]))
                               ~~~~~~~~~~~~~~~~~~~~~^^^^^^^^^
  File "C:\Users\zenam\AppData\Local\Programs\Python\Python313\Lib\site-packages\django\template\base.py", line 1052, in render_annotated
    return self.render(context)
           ~~~~~~~~~~~^^^^^^^^^
  File "C:\Users\zenam\AppData\Local\Programs\Python\Python313\Lib\site-packages\django\template\base.py", line 1150, in render
    output = self.filter_expression.resolve(context)
  File "C:\Users\zenam\AppData\Local\Programs\Python\Python313\Lib\site-packages\django\template\base.py", line 788, in resolve
    obj = self.var.resolve(context)
  File "C:\Users\zenam\AppData\Local\Programs\Python\Python313\Lib\site-packages\django\template\base.py", line 928, in resolve
    value = self._resolve_lookup(context)
  File "C:\Users\zenam\AppData\Local\Programs\Python\Python313\Lib\site-packages\django\template\base.py", line 976, in _resolve_lookup
    current = getattr(current, bit)
  File "C:\Users\zenam\AppData\Local\Programs\Python\Python313\Lib\site-packages\debug_toolbar\panels\__init__.py", line 110, in content
    return render_to_string(self.template, self.get_stats())
  File "C:\Users\zenam\AppData\Local\Programs\Python\Python313\Lib\site-packages\django\template\loader.py", line 62, in render_to_string
    return template.render(context, request)
           ~~~~~~~~~~~~~~~^^^^^^^^^^^^^^^^^^
  File "C:\Users\zenam\AppData\Local\Programs\Python\Python313\Lib\site-packages\django\template\backends\django.py", line 107, in render
    return self.template.render(context)
           ~~~~~~~~~~~~~~~~~~~~^^^^^^^^^
  File "C:\Users\zenam\AppData\Local\Programs\Python\Python313\Lib\site-packages\django\template\base.py", line 174, in render
    return self._render(context)
           ~~~~~~~~~~~~^^^^^^^^^
  File "C:\Users\zenam\AppData\Local\Programs\Python\Python313\Lib\site-packages\django\test\utils.py", line 114, in instrumented_test_render
    return self.nodelist.render(context)
           ~~~~~~~~~~~~~~~~~~~~^^^^^^^^^
  File "C:\Users\zenam\AppData\Local\Programs\Python\Python313\Lib\site-packages\django\template\base.py", line 1091, in render
    return SafeString("".join([node.render_annotated(context) for node in self]))
                               ~~~~~~~~~~~~~~~~~~~~~^^^^^^^^^
  File "C:\Users\zenam\AppData\Local\Programs\Python\Python313\Lib\site-packages\django\template\base.py", line 1052, in render_annotated
    return self.render(context)
           ~~~~~~~~~~~^^^^^^^^^
  File "C:\Users\zenam\AppData\Local\Programs\Python\Python313\Lib\site-packages\django\template\defaulttags.py", line 333, in render
    return nodelist.render(context)
           ~~~~~~~~~~~~~~~^^^^^^^^^
  File "C:\Users\zenam\AppData\Local\Programs\Python\Python313\Lib\site-packages\django\template\base.py", line 1091, in render
    return SafeString("".join([node.render_annotated(context) for node in self]))
                               ~~~~~~~~~~~~~~~~~~~~~^^^^^^^^^
  File "C:\Users\zenam\AppData\Local\Programs\Python\Python313\Lib\site-packages\django\template\base.py", line 1052, in render_annotated
    return self.render(context)
           ~~~~~~~~~~~^^^^^^^^^
  File "C:\Users\zenam\AppData\Local\Programs\Python\Python313\Lib\site-packages\django\template\defaulttags.py", line 249, in render
    nodelist.append(node.render_annotated(context))
                    ~~~~~~~~~~~~~~~~~~~~~^^^^^^^^^
  File "C:\Users\zenam\AppData\Local\Programs\Python\Python313\Lib\site-packages\django\template\base.py", line 1052, in render_annotated
    return self.render(context)
           ~~~~~~~~~~~^^^^^^^^^
  File "C:\Users\zenam\AppData\Local\Programs\Python\Python313\Lib\site-packages\django\template\defaulttags.py", line 333, in render
    return nodelist.render(context)
           ~~~~~~~~~~~~~~~^^^^^^^^^
  File "C:\Users\zenam\AppData\Local\Programs\Python\Python313\Lib\site-packages\django\template\base.py", line 1091, in render
    return SafeString("".join([node.render_annotated(context) for node in self]))
                               ~~~~~~~~~~~~~~~~~~~~~^^^^^^^^^
  File "C:\Users\zenam\AppData\Local\Programs\Python\Python313\Lib\site-packages\django\template\base.py", line 1052, in render_annotated
    return self.render(context)
           ~~~~~~~~~~~^^^^^^^^^
  File "C:\Users\zenam\AppData\Local\Programs\Python\Python313\Lib\site-packages\django\template\defaulttags.py", line 333, in render
    return nodelist.render(context)
           ~~~~~~~~~~~~~~~^^^^^^^^^
  File "C:\Users\zenam\AppData\Local\Programs\Python\Python313\Lib\site-packages\django\template\base.py", line 1091, in render
    return SafeString("".join([node.render_annotated(context) for node in self]))
                               ~~~~~~~~~~~~~~~~~~~~~^^^^^^^^^
  File "C:\Users\zenam\AppData\Local\Programs\Python\Python313\Lib\site-packages\django\template\base.py", line 1052, in render_annotated
    return self.render(context)
           ~~~~~~~~~~~^^^^^^^^^
  File "C:\Users\zenam\AppData\Local\Programs\Python\Python313\Lib\site-packages\django\template\defaulttags.py", line 511, in render
    url = reverse(view_name, args=args, kwargs=kwargs, current_app=current_app)
  File "C:\Users\zenam\AppData\Local\Programs\Python\Python313\Lib\site-packages\django\urls\base.py", line 92, in reverse
    raise NoReverseMatch("%s is not a registered namespace" % key)
django.urls.exceptions.NoReverseMatch: 'djdt' is not a registered namespace
INFO 2026-10-05 14:53:19,185 middleware Request GET / by Anonymous in 8.32 ms | groups=Anonymous | status=200
ERROR 2026-10-05 14:53:19,212 log Internal Server Error: /
Traceback (most recent call last):
  File "C:\Users\zenam\AppData\Local\Programs\Python\Python313\Lib\site-packages\django\template\base.py", line 964, in _resolve_lookup
    raise TypeError
TypeError

During handling of the above exception, another exception occurred:

Traceback (most recent call last):
  File "C:\Users\zenam\AppData\Local\Programs\Python\Python313\Lib\site-packages\django\urls\base.py", line 81, in reverse
    extra, resolver = resolver.namespace_dict[ns]
                      ~~~~~~~~~~~~~~~~~~~~~~~^^^^
KeyError: 'djdt'

During handling of the above exception, another exception occurred:

Traceback (most recent call last):
  File "C:\Users\zenam\AppData\Local\Programs\Python\Python313\Lib\site-packages\django\core\handlers\exception.py", line 55, in inner
    response = get_response(request)
  File "C:\Users\zenam\AppData\Local\Programs\Python\Python313\Lib\site-packages\debug_toolbar\middleware.py", line 130, in __call__
    return self._postprocess(request, response, toolbar)
           ~~~~~~~~~~~~~~~~~^^^^^^^^^^^^^^^^^^^^^^^^^^^^
  File "C:\Users\zenam\AppData\Local\Programs\Python\Python313\Lib\site-packages\debug_toolbar\middleware.py", line 172, in _postprocess
    rendered = toolbar.render_toolbar()
  File "C:\Users\zenam\AppData\Local\Programs\Python\Python313\Lib\site-packages\debug_toolbar\toolbar.py", line 96, in render_toolbar
    return render_to_string("debug_toolbar/base.html", context)
  File "C:\Users\zenam\AppData\Local\Programs\Python\Python313\Lib\site-packages\django\template\loader.py", line 62, in render_to_string
    return template.render(context, request)
           ~~~~~~~~~~~~~~~^^^^^^^^^^^^^^^^^^
  File "C:\Users\zenam\AppData\Local\Programs\Python\Python313\Lib\site-packages\django\template\backends\django.py", line 107, in render
    return self.template.render(context)
           ~~~~~~~~~~~~~~~~~~~~^^^^^^^^^
  File "C:\Users\zenam\AppData\Local\Programs\Python\Python313\Lib\site-packages\django\template\base.py", line 174, in render
    return self._render(context)
           ~~~~~~~~~~~~^^^^^^^^^
  File "C:\Users\zenam\AppData\Local\Programs\Python\Python313\Lib\site-packages\django\test\utils.py", line 114, in instrumented_test_render
    return self.nodelist.render(context)
           ~~~~~~~~~~~~~~~~~~~~^^^^^^^^^
  File "C:\Users\zenam\AppData\Local\Programs\Python\Python313\Lib\site-packages\django\template\base.py", line 1091, in render
    return SafeString("".join([node.render_annotated(context) for node in self]))
                               ~~~~~~~~~~~~~~~~~~~~~^^^^^^^^^
  File "C:\Users\zenam\AppData\Local\Programs\Python\Python313\Lib\site-packages\django\template\base.py", line 1052, in render_annotated
    return self.render(context)
           ~~~~~~~~~~~^^^^^^^^^
  File "C:\Users\zenam\AppData\Local\Programs\Python\Python313\Lib\site-packages\django\template\defaulttags.py", line 249, in render
    nodelist.append(node.render_annotated(context))
                    ~~~~~~~~~~~~~~~~~~~~~^^^^^^^^^
  File "C:\Users\zenam\AppData\Local\Programs\Python\Python313\Lib\site-packages\django\template\base.py", line 1052, in render_annotated
    return self.render(context)
           ~~~~~~~~~~~^^^^^^^^^
  File "C:\Users\zenam\AppData\Local\Programs\Python\Python313\Lib\site-packages\django\template\loader_tags.py", line 211, in render
    return template.render(context)
           ~~~~~~~~~~~~~~~^^^^^^^^^
  File "C:\Users\zenam\AppData\Local\Programs\Python\Python313\Lib\site-packages\django\template\base.py", line 176, in render
    return self._render(context)
           ~~~~~~~~~~~~^^^^^^^^^
  File "C:\Users\zenam\AppData\Local\Programs\Python\Python313\Lib\site-packages\django\test\utils.py", line 114, in instrumented_test_render
    return self.nodelist.render(context)
           ~~~~~~~~~~~~~~~~~~~~^^^^^^^^^
  File "C:\Users\zenam\AppData\Local\Programs\Python\Python313\Lib\site-packages\django\template\base.py", line 1091, in render
    return SafeString("".join([node.render_annotated(context) for node in self]))
                               ~~~~~~~~~~~~~~~~~~~~~^^^^^^^^^
  File "C:\Users\zenam\AppData\Local\Programs\Python\Python313\Lib\site-packages\django\template\base.py", line 1052, in render_annotated
    return self.render(context)
           ~~~~~~~~~~~^^^^^^^^^
  File "C:\Users\zenam\AppData\Local\Programs\Python\Python313\Lib\site-packages\django\template\defaulttags.py", line 333, in render
    return nodelist.render(context)
           ~~~~~~~~~~~~~~~^^^^^^^^^
  File "C:\Users\zenam\AppData\Local\Programs\Python\Python313\Lib\site-packages\django\template\base.py", line 1091, in render
    return SafeString("".join([node.render_annotated(context) for node in self]))
                               ~~~~~~~~~~~~~~~~~~~~~^^^^^^^^^
  File "C:\Users\zenam\AppData\Local\Programs\Python\Python313\Lib\site-packages\django\template\base.py", line 1052, in render_annotated
    return self.render(context)
           ~~~~~~~~~~~^^^^^^^^^
  File "C:\Users\zenam\AppData\Local\Programs\Python\Python313\Lib\site-packages\django\template\defaulttags.py", line 333, in render
    return nodelist.render(context)
           ~~~~~~~~~~~~~~~^^^^^^^^^
  File "C:\Users\zenam\AppData\Local\Programs\Python\Python313\Lib\site-packages\django\template\base.py", line 1091, in render
    return SafeString("".join([node.render_annotated(context) for node in self]))
                               ~~~~~~~~~~~~~~~~~~~~~^^^^^^^^^
  File "C:\Users\zenam\AppData\Local\Programs\Python\Python313\Lib\site-packages\django\template\base.py", line 1052, in render_annotated
    return self.render(context)
           ~~~~~~~~~~~^^^^^^^^^
  File "C:\Users\zenam\AppData\Local\Programs\Python\Python313\Lib\site-packages\django\template\base.py", line 1150, in render
    output = self.filter_expression.resolve(context)
  File "C:\Users\zenam\AppData\Local\Programs\Python\Python313\Lib\site-packages\django\template\base.py", line 788, in resolve
    obj = self.var.resolve(context)
  File "C:\Users\zenam\AppData\Local\Programs\Python\Python313\Lib\site-packages\django\template\base.py", line 928, in resolve
    value = self._resolve_lookup(context)
  File "C:\Users\zenam\AppData\Local\Programs\Python\Python313\Lib\site-packages\django\template\base.py", line 976, in _resolve_lookup
    current = getattr(current, bit)
  File "C:\Users\zenam\AppData\Local\Programs\Python\Python313\Lib\site-packages\debug_toolbar\panels\__init__.py", line 110, in content
    return render_to_string(self.template, self.get_stats())
  File "C:\Users\zenam\AppData\Local\Programs\Python\Python313\Lib\site-packages\django\template\loader.py", line 62, in render_to_string
    return template.render(context, request)
           ~~~~~~~~~~~~~~~^^^^^^^^^^^^^^^^^^
  File "C:\Users\zenam\AppData\Local\Programs\Python\Python313\Lib\site-packages\django\template\backends\django.py", line 107, in render
    return self.template.render(context)
           ~~~~~~~~~~~~~~~~~~~~^^^^^^^^^
  File "C:\Users\zenam\AppData\Local\Programs\Python\Python313\Lib\site-packages\django\template\base.py", line 174, in render
    return self._render(context)
           ~~~~~~~~~~~~^^^^^^^^^
  File "C:\Users\zenam\AppData\Local\Programs\Python\Python313\Lib\site-packages\django\test\utils.py", line 114, in instrumented_test_render
    return self.nodelist.render(context)
           ~~~~~~~~~~~~~~~~~~~~^^^^^^^^^
  File "C:\Users\zenam\AppData\Local\Programs\Python\Python313\Lib\site-packages\django\template\base.py", line 1091, in render
    return SafeString("".join([node.render_annotated(context) for node in self]))
                               ~~~~~~~~~~~~~~~~~~~~~^^^^^^^^^
  File "C:\Users\zenam\AppData\Local\Programs\Python\Python313\Lib\site-packages\django\template\base.py", line 1052, in render_annotated
    return self.render(context)
           ~~~~~~~~~~~^^^^^^^^^
  File "C:\Users\zenam\AppData\Local\Programs\Python\Python313\Lib\site-packages\django\template\defaulttags.py", line 333, in render
    return nodelist.render(context)
           ~~~~~~~~~~~~~~~^^^^^^^^^
  File "C:\Users\zenam\AppData\Local\Programs\Python\Python313\Lib\site-packages\django\template\base.py", line 1091, in render
    return SafeString("".join([node.render_annotated(context) for node in self]))
                               ~~~~~~~~~~~~~~~~~~~~~^^^^^^^^^
  File "C:\Users\zenam\AppData\Local\Programs\Python\Python313\Lib\site-packages\django\template\base.py", line 1052, in render_annotated
    return self.render(context)
           ~~~~~~~~~~~^^^^^^^^^
  File "C:\Users\zenam\AppData\Local\Programs\Python\Python313\Lib\site-packages\django\template\defaulttags.py", line 249, in render
    nodelist.append(node.render_annotated(context))
                    ~~~~~~~~~~~~~~~~~~~~~^^^^^^^^^
  File "C:\Users\zenam\AppData\Local\Programs\Python\Python313\Lib\site-packages\django\template\base.py", line 1052, in render_annotated
    return self.render(context)
           ~~~~~~~~~~~^^^^^^^^^
  File "C:\Users\zenam\AppData\Local\Programs\Python\Python313\Lib\site-packages\django\template\defaulttags.py", line 333, in render
    return nodelist.render(context)
           ~~~~~~~~~~~~~~~^^^^^^^^^
  File "C:\Users\zenam\AppData\Local\Programs\Python\Python313\Lib\site-packages\django\template\base.py", line 1091, in render
    return SafeString("".join([node.render_annotated(context) for node in self]))
                               ~~~~~~~~~~~~~~~~~~~~~^^^^^^^^^
  File "C:\Users\zenam\AppData\Local\Programs\Python\Python313\Lib\site-packages\django\template\base.py", line 1052, in render_annotated
    return self.render(context)
           ~~~~~~~~~~~^^^^^^^^^
  File "C:\Users\zenam\AppData\Local\Programs\Python\Python313\Lib\site-packages\django\template\defaulttags.py", line 333, in render
    return nodelist.render(context)
           ~~~~~~~~~~~~~~~^^^^^^^^^
  File "C:\Users\zenam\AppData\Local\Programs\Python\Python313\Lib\site-packages\django\template\base.py", line 1091, in render
    return SafeString("".join([node.render_annotated(context) for node in self]))
                               ~~~~~~~~~~~~~~~~~~~~~^^^^^^^^^
  File "C:\Users\zenam\AppData\Local\Programs\Python\Python313\Lib\site-packages\django\template\base.py", line 1052, in render_annotated
    return self.render(context)
           ~~~~~~~~~~~^^^^^^^^^
  File "C:\Users\zenam\AppData\Local\Programs\Python\Python313\Lib\site-packages\django\template\defaulttags.py", line 511, in render
    url = reverse(view_name, args=args, kwargs=kwargs, current_app=current_app)
  File "C:\Users\zenam\AppData\Local\Programs\Python\Python313\Lib\site-packages\django\urls\base.py", line 92, in reverse
    raise NoReverseMatch("%s is not a registered namespace" % key)
django.urls.exceptions.NoReverseMatch: 'djdt' is not a registered namespace
INFO 2026-10-05 14:53:19,930 middleware Request GET / by Anonymous in 6.08 ms | groups=Anonymous | status=200
ERROR 2026-10-05 14:53:19,959 log Internal Server Error: /
Traceback (most recent call last):
  File "C:\Users\zenam\AppData\Local\Programs\Python\Python313\Lib\site-packages\django\template\base.py", line 964, in _resolve_lookup
    raise TypeError
TypeError

During handling of the above exception, another exception occurred:

Traceback (most recent call last):
  File "C:\Users\zenam\AppData\Local\Programs\Python\Python313\Lib\site-packages\django\urls\base.py", line 81, in reverse
    extra, resolver = resolver.namespace_dict[ns]
                      ~~~~~~~~~~~~~~~~~~~~~~~^^^^
KeyError: 'djdt'

During handling of the above exception, another exception occurred:

Traceback (most recent call last):
  File "C:\Users\zenam\AppData\Local\Programs\Python\Python313\Lib\site-packages\django\core\handlers\exception.py", line 55, in inner
    response = get_response(request)
  File "C:\Users\zenam\AppData\Local\Programs\Python\Python313\Lib\site-packages\debug_toolbar\middleware.py", line 130, in __call__
    return self._postprocess(request, response, toolbar)
           ~~~~~~~~~~~~~~~~~^^^^^^^^^^^^^^^^^^^^^^^^^^^^
  File "C:\Users\zenam\AppData\Local\Programs\Python\Python313\Lib\site-packages\debug_toolbar\middleware.py", line 172, in _postprocess
    rendered = toolbar.render_toolbar()
  File "C:\Users\zenam\AppData\Local\Programs\Python\Python313\Lib\site-packages\debug_toolbar\toolbar.py", line 96, in render_toolbar
    return render_to_string("debug_toolbar/base.html", context)
  File "C:\Users\zenam\AppData\Local\Programs\Python\Python313\Lib\site-packages\django\template\loader.py", line 62, in render_to_string
    return template.render(context, request)
           ~~~~~~~~~~~~~~~^^^^^^^^^^^^^^^^^^
  File "C:\Users\zenam\AppData\Local\Programs\Python\Python313\Lib\site-packages\django\template\backends\django.py", line 107, in render
    return self.template.render(context)
           ~~~~~~~~~~~~~~~~~~~~^^^^^^^^^
  File "C:\Users\zenam\AppData\Local\Programs\Python\Python313\Lib\site-packages\django\template\base.py", line 174, in render
    return self._render(context)
           ~~~~~~~~~~~~^^^^^^^^^
  File "C:\Users\zenam\AppData\Local\Programs\Python\Python313\Lib\site-packages\django\test\utils.py", line 114, in instrumented_test_render
    return self.nodelist.render(context)
           ~~~~~~~~~~~~~~~~~~~~^^^^^^^^^
  File "C:\Users\zenam\AppData\Local\Programs\Python\Python313\Lib\site-packages\django\template\base.py", line 1091, in render
    return SafeString("".join([node.render_annotated(context) for node in self]))
                               ~~~~~~~~~~~~~~~~~~~~~^^^^^^^^^
  File "C:\Users\zenam\AppData\Local\Programs\Python\Python313\Lib\site-packages\django\template\base.py", line 1052, in render_annotated
    return self.render(context)
           ~~~~~~~~~~~^^^^^^^^^
  File "C:\Users\zenam\AppData\Local\Programs\Python\Python313\Lib\site-packages\django\template\defaulttags.py", line 249, in render
    nodelist.append(node.render_annotated(context))
                    ~~~~~~~~~~~~~~~~~~~~~^^^^^^^^^
  File "C:\Users\zenam\AppData\Local\Programs\Python\Python313\Lib\site-packages\django\template\base.py", line 1052, in render_annotated
    return self.render(context)
           ~~~~~~~~~~~^^^^^^^^^
  File "C:\Users\zenam\AppData\Local\Programs\Python\Python313\Lib\site-packages\django\template\loader_tags.py", line 211, in render
    return template.render(context)
           ~~~~~~~~~~~~~~~^^^^^^^^^
  File "C:\Users\zenam\AppData\Local\Programs\Python\Python313\Lib\site-packages\django\template\base.py", line 176, in render
    return self._render(context)
           ~~~~~~~~~~~~^^^^^^^^^
  File "C:\Users\zenam\AppData\Local\Programs\Python\Python313\Lib\site-packages\django\test\utils.py", line 114, in instrumented_test_render
    return self.nodelist.render(context)
           ~~~~~~~~~~~~~~~~~~~~^^^^^^^^^
  File "C:\Users\zenam\AppData\Local\Programs\Python\Python313\Lib\site-packages\django\template\base.py", line 1091, in render
    return SafeString("".join([node.render_annotated(context) for node in self]))
                               ~~~~~~~~~~~~~~~~~~~~~^^^^^^^^^
  File "C:\Users\zenam\AppData\Local\Programs\Python\Python313\Lib\site-packages\django\template\base.py", line 1052, in render_annotated
    return self.render(context)
           ~~~~~~~~~~~^^^^^^^^^
  File "C:\Users\zenam\AppData\Local\Programs\Python\Python313\Lib\site-packages\django\template\defaulttags.py", line 333, in render
    return nodelist.render(context)
           ~~~~~~~~~~~~~~~^^^^^^^^^
  File "C:\Users\zenam\AppData\Local\Programs\Python\Python313\Lib\site-packages\django\template\base.py", line 1091, in render
    return SafeString("".join([node.render_annotated(context) for node in self]))
                               ~~~~~~~~~~~~~~~~~~~~~^^^^^^^^^
  File "C:\Users\zenam\AppData\Local\Programs\Python\Python313\Lib\site-packages\django\template\base.py", line 1052, in render_annotated
    return self.render(context)
           ~~~~~~~~~~~^^^^^^^^^
  File "C:\Users\zenam\AppData\Local\Programs\Python\Python313\Lib\site-packages\django\template\defaulttags.py", line 333, in render
    return nodelist.render(context)
           ~~~~~~~~~~~~~~~^^^^^^^^^
  File "C:\Users\zenam\AppData\Local\Programs\Python\Python313\Lib\site-packages\django\template\base.py", line 1091, in render
    return SafeString("".join([node.render_annotated(context) for node in self]))
                               ~~~~~~~~~~~~~~~~~~~~~^^^^^^^^^
  File "C:\Users\zenam\AppData\Local\Programs\Python\Python313\Lib\site-packages\django\template\base.py", line 1052, in render_annotated
    return self.render(context)
           ~~~~~~~~~~~^^^^^^^^^
  File "C:\Users\zenam\AppData\Local\Programs\Python\Python313\Lib\site-packages\django\template\base.py", line 1150, in render
    output = self.filter_expression.resolve(context)
  File "C:\Users\zenam\AppData\Local\Programs\Python\Python313\Lib\site-packages\django\template\base.py", line 788, in resolve
    obj = self.var.resolve(context)
  File "C:\Users\zenam\AppData\Local\Programs\Python\Python313\Lib\site-packages\django\template\base.py", line 928, in resolve
    value = self._resolve_lookup(context)
  File "C:\Users\zenam\AppData\Local\Programs\Python\Python313\Lib\site-packages\django\template\base.py", line 976, in _resolve_lookup
    current = getattr(current, bit)
  File "C:\Users\zenam\AppData\Local\Programs\Python\Python313\Lib\site-packages\debug_toolbar\panels\__init__.py", line 110, in content
    return render_to_string(self.template, self.get_stats())
  File "C:\Users\zenam\AppData\Local\Programs\Python\Python313\Lib\site-packages\django\template\loader.py", line 62, in render_to_string
    return template.render(context, request)
           ~~~~~~~~~~~~~~~^^^^^^^^^^^^^^^^^^
  File "C:\Users\zenam\AppData\Local\Programs\Python\Python313\Lib\site-packages\django\template\backends\django.py", line 107, in render
    return self.template.render(context)
           ~~~~~~~~~~~~~~~~~~~~^^^^^^^^^
  File "C:\Users\zenam\AppData\Local\Programs\Python\Python313\Lib\site-packages\django\template\base.py", line 174, in render
    return self._render(context)
           ~~~~~~~~~~~~^^^^^^^^^
  File "C:\Users\zenam\AppData\Local\Programs\Python\Python313\Lib\site-packages\django\test\utils.py", line 114, in instrumented_test_render
    return self.nodelist.render(context)
           ~~~~~~~~~~~~~~~~~~~~^^^^^^^^^
  File "C:\Users\zenam\AppData\Local\Programs\Python\Python313\Lib\site-packages\django\template\base.py", line 1091, in render
    return SafeString("".join([node.render_annotated(context) for node in self]))
                               ~~~~~~~~~~~~~~~~~~~~~^^^^^^^^^
  File "C:\Users\zenam\AppData\Local\Programs\Python\Python313\Lib\site-packages\django\template\base.py", line 1052, in render_annotated
    return self.render(context)
           ~~~~~~~~~~~^^^^^^^^^
  File "C:\Users\zenam\AppData\Local\Programs\Python\Python313\Lib\site-packages\django\template\defaulttags.py", line 333, in render
    return nodelist.render(context)
           ~~~~~~~~~~~~~~~^^^^^^^^^
  File "C:\Users\zenam\AppData\Local\Programs\Python\Python313\Lib\site-packages\django\template\base.py", line 1091, in render
    return SafeString("".join([node.render_annotated(context) for node in self]))
                               ~~~~~~~~~~~~~~~~~~~~~^^^^^^^^^
  File "C:\Users\zenam\AppData\Local\Programs\Python\Python313\Lib\site-packages\django\template\base.py", line 1052, in render_annotated
    return self.render(context)
           ~~~~~~~~~~~^^^^^^^^^
  File "C:\Users\zenam\AppData\Local\Programs\Python\Python313\Lib\site-packages\django\template\defaulttags.py", line 249, in render
    nodelist.append(node.render_annotated(context))
                    ~~~~~~~~~~~~~~~~~~~~~^^^^^^^^^
  File "C:\Users\zenam\AppData\Local\Programs\Python\Python313\Lib\site-packages\django\template\base.py", line 1052, in render_annotated
    return self.render(context)
           ~~~~~~~~~~~^^^^^^^^^
  File "C:\Users\zenam\AppData\Local\Programs\Python\Python313\Lib\site-packages\django\template\defaulttags.py", line 333, in render
    return nodelist.render(context)
           ~~~~~~~~~~~~~~~^^^^^^^^^
  File "C:\Users\zenam\AppData\Local\Programs\Python\Python313\Lib\site-packages\django\template\base.py", line 1091, in render
    return SafeString("".join([node.render_annotated(context) for node in self]))
                               ~~~~~~~~~~~~~~~~~~~~~^^^^^^^^^
  File "C:\Users\zenam\AppData\Local\Programs\Python\Python313\Lib\site-packages\django\template\base.py", line 1052, in render_annotated
    return self.render(context)
           ~~~~~~~~~~~^^^^^^^^^
  File "C:\Users\zenam\AppData\Local\Programs\Python\Python313\Lib\site-packages\django\template\defaulttags.py", line 333, in render
    return nodelist.render(context)
           ~~~~~~~~~~~~~~~^^^^^^^^^
  File "C:\Users\zenam\AppData\Local\Programs\Python\Python313\Lib\site-packages\django\template\base.py", line 1091, in render
    return SafeString("".join([node.render_annotated(context) for node in self]))
                               ~~~~~~~~~~~~~~~~~~~~~^^^^^^^^^
  File "C:\Users\zenam\AppData\Local\Programs\Python\Python313\Lib\site-packages\django\template\base.py", line 1052, in render_annotated
    return self.render(context)
           ~~~~~~~~~~~^^^^^^^^^
  File "C:\Users\zenam\AppData\Local\Programs\Python\Python313\Lib\site-packages\django\template\defaulttags.py", line 511, in render
    url = reverse(view_name, args=args, kwargs=kwargs, current_app=current_app)
  File "C:\Users\zenam\AppData\Local\Programs\Python\Python313\Lib\site-packages\django\urls\base.py", line 92, in reverse
    raise NoReverseMatch("%s is not a registered namespace" % key)
django.urls.exceptions.NoReverseMatch: 'djdt' is not a registered namespace
INFO 2026-10-05 14:53:20,667 middleware Request POST /cart/add/1/ by Anonymous in 9.19 ms | groups=Anonymous | status=302
ERROR 2026-10-05 14:53:20,705 log Internal Server Error: /cart/add/1/
Traceback (most recent call last):
  File "C:\Users\zenam\AppData\Local\Programs\Python\Python313\Lib\site-packages\django\template\base.py", line 964, in _resolve_lookup
    raise TypeError
TypeError

During handling of the above exception, another exception occurred:

Traceback (most recent call last):
  File "C:\Users\zenam\AppData\Local\Programs\Python\Python313\Lib\site-packages\django\urls\base.py", line 81, in reverse
    extra, resolver = resolver.namespace_dict[ns]
                      ~~~~~~~~~~~~~~~~~~~~~~~^^^^
KeyError: 'djdt'

During handling of the above exception, another exception occurred:

Traceback (most recent call last):
  File "C:\Users\zenam\AppData\Local\Programs\Python\Python313\Lib\site-packages\django\core\handlers\exception.py", line 55, in inner
    response = get_response(request)
  File "C:\Users\zenam\AppData\Local\Programs\Python\Python313\Lib\site-packages\debug_toolbar\middleware.py", line 130, in __call__
    return self._postprocess(request, response, toolbar)
           ~~~~~~~~~~~~~~~~~^^^^^^^^^^^^^^^^^^^^^^^^^^^^
  File "C:\Users\zenam\AppData\Local\Programs\Python\Python313\Lib\site-packages\debug_toolbar\middleware.py", line 172, in _postprocess
    rendered = toolbar.render_toolbar()
  File "C:\Users\zenam\AppData\Local\Programs\Python\Python313\Lib\site-packages\debug_toolbar\toolbar.py", line 96, in render_toolbar
    return render_to_string("debug_toolbar/base.html", context)
  File "C:\Users\zenam\AppData\Local\Programs\Python\Python313\Lib\site-packages\django\template\loader.py", line 62, in render_to_string
    return template.render(context, request)
           ~~~~~~~~~~~~~~~^^^^^^^^^^^^^^^^^^
  File "C:\Users\zenam\AppData\Local\Programs\Python\Python313\Lib\site-packages\django\template\backends\django.py", line 107, in render
    return self.template.render(context)
           ~~~~~~~~~~~~~~~~~~~~^^^^^^^^^
  File "C:\Users\zenam\AppData\Local\Programs\Python\Python313\Lib\site-packages\django\template\base.py", line 174, in render
    return self._render(context)
           ~~~~~~~~~~~~^^^^^^^^^
  File "C:\Users\zenam\AppData\Local\Programs\Python\Python313\Lib\site-packages\django\test\utils.py", line 114, in instrumented_test_render
    return self.nodelist.render(context)
           ~~~~~~~~~~~~~~~~~~~~^^^^^^^^^
  File "C:\Users\zenam\AppData\Local\Programs\Python\Python313\Lib\site-packages\django\template\base.py", line 1091, in render
    return SafeString("".join([node.render_annotated(context) for node in self]))
                               ~~~~~~~~~~~~~~~~~~~~~^^^^^^^^^
  File "C:\Users\zenam\AppData\Local\Programs\Python\Python313\Lib\site-packages\django\template\base.py", line 1052, in render_annotated
    return self.render(context)
           ~~~~~~~~~~~^^^^^^^^^
  File "C:\Users\zenam\AppData\Local\Programs\Python\Python313\Lib\site-packages\django\template\defaulttags.py", line 249, in render
    nodelist.append(node.render_annotated(context))
                    ~~~~~~~~~~~~~~~~~~~~~^^^^^^^^^
  File "C:\Users\zenam\AppData\Local\Programs\Python\Python313\Lib\site-packages\django\template\base.py", line 1052, in render_annotated
    return self.render(context)
           ~~~~~~~~~~~^^^^^^^^^
  File "C:\Users\zenam\AppData\Local\Programs\Python\Python313\Lib\site-packages\django\template\loader_tags.py", line 211, in render
    return template.render(context)
           ~~~~~~~~~~~~~~~^^^^^^^^^
  File "C:\Users\zenam\AppData\Local\Programs\Python\Python313\Lib\site-packages\django\template\base.py", line 176, in render
    return self._render(context)
           ~~~~~~~~~~~~^^^^^^^^^
  File "C:\Users\zenam\AppData\Local\Programs\Python\Python313\Lib\site-packages\django\test\utils.py", line 114, in instrumented_test_render
    return self.nodelist.render(context)
           ~~~~~~~~~~~~~~~~~~~~^^^^^^^^^
  File "C:\Users\zenam\AppData\Local\Programs\Python\Python313\Lib\site-packages\django\template\base.py", line 1091, in render
    return SafeString("".join([node.render_annotated(context) for node in self]))
                               ~~~~~~~~~~~~~~~~~~~~~^^^^^^^^^
  File "C:\Users\zenam\AppData\Local\Programs\Python\Python313\Lib\site-packages\django\template\base.py", line 1052, in render_annotated
    return self.render(context)
           ~~~~~~~~~~~^^^^^^^^^
  File "C:\Users\zenam\AppData\Local\Programs\Python\Python313\Lib\site-packages\django\template\defaulttags.py", line 333, in render
    return nodelist.render(context)
           ~~~~~~~~~~~~~~~^^^^^^^^^
  File "C:\Users\zenam\AppData\Local\Programs\Python\Python313\Lib\site-packages\django\template\base.py", line 1091, in render
    return SafeString("".join([node.render_annotated(context) for node in self]))
                               ~~~~~~~~~~~~~~~~~~~~~^^^^^^^^^
  File "C:\Users\zenam\AppData\Local\Programs\Python\Python313\Lib\site-packages\django\template\base.py", line 1052, in render_annotated
    return self.render(context)
           ~~~~~~~~~~~^^^^^^^^^
  File "C:\Users\zenam\AppData\Local\Programs\Python\Python313\Lib\site-packages\django\template\defaulttags.py", line 333, in render
    return nodelist.render(context)
           ~~~~~~~~~~~~~~~^^^^^^^^^
  File "C:\Users\zenam\AppData\Local\Programs\Python\Python313\Lib\site-packages\django\template\base.py", line 1091, in render
    return SafeString("".join([node.render_annotated(context) for node in self]))
                               ~~~~~~~~~~~~~~~~~~~~~^^^^^^^^^
  File "C:\Users\zenam\AppData\Local\Programs\Python\Python313\Lib\site-packages\django\template\base.py", line 1052, in render_annotated
    return self.render(context)
           ~~~~~~~~~~~^^^^^^^^^
  File "C:\Users\zenam\AppData\Local\Programs\Python\Python313\Lib\site-packages\django\template\base.py", line 1150, in render
    output = self.filter_expression.resolve(context)
  File "C:\Users\zenam\AppData\Local\Programs\Python\Python313\Lib\site-packages\django\template\base.py", line 788, in resolve
    obj = self.var.resolve(context)
  File "C:\Users\zenam\AppData\Local\Programs\Python\Python313\Lib\site-packages\django\template\base.py", line 928, in resolve
    value = self._resolve_lookup(context)
  File "C:\Users\zenam\AppData\Local\Programs\Python\Python313\Lib\site-packages\django\template\base.py", line 976, in _resolve_lookup
    current = getattr(current, bit)
  File "C:\Users\zenam\AppData\Local\Programs\Python\Python313\Lib\site-packages\debug_toolbar\panels\__init__.py", line 110, in content
    return render_to_string(self.template, self.get_stats())
  File "C:\Users\zenam\AppData\Local\Programs\Python\Python313\Lib\site-packages\django\template\loader.py", line 62, in render_to_string
    return template.render(context, request)
           ~~~~~~~~~~~~~~~^^^^^^^^^^^^^^^^^^
  File "C:\Users\zenam\AppData\Local\Programs\Python\Python313\Lib\site-packages\django\template\backends\django.py", line 107, in render
    return self.template.render(context)
           ~~~~~~~~~~~~~~~~~~~~^^^^^^^^^
  File "C:\Users\zenam\AppData\Local\Programs\Python\Python313\Lib\site-packages\django\template\base.py", line 174, in render
    return self._render(context)
           ~~~~~~~~~~~~^^^^^^^^^
  File "C:\Users\zenam\AppData\Local\Programs\Python\Python313\Lib\site-packages\django\test\utils.py", line 114, in instrumented_test_render
    return self.nodelist.render(context)
           ~~~~~~~~~~~~~~~~~~~~^^^^^^^^^
  File "C:\Users\zenam\AppData\Local\Programs\Python\Python313\Lib\site-packages\django\template\base.py", line 1091, in render
    return SafeString("".join([node.render_annotated(context) for node in self]))
                               ~~~~~~~~~~~~~~~~~~~~~^^^^^^^^^
  File "C:\Users\zenam\AppData\Local\Programs\Python\Python313\Lib\site-packages\django\template\base.py", line 1052, in render_annotated
    return self.render(context)
           ~~~~~~~~~~~^^^^^^^^^
  File "C:\Users\zenam\AppData\Local\Programs\Python\Python313\Lib\site-packages\django\template\defaulttags.py", line 333, in render
    return nodelist.render(context)
           ~~~~~~~~~~~~~~~^^^^^^^^^
  File "C:\Users\zenam\AppData\Local\Programs\Python\Python313\Lib\site-packages\django\template\base.py", line 1091, in render
    return SafeString("".join([node.render_annotated(context) for node in self]))
                               ~~~~~~~~~~~~~~~~~~~~~^^^^^^^^^
  File "C:\Users\zenam\AppData\Local\Programs\Python\Python313\Lib\site-packages\django\template\base.py", line 1052, in render_annotated
    return self.render(context)
           ~~~~~~~~~~~^^^^^^^^^
  File "C:\Users\zenam\AppData\Local\Programs\Python\Python313\Lib\site-packages\django\template\defaulttags.py", line 249, in render
    nodelist.append(node.render_annotated(context))
                    ~~~~~~~~~~~~~~~~~~~~~^^^^^^^^^
  File "C:\Users\zenam\AppData\Local\Programs\Python\Python313\Lib\site-packages\django\template\base.py", line 1052, in render_annotated
    return self.render(context)
           ~~~~~~~~~~~^^^^^^^^^
  File "C:\Users\zenam\AppData\Local\Programs\Python\Python313\Lib\site-packages\django\template\defaulttags.py", line 333, in render
    return nodelist.render(context)
           ~~~~~~~~~~~~~~~^^^^^^^^^
  File "C:\Users\zenam\AppData\Local\Programs\Python\Python313\Lib\site-packages\django\template\base.py", line 1091, in render
    return SafeString("".join([node.render_annotated(context) for node in self]))
                               ~~~~~~~~~~~~~~~~~~~~~^^^^^^^^^
  File "C:\Users\zenam\AppData\Local\Programs\Python\Python313\Lib\site-packages\django\template\base.py", line 1052, in render_annotated
    return self.render(context)
           ~~~~~~~~~~~^^^^^^^^^
  File "C:\Users\zenam\AppData\Local\Programs\Python\Python313\Lib\site-packages\django\template\defaulttags.py", line 333, in render
    return nodelist.render(context)
           ~~~~~~~~~~~~~~~^^^^^^^^^
  File "C:\Users\zenam\AppData\Local\Programs\Python\Python313\Lib\site-packages\django\template\base.py", line 1091, in render
    return SafeString("".join([node.render_annotated(context) for node in self]))
                               ~~~~~~~~~~~~~~~~~~~~~^^^^^^^^^
  File "C:\Users\zenam\AppData\Local\Programs\Python\Python313\Lib\site-packages\django\template\base.py", line 1052, in render_annotated
    return self.render(context)
           ~~~~~~~~~~~^^^^^^^^^
  File "C:\Users\zenam\AppData\Local\Programs\Python\Python313\Lib\site-packages\django\template\defaulttags.py", line 511, in render
    url = reverse(view_name, args=args, kwargs=kwargs, current_app=current_app)
  File "C:\Users\zenam\AppData\Local\Programs\Python\Python313\Lib\site-packages\django\urls\base.py", line 92, in reverse
    raise NoReverseMatch("%s is not a registered namespace" % key)
django.urls.exceptions.NoReverseMatch: 'djdt' is not a registered namespace
INFO 2026-10-05 14:53:21,378 middleware Request POST /checkout/ by Anonymous in 8.54 ms | groups=Anonymous | status=400
ERROR 2026-10-05 14:53:21,409 log Internal Server Error: /checkout/
Traceback (most recent call last):
  File "C:\Users\zenam\AppData\Local\Programs\Python\Python313\Lib\site-packages\django\template\base.py", line 964, in _resolve_lookup
    raise TypeError
TypeError

During handling of the above exception, another exception occurred:

Traceback (most recent call last):
  File "C:\Users\zenam\AppData\Local\Programs\Python\Python313\Lib\site-packages\django\urls\base.py", line 81, in reverse
    extra, resolver = resolver.namespace_dict[ns]
                      ~~~~~~~~~~~~~~~~~~~~~~~^^^^
KeyError: 'djdt'

During handling of the above exception, another exception occurred:

Traceback (most recent call last):
  File "C:\Users\zenam\AppData\Local\Programs\Python\Python313\Lib\site-packages\django\core\handlers\exception.py", line 55, in inner
    response = get_response(request)
  File "C:\Users\zenam\AppData\Local\Programs\Python\Python313\Lib\site-packages\debug_toolbar\middleware.py", line 130, in __call__
    return self._postprocess(request, response, toolbar)
           ~~~~~~~~~~~~~~~~~^^^^^^^^^^^^^^^^^^^^^^^^^^^^
  File "C:\Users\zenam\AppData\Local\Programs\Python\Python313\Lib\site-packages\debug_toolbar\middleware.py", line 172, in _postprocess
    rendered = toolbar.render_toolbar()
  File "C:\Users\zenam\AppData\Local\Programs\Python\Python313\Lib\site-packages\debug_toolbar\toolbar.py", line 96, in render_toolbar
    return render_to_string("debug_toolbar/base.html", context)
  File "C:\Users\zenam\AppData\Local\Programs\Python\Python313\Lib\site-packages\django\template\loader.py", line 62, in render_to_string
    return template.render(context, request)
           ~~~~~~~~~~~~~~~^^^^^^^^^^^^^^^^^^
  File "C:\Users\zenam\AppData\Local\Programs\Python\Python313\Lib\site-packages\django\template\backends\django.py", line 107, in render
    return self.template.render(context)
           ~~~~~~~~~~~~~~~~~~~~^^^^^^^^^
  File "C:\Users\zenam\AppData\Local\Programs\Python\Python313\Lib\site-packages\django\template\base.py", line 174, in render
    return self._render(context)
           ~~~~~~~~~~~~^^^^^^^^^
  File "C:\Users\zenam\AppData\Local\Programs\Python\Python313\Lib\site-packages\django\test\utils.py", line 114, in instrumented_test_render
    return self.nodelist.render(context)
           ~~~~~~~~~~~~~~~~~~~~^^^^^^^^^
  File "C:\Users\zenam\AppData\Local\Programs\Python\Python313\Lib\site-packages\django\template\base.py", line 1091, in render
    return SafeString("".join([node.render_annotated(context) for node in self]))
                               ~~~~~~~~~~~~~~~~~~~~~^^^^^^^^^
  File "C:\Users\zenam\AppData\Local\Programs\Python\Python313\Lib\site-packages\django\template\base.py", line 1052, in render_annotated
    return self.render(context)
           ~~~~~~~~~~~^^^^^^^^^
  File "C:\Users\zenam\AppData\Local\Programs\Python\Python313\Lib\site-packages\django\template\defaulttags.py", line 249, in render
    nodelist.append(node.render_annotated(context))
                    ~~~~~~~~~~~~~~~~~~~~~^^^^^^^^^
  File "C:\Users\zenam\AppData\Local\Programs\Python\Python313\Lib\site-packages\django\template\base.py", line 1052, in render_annotated
    return self.render(context)
           ~~~~~~~~~~~^^^^^^^^^
  File "C:\Users\zenam\AppData\Local\Programs\Python\Python313\Lib\site-packages\django\template\loader_tags.py", line 211, in render
    return template.render(context)
           ~~~~~~~~~~~~~~~^^^^^^^^^
  File "C:\Users\zenam\AppData\Local\Programs\Python\Python313\Lib\site-packages\django\template\base.py", line 176, in render
    return self._render(context)
           ~~~~~~~~~~~~^^^^^^^^^
  File "C:\Users\zenam\AppData\Local\Programs\Python\Python313\Lib\site-packages\django\test\utils.py", line 114, in instrumented_test_render
    return self.nodelist.render(context)
           ~~~~~~~~~~~~~~~~~~~~^^^^^^^^^
  File "C:\Users\zenam\AppData\Local\Programs\Python\Python313\Lib\site-packages\django\template\base.py", line 1091, in render
    return SafeString("".join([node.render_annotated(context) for node in self]))
                               ~~~~~~~~~~~~~~~~~~~~~^^^^^^^^^
  File "C:\Users\zenam\AppData\Local\Programs\Python\Python313\Lib\site-packages\django\template\base.py", line 1052, in render_annotated
    return self.render(context)
           ~~~~~~~~~~~^^^^^^^^^
  File "C:\Users\zenam\AppData\Local\Programs\Python\Python313\Lib\site-packages\django\template\defaulttags.py", line 333, in render
    return nodelist.render(context)
           ~~~~~~~~~~~~~~~^^^^^^^^^
  File "C:\Users\zenam\AppData\Local\Programs\Python\Python313\Lib\site-packages\django\template\base.py", line 1091, in render
    return SafeString("".join([node.render_annotated(context) for node in self]))
                               ~~~~~~~~~~~~~~~~~~~~~^^^^^^^^^
  File "C:\Users\zenam\AppData\Local\Programs\Python\Python313\Lib\site-packages\django\template\base.py", line 1052, in render_annotated
    return self.render(context)
           ~~~~~~~~~~~^^^^^^^^^
  File "C:\Users\zenam\AppData\Local\Programs\Python\Python313\Lib\site-packages\django\template\defaulttags.py", line 333, in render
    return nodelist.render(context)
           ~~~~~~~~~~~~~~~^^^^^^^^^
  File "C:\Users\zenam\AppData\Local\Programs\Python\Python313\Lib\site-packages\django\template\base.py", line 1091, in render
    return SafeString("".join([node.render_annotated(context) for node in self]))
                               ~~~~~~~~~~~~~~~~~~~~~^^^^^^^^^
  File "C:\Users\zenam\AppData\Local\Programs\Python\Python313\Lib\site-packages\django\template\base.py", line 1052, in render_annotated
    return self.render(context)
           ~~~~~~~~~~~^^^^^^^^^
  File "C:\Users\zenam\AppData\Local\Programs\Python\Python313\Lib\site-packages\django\template\base.py", line 1150, in render
    output = self.filter_expression.resolve(context)
  File "C:\Users\zenam\AppData\Local\Programs\Python\Python313\Lib\site-packages\django\template\base.py", line 788, in resolve
    obj = self.var.resolve(context)
  File "C:\Users\zenam\AppData\Local\Programs\Python\Python313\Lib\site-packages\django\template\base.py", line 928, in resolve
    value = self._resolve_lookup(context)
  File "C:\Users\zenam\AppData\Local\Programs\Python\Python313\Lib\site-packages\django\template\base.py", line 976, in _resolve_lookup
    current = getattr(current, bit)
  File "C:\Users\zenam\AppData\Local\Programs\Python\Python313\Lib\site-packages\debug_toolbar\panels\__init__.py", line 110, in content
    return render_to_string(self.template, self.get_stats())
  File "C:\Users\zenam\AppData\Local\Programs\Python\Python313\Lib\site-packages\django\template\loader.py", line 62, in render_to_string
    return template.render(context, request)
           ~~~~~~~~~~~~~~~^^^^^^^^^^^^^^^^^^
  File "C:\Users\zenam\AppData\Local\Programs\Python\Python313\Lib\site-packages\django\template\backends\django.py", line 107, in render
    return self.template.render(context)
           ~~~~~~~~~~~~~~~~~~~~^^^^^^^^^
  File "C:\Users\zenam\AppData\Local\Programs\Python\Python313\Lib\site-packages\django\template\base.py", line 174, in render
    return self._render(context)
           ~~~~~~~~~~~~^^^^^^^^^
  File "C:\Users\zenam\AppData\Local\Programs\Python\Python313\Lib\site-packages\django\test\utils.py", line 114, in instrumented_test_render
    return self.nodelist.render(context)
           ~~~~~~~~~~~~~~~~~~~~^^^^^^^^^
  File "C:\Users\zenam\AppData\Local\Programs\Python\Python313\Lib\site-packages\django\template\base.py", line 1091, in render
    return SafeString("".join([node.render_annotated(context) for node in self]))
                               ~~~~~~~~~~~~~~~~~~~~~^^^^^^^^^
  File "C:\Users\zenam\AppData\Local\Programs\Python\Python313\Lib\site-packages\django\template\base.py", line 1052, in render_annotated
    return self.render(context)
           ~~~~~~~~~~~^^^^^^^^^
  File "C:\Users\zenam\AppData\Local\Programs\Python\Python313\Lib\site-packages\django\template\defaulttags.py", line 333, in render
    return nodelist.render(context)
           ~~~~~~~~~~~~~~~^^^^^^^^^
  File "C:\Users\zenam\AppData\Local\Programs\Python\Python313\Lib\site-packages\django\template\base.py", line 1091, in render
    return SafeString("".join([node.render_annotated(context) for node in self]))
                               ~~~~~~~~~~~~~~~~~~~~~^^^^^^^^^
  File "C:\Users\zenam\AppData\Local\Programs\Python\Python313\Lib\site-packages\django\template\base.py", line 1052, in render_annotated
    return self.render(context)
           ~~~~~~~~~~~^^^^^^^^^
  File "C:\Users\zenam\AppData\Local\Programs\Python\Python313\Lib\site-packages\django\template\defaulttags.py", line 249, in render
    nodelist.append(node.render_annotated(context))
                    ~~~~~~~~~~~~~~~~~~~~~^^^^^^^^^
  File "C:\Users\zenam\AppData\Local\Programs\Python\Python313\Lib\site-packages\django\template\base.py", line 1052, in render_annotated
    return self.render(context)
           ~~~~~~~~~~~^^^^^^^^^
  File "C:\Users\zenam\AppData\Local\Programs\Python\Python313\Lib\site-packages\django\template\defaulttags.py", line 333, in render
    return nodelist.render(context)
           ~~~~~~~~~~~~~~~^^^^^^^^^
  File "C:\Users\zenam\AppData\Local\Programs\Python\Python313\Lib\site-packages\django\template\base.py", line 1091, in render
    return SafeString("".join([node.render_annotated(context) for node in self]))
                               ~~~~~~~~~~~~~~~~~~~~~^^^^^^^^^
  File "C:\Users\zenam\AppData\Local\Programs\Python\Python313\Lib\site-packages\django\template\base.py", line 1052, in render_annotated
    return self.render(context)
           ~~~~~~~~~~~^^^^^^^^^
  File "C:\Users\zenam\AppData\Local\Programs\Python\Python313\Lib\site-packages\django\template\defaulttags.py", line 333, in render
    return nodelist.render(context)
           ~~~~~~~~~~~~~~~^^^^^^^^^
  File "C:\Users\zenam\AppData\Local\Programs\Python\Python313\Lib\site-packages\django\template\base.py", line 1091, in render
    return SafeString("".join([node.render_annotated(context) for node in self]))
                               ~~~~~~~~~~~~~~~~~~~~~^^^^^^^^^
  File "C:\Users\zenam\AppData\Local\Programs\Python\Python313\Lib\site-packages\django\template\base.py", line 1052, in render_annotated
    return self.render(context)
           ~~~~~~~~~~~^^^^^^^^^
  File "C:\Users\zenam\AppData\Local\Programs\Python\Python313\Lib\site-packages\django\template\defaulttags.py", line 511, in render
    url = reverse(view_name, args=args, kwargs=kwargs, current_app=current_app)
  File "C:\Users\zenam\AppData\Local\Programs\Python\Python313\Lib\site-packages\django\urls\base.py", line 92, in reverse
    raise NoReverseMatch("%s is not a registered namespace" % key)
django.urls.exceptions.NoReverseMatch: 'djdt' is not a registered namespace
INFO 2026-10-05 14:53:22,083 middleware Request POST /cart/add/1/ by Anonymous in 9.62 ms | groups=Anonymous | status=302
ERROR 2026-10-05 14:53:22,122 log Internal Server Error: /cart/add/1/
Traceback (most recent call last):
  File "C:\Users\zenam\AppData\Local\Programs\Python\Python313\Lib\site-packages\django\template\base.py", line 964, in _resolve_lookup
    raise TypeError
TypeError

During handling of the above exception, another exception occurred:

Traceback (most recent call last):
  File "C:\Users\zenam\AppData\Local\Programs\Python\Python313\Lib\site-packages\django\urls\base.py", line 81, in reverse
    extra, resolver = resolver.namespace_dict[ns]
                      ~~~~~~~~~~~~~~~~~~~~~~~^^^^
KeyError: 'djdt'

During handling of the above exception, another exception occurred:

Traceback (most recent call last):
  File "C:\Users\zenam\AppData\Local\Programs\Python\Python313\Lib\site-packages\django\core\handlers\exception.py", line 55, in inner
    response = get_response(request)
  File "C:\Users\zenam\AppData\Local\Programs\Python\Python313\Lib\site-packages\debug_toolbar\middleware.py", line 130, in __call__
    return self._postprocess(request, response, toolbar)
           ~~~~~~~~~~~~~~~~~^^^^^^^^^^^^^^^^^^^^^^^^^^^^
  File "C:\Users\zenam\AppData\Local\Programs\Python\Python313\Lib\site-packages\debug_toolbar\middleware.py", line 172, in _postprocess
    rendered = toolbar.render_toolbar()
  File "C:\Users\zenam\AppData\Local\Programs\Python\Python313\Lib\site-packages\debug_toolbar\toolbar.py", line 96, in render_toolbar
    return render_to_string("debug_toolbar/base.html", context)
  File "C:\Users\zenam\AppData\Local\Programs\Python\Python313\Lib\site-packages\django\template\loader.py", line 62, in render_to_string
    return template.render(context, request)
           ~~~~~~~~~~~~~~~^^^^^^^^^^^^^^^^^^
  File "C:\Users\zenam\AppData\Local\Programs\Python\Python313\Lib\site-packages\django\template\backends\django.py", line 107, in render
    return self.template.render(context)
           ~~~~~~~~~~~~~~~~~~~~^^^^^^^^^
  File "C:\Users\zenam\AppData\Local\Programs\Python\Python313\Lib\site-packages\django\template\base.py", line 174, in render
    return self._render(context)
           ~~~~~~~~~~~~^^^^^^^^^
  File "C:\Users\zenam\AppData\Local\Programs\Python\Python313\Lib\site-packages\django\test\utils.py", line 114, in instrumented_test_render
    return self.nodelist.render(context)
           ~~~~~~~~~~~~~~~~~~~~^^^^^^^^^
  File "C:\Users\zenam\AppData\Local\Programs\Python\Python313\Lib\site-packages\django\template\base.py", line 1091, in render
    return SafeString("".join([node.render_annotated(context) for node in self]))
                               ~~~~~~~~~~~~~~~~~~~~~^^^^^^^^^
  File "C:\Users\zenam\AppData\Local\Programs\Python\Python313\Lib\site-packages\django\template\base.py", line 1052, in render_annotated
    return self.render(context)
           ~~~~~~~~~~~^^^^^^^^^
  File "C:\Users\zenam\AppData\Local\Programs\Python\Python313\Lib\site-packages\django\template\defaulttags.py", line 249, in render
    nodelist.append(node.render_annotated(context))
                    ~~~~~~~~~~~~~~~~~~~~~^^^^^^^^^
  File "C:\Users\zenam\AppData\Local\Programs\Python\Python313\Lib\site-packages\django\template\base.py", line 1052, in render_annotated
    return self.render(context)
           ~~~~~~~~~~~^^^^^^^^^
  File "C:\Users\zenam\AppData\Local\Programs\Python\Python313\Lib\site-packages\django\template\loader_tags.py", line 211, in render
    return template.render(context)
           ~~~~~~~~~~~~~~~^^^^^^^^^
  File "C:\Users\zenam\AppData\Local\Programs\Python\Python313\Lib\site-packages\django\template\base.py", line 176, in render
    return self._render(context)
           ~~~~~~~~~~~~^^^^^^^^^
  File "C:\Users\zenam\AppData\Local\Programs\Python\Python313\Lib\site-packages\django\test\utils.py", line 114, in instrumented_test_render
    return self.nodelist.render(context)
           ~~~~~~~~~~~~~~~~~~~~^^^^^^^^^
  File "C:\Users\zenam\AppData\Local\Programs\Python\Python313\Lib\site-packages\django\template\base.py", line 1091, in render
    return SafeString("".join([node.render_annotated(context) for node in self]))
                               ~~~~~~~~~~~~~~~~~~~~~^^^^^^^^^
  File "C:\Users\zenam\AppData\Local\Programs\Python\Python313\Lib\site-packages\django\template\base.py", line 1052, in render_annotated
    return self.render(context)
           ~~~~~~~~~~~^^^^^^^^^
  File "C:\Users\zenam\AppData\Local\Programs\Python\Python313\Lib\site-packages\django\template\defaulttags.py", line 333, in render
    return nodelist.render(context)
           ~~~~~~~~~~~~~~~^^^^^^^^^
  File "C:\Users\zenam\AppData\Local\Programs\Python\Python313\Lib\site-packages\django\template\base.py", line 1091, in render
    return SafeString("".join([node.render_annotated(context) for node in self]))
                               ~~~~~~~~~~~~~~~~~~~~~^^^^^^^^^
  File "C:\Users\zenam\AppData\Local\Programs\Python\Python313\Lib\site-packages\django\template\base.py", line 1052, in render_annotated
    return self.render(context)
           ~~~~~~~~~~~^^^^^^^^^
  File "C:\Users\zenam\AppData\Local\Programs\Python\Python313\Lib\site-packages\django\template\defaulttags.py", line 333, in render
    return nodelist.render(context)
           ~~~~~~~~~~~~~~~^^^^^^^^^
  File "C:\Users\zenam\AppData\Local\Programs\Python\Python313\Lib\site-packages\django\template\base.py", line 1091, in render
    return SafeString("".join([node.render_annotated(context) for node in self]))
                               ~~~~~~~~~~~~~~~~~~~~~^^^^^^^^^
  File "C:\Users\zenam\AppData\Local\Programs\Python\Python313\Lib\site-packages\django\template\base.py", line 1052, in render_annotated
    return self.render(context)
           ~~~~~~~~~~~^^^^^^^^^
  File "C:\Users\zenam\AppData\Local\Programs\Python\Python313\Lib\site-packages\django\template\base.py", line 1150, in render
    output = self.filter_expression.resolve(context)
  File "C:\Users\zenam\AppData\Local\Programs\Python\Python313\Lib\site-packages\django\template\base.py", line 788, in resolve
    obj = self.var.resolve(context)
  File "C:\Users\zenam\AppData\Local\Programs\Python\Python313\Lib\site-packages\django\template\base.py", line 928, in resolve
    value = self._resolve_lookup(context)
  File "C:\Users\zenam\AppData\Local\Programs\Python\Python313\Lib\site-packages\django\template\base.py", line 976, in _resolve_lookup
    current = getattr(current, bit)
  File "C:\Users\zenam\AppData\Local\Programs\Python\Python313\Lib\site-packages\debug_toolbar\panels\__init__.py", line 110, in content
    return render_to_string(self.template, self.get_stats())
  File "C:\Users\zenam\AppData\Local\Programs\Python\Python313\Lib\site-packages\django\template\loader.py", line 62, in render_to_string
    return template.render(context, request)
           ~~~~~~~~~~~~~~~^^^^^^^^^^^^^^^^^^
  File "C:\Users\zenam\AppData\Local\Programs\Python\Python313\Lib\site-packages\django\template\backends\django.py", line 107, in render
    return self.template.render(context)
           ~~~~~~~~~~~~~~~~~~~~^^^^^^^^^
  File "C:\Users\zenam\AppData\Local\Programs\Python\Python313\Lib\site-packages\django\template\base.py", line 174, in render
    return self._render(context)
           ~~~~~~~~~~~~^^^^^^^^^
  File "C:\Users\zenam\AppData\Local\Programs\Python\Python313\Lib\site-packages\django\test\utils.py", line 114, in instrumented_test_render
    return self.nodelist.render(context)
           ~~~~~~~~~~~~~~~~~~~~^^^^^^^^^
  File "C:\Users\zenam\AppData\Local\Programs\Python\Python313\Lib\site-packages\django\template\base.py", line 1091, in render
    return SafeString("".join([node.render_annotated(context) for node in self]))
                               ~~~~~~~~~~~~~~~~~~~~~^^^^^^^^^
  File "C:\Users\zenam\AppData\Local\Programs\Python\Python313\Lib\site-packages\django\template\base.py", line 1052, in render_annotated
    return self.render(context)
           ~~~~~~~~~~~^^^^^^^^^
  File "C:\Users\zenam\AppData\Local\Programs\Python\Python313\Lib\site-packages\django\template\defaulttags.py", line 333, in render
    return nodelist.render(context)
           ~~~~~~~~~~~~~~~^^^^^^^^^
  File "C:\Users\zenam\AppData\Local\Programs\Python\Python313\Lib\site-packages\django\template\base.py", line 1091, in render
    return SafeString("".join([node.render_annotated(context) for node in self]))
                               ~~~~~~~~~~~~~~~~~~~~~^^^^^^^^^
  File "C:\Users\zenam\AppData\Local\Programs\Python\Python313\Lib\site-packages\django\template\base.py", line 1052, in render_annotated
    return self.render(context)
           ~~~~~~~~~~~^^^^^^^^^
  File "C:\Users\zenam\AppData\Local\Programs\Python\Python313\Lib\site-packages\django\template\defaulttags.py", line 249, in render
    nodelist.append(node.render_annotated(context))
                    ~~~~~~~~~~~~~~~~~~~~~^^^^^^^^^
  File "C:\Users\zenam\AppData\Local\Programs\Python\Python313\Lib\site-packages\django\template\base.py", line 1052, in render_annotated
    return self.render(context)
           ~~~~~~~~~~~^^^^^^^^^
  File "C:\Users\zenam\AppData\Local\Programs\Python\Python313\Lib\site-packages\django\template\defaulttags.py", line 333, in render
    return nodelist.render(context)
           ~~~~~~~~~~~~~~~^^^^^^^^^
  File "C:\Users\zenam\AppData\Local\Programs\Python\Python313\Lib\site-packages\django\template\base.py", line 1091, in render
    return SafeString("".join([node.render_annotated(context) for node in self]))
                               ~~~~~~~~~~~~~~~~~~~~~^^^^^^^^^
  File "C:\Users\zenam\AppData\Local\Programs\Python\Python313\Lib\site-packages\django\template\base.py", line 1052, in render_annotated
    return self.render(context)
           ~~~~~~~~~~~^^^^^^^^^
  File "C:\Users\zenam\AppData\Local\Programs\Python\Python313\Lib\site-packages\django\template\defaulttags.py", line 333, in render
    return nodelist.render(context)
           ~~~~~~~~~~~~~~~^^^^^^^^^
  File "C:\Users\zenam\AppData\Local\Programs\Python\Python313\Lib\site-packages\django\template\base.py", line 1091, in render
    return SafeString("".join([node.render_annotated(context) for node in self]))
                               ~~~~~~~~~~~~~~~~~~~~~^^^^^^^^^
  File "C:\Users\zenam\AppData\Local\Programs\Python\Python313\Lib\site-packages\django\template\base.py", line 1052, in render_annotated
    return self.render(context)
           ~~~~~~~~~~~^^^^^^^^^
  File "C:\Users\zenam\AppData\Local\Programs\Python\Python313\Lib\site-packages\django\template\defaulttags.py", line 511, in render
    url = reverse(view_name, args=args, kwargs=kwargs, current_app=current_app)
  File "C:\Users\zenam\AppData\Local\Programs\Python\Python313\Lib\site-packages\django\urls\base.py", line 92, in reverse
    raise NoReverseMatch("%s is not a registered namespace" % key)
django.urls.exceptions.NoReverseMatch: 'djdt' is not a registered namespace
INFO 2026-10-05 14:53:22,901 middleware Request POST /cart/add/1/ by Anonymous in 9.84 ms | groups=Anonymous | status=302
ERROR 2026-10-05 14:53:22,942 log Internal Server Error: /cart/add/1/
Traceback (most recent call last):
  File "C:\Users\zenam\AppData\Local\Programs\Python\Python313\Lib\site-packages\django\template\base.py", line 964, in _resolve_lookup
    raise TypeError
TypeError

During handling of the above exception, another exception occurred:

Traceback (most recent call last):
  File "C:\Users\zenam\AppData\Local\Programs\Python\Python313\Lib\site-packages\django\urls\base.py", line 81, in reverse
    extra, resolver = resolver.namespace_dict[ns]
                      ~~~~~~~~~~~~~~~~~~~~~~~^^^^
KeyError: 'djdt'

During handling of the above exception, another exception occurred:

Traceback (most recent call last):
  File "C:\Users\zenam\AppData\Local\Programs\Python\Python313\Lib\site-packages\django\core\handlers\exception.py", line 55, in inner
    response = get_response(request)
  File "C:\Users\zenam\AppData\Local\Programs\Python\Python313\Lib\site-packages\debug_toolbar\middleware.py", line 130, in __call__
    return self._postprocess(request, response, toolbar)
           ~~~~~~~~~~~~~~~~~^^^^^^^^^^^^^^^^^^^^^^^^^^^^
  File "C:\Users\zenam\AppData\Local\Programs\Python\Python313\Lib\site-packages\debug_toolbar\middleware.py", line 172, in _postprocess
    rendered = toolbar.render_toolbar()
  File "C:\Users\zenam\AppData\Local\Programs\Python\Python313\Lib\site-packages\debug_toolbar\toolbar.py", line 96, in render_toolbar
    return render_to_string("debug_toolbar/base.html", context)
  File "C:\Users\zenam\AppData\Local\Programs\Python\Python313\Lib\site-packages\django\template\loader.py", line 62, in render_to_string
    return template.render(context, request)
           ~~~~~~~~~~~~~~~^^^^^^^^^^^^^^^^^^
  File "C:\Users\zenam\AppData\Local\Programs\Python\Python313\Lib\site-packages\django\template\backends\django.py", line 107, in render
    return self.template.render(context)
           ~~~~~~~~~~~~~~~~~~~~^^^^^^^^^
  File "C:\Users\zenam\AppData\Local\Programs\Python\Python313\Lib\site-packages\django\template\base.py", line 174, in render
    return self._render(context)
           ~~~~~~~~~~~~^^^^^^^^^
  File "C:\Users\zenam\AppData\Local\Programs\Python\Python313\Lib\site-packages\django\test\utils.py", line 114, in instrumented_test_render
    return self.nodelist.render(context)
           ~~~~~~~~~~~~~~~~~~~~^^^^^^^^^
  File "C:\Users\zenam\AppData\Local\Programs\Python\Python313\Lib\site-packages\django\template\base.py", line 1091, in render
    return SafeString("".join([node.render_annotated(context) for node in self]))
                               ~~~~~~~~~~~~~~~~~~~~~^^^^^^^^^
  File "C:\Users\zenam\AppData\Local\Programs\Python\Python313\Lib\site-packages\django\template\base.py", line 1052, in render_annotated
    return self.render(context)
           ~~~~~~~~~~~^^^^^^^^^
  File "C:\Users\zenam\AppData\Local\Programs\Python\Python313\Lib\site-packages\django\template\defaulttags.py", line 249, in render
    nodelist.append(node.render_annotated(context))
                    ~~~~~~~~~~~~~~~~~~~~~^^^^^^^^^
  File "C:\Users\zenam\AppData\Local\Programs\Python\Python313\Lib\site-packages\django\template\base.py", line 1052, in render_annotated
    return self.render(context)
           ~~~~~~~~~~~^^^^^^^^^
  File "C:\Users\zenam\AppData\Local\Programs\Python\Python313\Lib\site-packages\django\template\loader_tags.py", line 211, in render
    return template.render(context)
           ~~~~~~~~~~~~~~~^^^^^^^^^
  File "C:\Users\zenam\AppData\Local\Programs\Python\Python313\Lib\site-packages\django\template\base.py", line 176, in render
    return self._render(context)
           ~~~~~~~~~~~~^^^^^^^^^
  File "C:\Users\zenam\AppData\Local\Programs\Python\Python313\Lib\site-packages\django\test\utils.py", line 114, in instrumented_test_render
    return self.nodelist.render(context)
           ~~~~~~~~~~~~~~~~~~~~^^^^^^^^^
  File "C:\Users\zenam\AppData\Local\Programs\Python\Python313\Lib\site-packages\django\template\base.py", line 1091, in render
    return SafeString("".join([node.render_annotated(context) for node in self]))
                               ~~~~~~~~~~~~~~~~~~~~~^^^^^^^^^
  File "C:\Users\zenam\AppData\Local\Programs\Python\Python313\Lib\site-packages\django\template\base.py", line 1052, in render_annotated
    return self.render(context)
           ~~~~~~~~~~~^^^^^^^^^
  File "C:\Users\zenam\AppData\Local\Programs\Python\Python313\Lib\site-packages\django\template\defaulttags.py", line 333, in render
    return nodelist.render(context)
           ~~~~~~~~~~~~~~~^^^^^^^^^
  File "C:\Users\zenam\AppData\Local\Programs\Python\Python313\Lib\site-packages\django\template\base.py", line 1091, in render
    return SafeString("".join([node.render_annotated(context) for node in self]))
                               ~~~~~~~~~~~~~~~~~~~~~^^^^^^^^^
  File "C:\Users\zenam\AppData\Local\Programs\Python\Python313\Lib\site-packages\django\template\base.py", line 1052, in render_annotated
    return self.render(context)
           ~~~~~~~~~~~^^^^^^^^^
  File "C:\Users\zenam\AppData\Local\Programs\Python\Python313\Lib\site-packages\django\template\defaulttags.py", line 333, in render
    return nodelist.render(context)
           ~~~~~~~~~~~~~~~^^^^^^^^^
  File "C:\Users\zenam\AppData\Local\Programs\Python\Python313\Lib\site-packages\django\template\base.py", line 1091, in render
    return SafeString("".join([node.render_annotated(context) for node in self]))
                               ~~~~~~~~~~~~~~~~~~~~~^^^^^^^^^
  File "C:\Users\zenam\AppData\Local\Programs\Python\Python313\Lib\site-packages\django\template\base.py", line 1052, in render_annotated
    return self.render(context)
           ~~~~~~~~~~~^^^^^^^^^
  File "C:\Users\zenam\AppData\Local\Programs\Python\Python313\Lib\site-packages\django\template\base.py", line 1150, in render
    output = self.filter_expression.resolve(context)
  File "C:\Users\zenam\AppData\Local\Programs\Python\Python313\Lib\site-packages\django\template\base.py", line 788, in resolve
    obj = self.var.resolve(context)
  File "C:\Users\zenam\AppData\Local\Programs\Python\Python313\Lib\site-packages\django\template\base.py", line 928, in resolve
    value = self._resolve_lookup(context)
  File "C:\Users\zenam\AppData\Local\Programs\Python\Python313\Lib\site-packages\django\template\base.py", line 976, in _resolve_lookup
    current = getattr(current, bit)
  File "C:\Users\zenam\AppData\Local\Programs\Python\Python313\Lib\site-packages\debug_toolbar\panels\__init__.py", line 110, in content
    return render_to_string(self.template, self.get_stats())
  File "C:\Users\zenam\AppData\Local\Programs\Python\Python313\Lib\site-packages\django\template\loader.py", line 62, in render_to_string
    return template.render(context, request)
           ~~~~~~~~~~~~~~~^^^^^^^^^^^^^^^^^^
  File "C:\Users\zenam\AppData\Local\Programs\Python\Python313\Lib\site-packages\django\template\backends\django.py", line 107, in render
    return self.template.render(context)
           ~~~~~~~~~~~~~~~~~~~~^^^^^^^^^
  File "C:\Users\zenam\AppData\Local\Programs\Python\Python313\Lib\site-packages\django\template\base.py", line 174, in render
    return self._render(context)
           ~~~~~~~~~~~~^^^^^^^^^
  File "C:\Users\zenam\AppData\Local\Programs\Python\Python313\Lib\site-packages\django\test\utils.py", line 114, in instrumented_test_render
    return self.nodelist.render(context)
           ~~~~~~~~~~~~~~~~~~~~^^^^^^^^^
  File "C:\Users\zenam\AppData\Local\Programs\Python\Python313\Lib\site-packages\django\template\base.py", line 1091, in render
    return SafeString("".join([node.render_annotated(context) for node in self]))
                               ~~~~~~~~~~~~~~~~~~~~~^^^^^^^^^
  File "C:\Users\zenam\AppData\Local\Programs\Python\Python313\Lib\site-packages\django\template\base.py", line 1052, in render_annotated
    return self.render(context)
           ~~~~~~~~~~~^^^^^^^^^
  File "C:\Users\zenam\AppData\Local\Programs\Python\Python313\Lib\site-packages\django\template\defaulttags.py", line 333, in render
    return nodelist.render(context)
           ~~~~~~~~~~~~~~~^^^^^^^^^
  File "C:\Users\zenam\AppData\Local\Programs\Python\Python313\Lib\site-packages\django\template\base.py", line 1091, in render
    return SafeString("".join([node.render_annotated(context) for node in self]))
                               ~~~~~~~~~~~~~~~~~~~~~^^^^^^^^^
  File "C:\Users\zenam\AppData\Local\Programs\Python\Python313\Lib\site-packages\django\template\base.py", line 1052, in render_annotated
    return self.render(context)
           ~~~~~~~~~~~^^^^^^^^^
  File "C:\Users\zenam\AppData\Local\Programs\Python\Python313\Lib\site-packages\django\template\defaulttags.py", line 249, in render
    nodelist.append(node.render_annotated(context))
                    ~~~~~~~~~~~~~~~~~~~~~^^^^^^^^^
  File "C:\Users\zenam\AppData\Local\Programs\Python\Python313\Lib\site-packages\django\template\base.py", line 1052, in render_annotated
    return self.render(context)
           ~~~~~~~~~~~^^^^^^^^^
  File "C:\Users\zenam\AppData\Local\Programs\Python\Python313\Lib\site-packages\django\template\defaulttags.py", line 333, in render
    return nodelist.render(context)
           ~~~~~~~~~~~~~~~^^^^^^^^^
  File "C:\Users\zenam\AppData\Local\Programs\Python\Python313\Lib\site-packages\django\template\base.py", line 1091, in render
    return SafeString("".join([node.render_annotated(context) for node in self]))
                               ~~~~~~~~~~~~~~~~~~~~~^^^^^^^^^
  File "C:\Users\zenam\AppData\Local\Programs\Python\Python313\Lib\site-packages\django\template\base.py", line 1052, in render_annotated
    return self.render(context)
           ~~~~~~~~~~~^^^^^^^^^
  File "C:\Users\zenam\AppData\Local\Programs\Python\Python313\Lib\site-packages\django\template\defaulttags.py", line 333, in render
    return nodelist.render(context)
           ~~~~~~~~~~~~~~~^^^^^^^^^
  File "C:\Users\zenam\AppData\Local\Programs\Python\Python313\Lib\site-packages\django\template\base.py", line 1091, in render
    return SafeString("".join([node.render_annotated(context) for node in self]))
                               ~~~~~~~~~~~~~~~~~~~~~^^^^^^^^^
  File "C:\Users\zenam\AppData\Local\Programs\Python\Python313\Lib\site-packages\django\template\base.py", line 1052, in render_annotated
    return self.render(context)
           ~~~~~~~~~~~^^^^^^^^^
  File "C:\Users\zenam\AppData\Local\Programs\Python\Python313\Lib\site-packages\django\template\defaulttags.py", line 511, in render
    url = reverse(view_name, args=args, kwargs=kwargs, current_app=current_app)
  File "C:\Users\zenam\AppData\Local\Programs\Python\Python313\Lib\site-packages\django\urls\base.py", line 92, in reverse
    raise NoReverseMatch("%s is not a registered namespace" % key)
django.urls.exceptions.NoReverseMatch: 'djdt' is not a registered namespace
INFO 2026-10-05 14:53:23,706 middleware Request GET /checkout/success/ by Anonymous in 7.05 ms | groups=Anonymous | status=200
ERROR 2026-10-05 14:53:23,746 log Internal Server Error: /checkout/success/
Traceback (most recent call last):
  File "C:\Users\zenam\AppData\Local\Programs\Python\Python313\Lib\site-packages\django\template\base.py", line 964, in _resolve_lookup
    raise TypeError
TypeError

During handling of the above exception, another exception occurred:

Traceback (most recent call last):
  File "C:\Users\zenam\AppData\Local\Programs\Python\Python313\Lib\site-packages\django\urls\base.py", line 81, in reverse
    extra, resolver = resolver.namespace_dict[ns]
                      ~~~~~~~~~~~~~~~~~~~~~~~^^^^
KeyError: 'djdt'

During handling of the above exception, another exception occurred:

Traceback (most recent call last):
  File "C:\Users\zenam\AppData\Local\Programs\Python\Python313\Lib\site-packages\django\core\handlers\exception.py", line 55, in inner
    response = get_response(request)
  File "C:\Users\zenam\AppData\Local\Programs\Python\Python313\Lib\site-packages\debug_toolbar\middleware.py", line 130, in __call__
    return self._postprocess(request, response, toolbar)
           ~~~~~~~~~~~~~~~~~^^^^^^^^^^^^^^^^^^^^^^^^^^^^
  File "C:\Users\zenam\AppData\Local\Programs\Python\Python313\Lib\site-packages\debug_toolbar\middleware.py", line 172, in _postprocess
    rendered = toolbar.render_toolbar()
  File "C:\Users\zenam\AppData\Local\Programs\Python\Python313\Lib\site-packages\debug_toolbar\toolbar.py", line 96, in render_toolbar
    return render_to_string("debug_toolbar/base.html", context)
  File "C:\Users\zenam\AppData\Local\Programs\Python\Python313\Lib\site-packages\django\template\loader.py", line 62, in render_to_string
    return template.render(context, request)
           ~~~~~~~~~~~~~~~^^^^^^^^^^^^^^^^^^
  File "C:\Users\zenam\AppData\Local\Programs\Python\Python313\Lib\site-packages\django\template\backends\django.py", line 107, in render
    return self.template.render(context)
           ~~~~~~~~~~~~~~~~~~~~^^^^^^^^^
  File "C:\Users\zenam\AppData\Local\Programs\Python\Python313\Lib\site-packages\django\template\base.py", line 174, in render
    return self._render(context)
           ~~~~~~~~~~~~^^^^^^^^^
  File "C:\Users\zenam\AppData\Local\Programs\Python\Python313\Lib\site-packages\django\test\utils.py", line 114, in instrumented_test_render
    return self.nodelist.render(context)
           ~~~~~~~~~~~~~~~~~~~~^^^^^^^^^
  File "C:\Users\zenam\AppData\Local\Programs\Python\Python313\Lib\site-packages\django\template\base.py", line 1091, in render
    return SafeString("".join([node.render_annotated(context) for node in self]))
                               ~~~~~~~~~~~~~~~~~~~~~^^^^^^^^^
  File "C:\Users\zenam\AppData\Local\Programs\Python\Python313\Lib\site-packages\django\template\base.py", line 1052, in render_annotated
    return self.render(context)
           ~~~~~~~~~~~^^^^^^^^^
  File "C:\Users\zenam\AppData\Local\Programs\Python\Python313\Lib\site-packages\django\template\defaulttags.py", line 249, in render
    nodelist.append(node.render_annotated(context))
                    ~~~~~~~~~~~~~~~~~~~~~^^^^^^^^^
  File "C:\Users\zenam\AppData\Local\Programs\Python\Python313\Lib\site-packages\django\template\base.py", line 1052, in render_annotated
    return self.render(context)
           ~~~~~~~~~~~^^^^^^^^^
  File "C:\Users\zenam\AppData\Local\Programs\Python\Python313\Lib\site-packages\django\template\loader_tags.py", line 211, in render
    return template.render(context)
           ~~~~~~~~~~~~~~~^^^^^^^^^
  File "C:\Users\zenam\AppData\Local\Programs\Python\Python313\Lib\site-packages\django\template\base.py", line 176, in render
    return self._render(context)
           ~~~~~~~~~~~~^^^^^^^^^
  File "C:\Users\zenam\AppData\Local\Programs\Python\Python313\Lib\site-packages\django\test\utils.py", line 114, in instrumented_test_render
    return self.nodelist.render(context)
           ~~~~~~~~~~~~~~~~~~~~^^^^^^^^^
  File "C:\Users\zenam\AppData\Local\Programs\Python\Python313\Lib\site-packages\django\template\base.py", line 1091, in render
    return SafeString("".join([node.render_annotated(context) for node in self]))
                               ~~~~~~~~~~~~~~~~~~~~~^^^^^^^^^
  File "C:\Users\zenam\AppData\Local\Programs\Python\Python313\Lib\site-packages\django\template\base.py", line 1052, in render_annotated
    return self.render(context)
           ~~~~~~~~~~~^^^^^^^^^
  File "C:\Users\zenam\AppData\Local\Programs\Python\Python313\Lib\site-packages\django\template\defaulttags.py", line 333, in render
    return nodelist.render(context)
           ~~~~~~~~~~~~~~~^^^^^^^^^
  File "C:\Users\zenam\AppData\Local\Programs\Python\Python313\Lib\site-packages\django\template\base.py", line 1091, in render
    return SafeString("".join([node.render_annotated(context) for node in self]))
                               ~~~~~~~~~~~~~~~~~~~~~^^^^^^^^^
  File "C:\Users\zenam\AppData\Local\Programs\Python\Python313\Lib\site-packages\django\template\base.py", line 1052, in render_annotated
    return self.render(context)
           ~~~~~~~~~~~^^^^^^^^^
  File "C:\Users\zenam\AppData\Local\Programs\Python\Python313\Lib\site-packages\django\template\defaulttags.py", line 333, in render
    return nodelist.render(context)
           ~~~~~~~~~~~~~~~^^^^^^^^^
  File "C:\Users\zenam\AppData\Local\Programs\Python\Python313\Lib\site-packages\django\template\base.py", line 1091, in render
    return SafeString("".join([node.render_annotated(context) for node in self]))
                               ~~~~~~~~~~~~~~~~~~~~~^^^^^^^^^
  File "C:\Users\zenam\AppData\Local\Programs\Python\Python313\Lib\site-packages\django\template\base.py", line 1052, in render_annotated
    return self.render(context)
           ~~~~~~~~~~~^^^^^^^^^
  File "C:\Users\zenam\AppData\Local\Programs\Python\Python313\Lib\site-packages\django\template\base.py", line 1150, in render
    output = self.filter_expression.resolve(context)
  File "C:\Users\zenam\AppData\Local\Programs\Python\Python313\Lib\site-packages\django\template\base.py", line 788, in resolve
    obj = self.var.resolve(context)
  File "C:\Users\zenam\AppData\Local\Programs\Python\Python313\Lib\site-packages\django\template\base.py", line 928, in resolve
    value = self._resolve_lookup(context)
  File "C:\Users\zenam\AppData\Local\Programs\Python\Python313\Lib\site-packages\django\template\base.py", line 976, in _resolve_lookup
    current = getattr(current, bit)
  File "C:\Users\zenam\AppData\Local\Programs\Python\Python313\Lib\site-packages\debug_toolbar\panels\__init__.py", line 110, in content
    return render_to_string(self.template, self.get_stats())
  File "C:\Users\zenam\AppData\Local\Programs\Python\Python313\Lib\site-packages\django\template\loader.py", line 62, in render_to_string
    return template.render(context, request)
           ~~~~~~~~~~~~~~~^^^^^^^^^^^^^^^^^^
  File "C:\Users\zenam\AppData\Local\Programs\Python\Python313\Lib\site-packages\django\template\backends\django.py", line 107, in render
    return self.template.render(context)
           ~~~~~~~~~~~~~~~~~~~~^^^^^^^^^
  File "C:\Users\zenam\AppData\Local\Programs\Python\Python313\Lib\site-packages\django\template\base.py", line 174, in render
    return self._render(context)
           ~~~~~~~~~~~~^^^^^^^^^
  File "C:\Users\zenam\AppData\Local\Programs\Python\Python313\Lib\site-packages\django\test\utils.py", line 114, in instrumented_test_render
    return self.nodelist.render(context)
           ~~~~~~~~~~~~~~~~~~~~^^^^^^^^^
  File "C:\Users\zenam\AppData\Local\Programs\Python\Python313\Lib\site-packages\django\template\base.py", line 1091, in render
    return SafeString("".join([node.render_annotated(context) for node in self]))
                               ~~~~~~~~~~~~~~~~~~~~~^^^^^^^^^
  File "C:\Users\zenam\AppData\Local\Programs\Python\Python313\Lib\site-packages\django\template\base.py", line 1052, in render_annotated
    return self.render(context)
           ~~~~~~~~~~~^^^^^^^^^
  File "C:\Users\zenam\AppData\Local\Programs\Python\Python313\Lib\site-packages\django\template\defaulttags.py", line 333, in render
    return nodelist.render(context)
           ~~~~~~~~~~~~~~~^^^^^^^^^
  File "C:\Users\zenam\AppData\Local\Programs\Python\Python313\Lib\site-packages\django\template\base.py", line 1091, in render
    return SafeString("".join([node.render_annotated(context) for node in self]))
                               ~~~~~~~~~~~~~~~~~~~~~^^^^^^^^^
  File "C:\Users\zenam\AppData\Local\Programs\Python\Python313\Lib\site-packages\django\template\base.py", line 1052, in render_annotated
    return self.render(context)
           ~~~~~~~~~~~^^^^^^^^^
  File "C:\Users\zenam\AppData\Local\Programs\Python\Python313\Lib\site-packages\django\template\defaulttags.py", line 249, in render
    nodelist.append(node.render_annotated(context))
                    ~~~~~~~~~~~~~~~~~~~~~^^^^^^^^^
  File "C:\Users\zenam\AppData\Local\Programs\Python\Python313\Lib\site-packages\django\template\base.py", line 1052, in render_annotated
    return self.render(context)
           ~~~~~~~~~~~^^^^^^^^^
  File "C:\Users\zenam\AppData\Local\Programs\Python\Python313\Lib\site-packages\django\template\defaulttags.py", line 333, in render
    return nodelist.render(context)
           ~~~~~~~~~~~~~~~^^^^^^^^^
  File "C:\Users\zenam\AppData\Local\Programs\Python\Python313\Lib\site-packages\django\template\base.py", line 1091, in render
    return SafeString("".join([node.render_annotated(context) for node in self]))
                               ~~~~~~~~~~~~~~~~~~~~~^^^^^^^^^
  File "C:\Users\zenam\AppData\Local\Programs\Python\Python313\Lib\site-packages\django\template\base.py", line 1052, in render_annotated
    return self.render(context)
           ~~~~~~~~~~~^^^^^^^^^
  File "C:\Users\zenam\AppData\Local\Programs\Python\Python313\Lib\site-packages\django\template\defaulttags.py", line 333, in render
    return nodelist.render(context)
           ~~~~~~~~~~~~~~~^^^^^^^^^
  File "C:\Users\zenam\AppData\Local\Programs\Python\Python313\Lib\site-packages\django\template\base.py", line 1091, in render
    return SafeString("".join([node.render_annotated(context) for node in self]))
                               ~~~~~~~~~~~~~~~~~~~~~^^^^^^^^^
  File "C:\Users\zenam\AppData\Local\Programs\Python\Python313\Lib\site-packages\django\template\base.py", line 1052, in render_annotated
    return self.render(context)
           ~~~~~~~~~~~^^^^^^^^^
  File "C:\Users\zenam\AppData\Local\Programs\Python\Python313\Lib\site-packages\django\template\defaulttags.py", line 511, in render
    url = reverse(view_name, args=args, kwargs=kwargs, current_app=current_app)
  File "C:\Users\zenam\AppData\Local\Programs\Python\Python313\Lib\site-packages\django\urls\base.py", line 92, in reverse
    raise NoReverseMatch("%s is not a registered namespace" % key)
django.urls.exceptions.NoReverseMatch: 'djdt' is not a registered namespace
INFO 2026-10-05 14:53:24,493 middleware Request GET /checkout/cancel/ by Anonymous in 0.41 ms | groups=Anonymous | status=200
ERROR 2026-10-05 14:53:24,540 log Internal Server Error: /async/
Traceback (most recent call last):
  File "C:\Users\zenam\AppData\Local\Programs\Python\Python313\Lib\site-packages\django\core\handlers\exception.py", line 55, in inner
    response = get_response(request)
  File "C:\Users\zenam\AppData\Local\Programs\Python\Python313\Lib\site-packages\django\core\handlers\base.py", line 198, in _get_response
    response = wrapped_callback(request, *callback_args, **callback_kwargs)
  File "C:\Users\zenam\AppData\Local\Programs\Python\Python313\Lib\site-packages\asgiref\sync.py", line 325, in __call__
    return call_result.result()
           ~~~~~~~~~~~~~~~~~~^^
  File "C:\Users\zenam\AppData\Local\Programs\Python\Python313\Lib\concurrent\futures\_base.py", line 449, in result
    return self.__get_result()
           ~~~~~~~~~~~~~~~~~^^
  File "C:\Users\zenam\AppData\Local\Programs\Python\Python313\Lib\concurrent\futures\_base.py", line 401, in __get_result
    raise self._exception
  File "C:\Users\zenam\AppData\Local\Programs\Python\Python313\Lib\site-packages\asgiref\sync.py", line 365, in main_wrap
    result = await awaitable
             ^^^^^^^^^^^^^^^
  File "C:\Users\zenam\django_flask_env\books\views.py", line 175, in async_book_list
    async for book in Book.objects.select_related('category').order_by('title').aiter():
                      ^^^^^^^^^^^^^^^^^^^^^^^^^^^^^^^^^^^^^^^^^^^^^^^^^^^^^^^^^^^^^^^
AttributeError: 'QuerySet' object has no attribute 'aiter'. Did you mean: 'filter'?
INFO 2026-10-05 14:53:24,544 middleware Request GET /async/ by Anonymous in 9.05 ms | groups=Anonymous | status=500
INFO 2026-10-05 14:53:24,757 middleware Request GET /async/1/ by Anonymous in 5.83 ms | groups=Anonymous | status=200
ERROR 2026-10-05 14:53:24,785 log Internal Server Error: /async/1/
Traceback (most recent call last):
  File "C:\Users\zenam\AppData\Local\Programs\Python\Python313\Lib\site-packages\django\template\base.py", line 964, in _resolve_lookup
    raise TypeError
TypeError

During handling of the above exception, another exception occurred:

Traceback (most recent call last):
  File "C:\Users\zenam\AppData\Local\Programs\Python\Python313\Lib\site-packages\django\urls\base.py", line 81, in reverse
    extra, resolver = resolver.namespace_dict[ns]
                      ~~~~~~~~~~~~~~~~~~~~~~~^^^^
KeyError: 'djdt'

During handling of the above exception, another exception occurred:

Traceback (most recent call last):
  File "C:\Users\zenam\AppData\Local\Programs\Python\Python313\Lib\site-packages\django\core\handlers\exception.py", line 55, in inner
    response = get_response(request)
  File "C:\Users\zenam\AppData\Local\Programs\Python\Python313\Lib\site-packages\debug_toolbar\middleware.py", line 130, in __call__
    return self._postprocess(request, response, toolbar)
           ~~~~~~~~~~~~~~~~~^^^^^^^^^^^^^^^^^^^^^^^^^^^^
  File "C:\Users\zenam\AppData\Local\Programs\Python\Python313\Lib\site-packages\debug_toolbar\middleware.py", line 172, in _postprocess
    rendered = toolbar.render_toolbar()
  File "C:\Users\zenam\AppData\Local\Programs\Python\Python313\Lib\site-packages\debug_toolbar\toolbar.py", line 96, in render_toolbar
    return render_to_string("debug_toolbar/base.html", context)
  File "C:\Users\zenam\AppData\Local\Programs\Python\Python313\Lib\site-packages\django\template\loader.py", line 62, in render_to_string
    return template.render(context, request)
           ~~~~~~~~~~~~~~~^^^^^^^^^^^^^^^^^^
  File "C:\Users\zenam\AppData\Local\Programs\Python\Python313\Lib\site-packages\django\template\backends\django.py", line 107, in render
    return self.template.render(context)
           ~~~~~~~~~~~~~~~~~~~~^^^^^^^^^
  File "C:\Users\zenam\AppData\Local\Programs\Python\Python313\Lib\site-packages\django\template\base.py", line 174, in render
    return self._render(context)
           ~~~~~~~~~~~~^^^^^^^^^
  File "C:\Users\zenam\AppData\Local\Programs\Python\Python313\Lib\site-packages\django\test\utils.py", line 114, in instrumented_test_render
    return self.nodelist.render(context)
           ~~~~~~~~~~~~~~~~~~~~^^^^^^^^^
  File "C:\Users\zenam\AppData\Local\Programs\Python\Python313\Lib\site-packages\django\template\base.py", line 1091, in render
    return SafeString("".join([node.render_annotated(context) for node in self]))
                               ~~~~~~~~~~~~~~~~~~~~~^^^^^^^^^
  File "C:\Users\zenam\AppData\Local\Programs\Python\Python313\Lib\site-packages\django\template\base.py", line 1052, in render_annotated
    return self.render(context)
           ~~~~~~~~~~~^^^^^^^^^
  File "C:\Users\zenam\AppData\Local\Programs\Python\Python313\Lib\site-packages\django\template\defaulttags.py", line 249, in render
    nodelist.append(node.render_annotated(context))
                    ~~~~~~~~~~~~~~~~~~~~~^^^^^^^^^
  File "C:\Users\zenam\AppData\Local\Programs\Python\Python313\Lib\site-packages\django\template\base.py", line 1052, in render_annotated
    return self.render(context)
           ~~~~~~~~~~~^^^^^^^^^
  File "C:\Users\zenam\AppData\Local\Programs\Python\Python313\Lib\site-packages\django\template\loader_tags.py", line 211, in render
    return template.render(context)
           ~~~~~~~~~~~~~~~^^^^^^^^^
  File "C:\Users\zenam\AppData\Local\Programs\Python\Python313\Lib\site-packages\django\template\base.py", line 176, in render
    return self._render(context)
           ~~~~~~~~~~~~^^^^^^^^^
  File "C:\Users\zenam\AppData\Local\Programs\Python\Python313\Lib\site-packages\django\test\utils.py", line 114, in instrumented_test_render
    return self.nodelist.render(context)
           ~~~~~~~~~~~~~~~~~~~~^^^^^^^^^
  File "C:\Users\zenam\AppData\Local\Programs\Python\Python313\Lib\site-packages\django\template\base.py", line 1091, in render
    return SafeString("".join([node.render_annotated(context) for node in self]))
                               ~~~~~~~~~~~~~~~~~~~~~^^^^^^^^^
  File "C:\Users\zenam\AppData\Local\Programs\Python\Python313\Lib\site-packages\django\template\base.py", line 1052, in render_annotated
    return self.render(context)
           ~~~~~~~~~~~^^^^^^^^^
  File "C:\Users\zenam\AppData\Local\Programs\Python\Python313\Lib\site-packages\django\template\defaulttags.py", line 333, in render
    return nodelist.render(context)
           ~~~~~~~~~~~~~~~^^^^^^^^^
  File "C:\Users\zenam\AppData\Local\Programs\Python\Python313\Lib\site-packages\django\template\base.py", line 1091, in render
    return SafeString("".join([node.render_annotated(context) for node in self]))
                               ~~~~~~~~~~~~~~~~~~~~~^^^^^^^^^
  File "C:\Users\zenam\AppData\Local\Programs\Python\Python313\Lib\site-packages\django\template\base.py", line 1052, in render_annotated
    return self.render(context)
           ~~~~~~~~~~~^^^^^^^^^
  File "C:\Users\zenam\AppData\Local\Programs\Python\Python313\Lib\site-packages\django\template\defaulttags.py", line 333, in render
    return nodelist.render(context)
           ~~~~~~~~~~~~~~~^^^^^^^^^
  File "C:\Users\zenam\AppData\Local\Programs\Python\Python313\Lib\site-packages\django\template\base.py", line 1091, in render
    return SafeString("".join([node.render_annotated(context) for node in self]))
                               ~~~~~~~~~~~~~~~~~~~~~^^^^^^^^^
  File "C:\Users\zenam\AppData\Local\Programs\Python\Python313\Lib\site-packages\django\template\base.py", line 1052, in render_annotated
    return self.render(context)
           ~~~~~~~~~~~^^^^^^^^^
  File "C:\Users\zenam\AppData\Local\Programs\Python\Python313\Lib\site-packages\django\template\base.py", line 1150, in render
    output = self.filter_expression.resolve(context)
  File "C:\Users\zenam\AppData\Local\Programs\Python\Python313\Lib\site-packages\django\template\base.py", line 788, in resolve
    obj = self.var.resolve(context)
  File "C:\Users\zenam\AppData\Local\Programs\Python\Python313\Lib\site-packages\django\template\base.py", line 928, in resolve
    value = self._resolve_lookup(context)
  File "C:\Users\zenam\AppData\Local\Programs\Python\Python313\Lib\site-packages\django\template\base.py", line 976, in _resolve_lookup
    current = getattr(current, bit)
  File "C:\Users\zenam\AppData\Local\Programs\Python\Python313\Lib\site-packages\debug_toolbar\panels\__init__.py", line 110, in content
    return render_to_string(self.template, self.get_stats())
  File "C:\Users\zenam\AppData\Local\Programs\Python\Python313\Lib\site-packages\django\template\loader.py", line 62, in render_to_string
    return template.render(context, request)
           ~~~~~~~~~~~~~~~^^^^^^^^^^^^^^^^^^
  File "C:\Users\zenam\AppData\Local\Programs\Python\Python313\Lib\site-packages\django\template\backends\django.py", line 107, in render
    return self.template.render(context)
           ~~~~~~~~~~~~~~~~~~~~^^^^^^^^^
  File "C:\Users\zenam\AppData\Local\Programs\Python\Python313\Lib\site-packages\django\template\base.py", line 174, in render
    return self._render(context)
           ~~~~~~~~~~~~^^^^^^^^^
  File "C:\Users\zenam\AppData\Local\Programs\Python\Python313\Lib\site-packages\django\test\utils.py", line 114, in instrumented_test_render
    return self.nodelist.render(context)
           ~~~~~~~~~~~~~~~~~~~~^^^^^^^^^
  File "C:\Users\zenam\AppData\Local\Programs\Python\Python313\Lib\site-packages\django\template\base.py", line 1091, in render
    return SafeString("".join([node.render_annotated(context) for node in self]))
                               ~~~~~~~~~~~~~~~~~~~~~^^^^^^^^^
  File "C:\Users\zenam\AppData\Local\Programs\Python\Python313\Lib\site-packages\django\template\base.py", line 1052, in render_annotated
    return self.render(context)
           ~~~~~~~~~~~^^^^^^^^^
  File "C:\Users\zenam\AppData\Local\Programs\Python\Python313\Lib\site-packages\django\template\defaulttags.py", line 333, in render
    return nodelist.render(context)
           ~~~~~~~~~~~~~~~^^^^^^^^^
  File "C:\Users\zenam\AppData\Local\Programs\Python\Python313\Lib\site-packages\django\template\base.py", line 1091, in render
    return SafeString("".join([node.render_annotated(context) for node in self]))
                               ~~~~~~~~~~~~~~~~~~~~~^^^^^^^^^
  File "C:\Users\zenam\AppData\Local\Programs\Python\Python313\Lib\site-packages\django\template\base.py", line 1052, in render_annotated
    return self.render(context)
           ~~~~~~~~~~~^^^^^^^^^
  File "C:\Users\zenam\AppData\Local\Programs\Python\Python313\Lib\site-packages\django\template\defaulttags.py", line 249, in render
    nodelist.append(node.render_annotated(context))
                    ~~~~~~~~~~~~~~~~~~~~~^^^^^^^^^
  File "C:\Users\zenam\AppData\Local\Programs\Python\Python313\Lib\site-packages\django\template\base.py", line 1052, in render_annotated
    return self.render(context)
           ~~~~~~~~~~~^^^^^^^^^
  File "C:\Users\zenam\AppData\Local\Programs\Python\Python313\Lib\site-packages\django\template\defaulttags.py", line 333, in render
    return nodelist.render(context)
           ~~~~~~~~~~~~~~~^^^^^^^^^
  File "C:\Users\zenam\AppData\Local\Programs\Python\Python313\Lib\site-packages\django\template\base.py", line 1091, in render
    return SafeString("".join([node.render_annotated(context) for node in self]))
                               ~~~~~~~~~~~~~~~~~~~~~^^^^^^^^^
  File "C:\Users\zenam\AppData\Local\Programs\Python\Python313\Lib\site-packages\django\template\base.py", line 1052, in render_annotated
    return self.render(context)
           ~~~~~~~~~~~^^^^^^^^^
  File "C:\Users\zenam\AppData\Local\Programs\Python\Python313\Lib\site-packages\django\template\defaulttags.py", line 333, in render
    return nodelist.render(context)
           ~~~~~~~~~~~~~~~^^^^^^^^^
  File "C:\Users\zenam\AppData\Local\Programs\Python\Python313\Lib\site-packages\django\template\base.py", line 1091, in render
    return SafeString("".join([node.render_annotated(context) for node in self]))
                               ~~~~~~~~~~~~~~~~~~~~~^^^^^^^^^
  File "C:\Users\zenam\AppData\Local\Programs\Python\Python313\Lib\site-packages\django\template\base.py", line 1052, in render_annotated
    return self.render(context)
           ~~~~~~~~~~~^^^^^^^^^
  File "C:\Users\zenam\AppData\Local\Programs\Python\Python313\Lib\site-packages\django\template\defaulttags.py", line 511, in render
    url = reverse(view_name, args=args, kwargs=kwargs, current_app=current_app)
  File "C:\Users\zenam\AppData\Local\Programs\Python\Python313\Lib\site-packages\django\urls\base.py", line 92, in reverse
    raise NoReverseMatch("%s is not a registered namespace" % key)
django.urls.exceptions.NoReverseMatch: 'djdt' is not a registered namespace
ERROR 2026-10-05 14:53:25,434 log Internal Server Error: /async/cart/
Traceback (most recent call last):
  File "C:\Users\zenam\AppData\Local\Programs\Python\Python313\Lib\site-packages\django\contrib\sessions\backends\base.py", line 246, in _get_session
    return self._session_cache
           ^^^^^^^^^^^^^^^^^^^
AttributeError: 'SessionStore' object has no attribute '_session_cache'

During handling of the above exception, another exception occurred:

Traceback (most recent call last):
  File "C:\Users\zenam\AppData\Local\Programs\Python\Python313\Lib\site-packages\django\core\handlers\exception.py", line 55, in inner
    response = get_response(request)
  File "C:\Users\zenam\AppData\Local\Programs\Python\Python313\Lib\site-packages\django\core\handlers\base.py", line 198, in _get_response
    response = wrapped_callback(request, *callback_args, **callback_kwargs)
  File "C:\Users\zenam\AppData\Local\Programs\Python\Python313\Lib\site-packages\asgiref\sync.py", line 325, in __call__
    return call_result.result()
           ~~~~~~~~~~~~~~~~~~^^
  File "C:\Users\zenam\AppData\Local\Programs\Python\Python313\Lib\concurrent\futures\_base.py", line 449, in result
    return self.__get_result()
           ~~~~~~~~~~~~~~~~~^^
  File "C:\Users\zenam\AppData\Local\Programs\Python\Python313\Lib\concurrent\futures\_base.py", line 401, in __get_result
    raise self._exception
  File "C:\Users\zenam\AppData\Local\Programs\Python\Python313\Lib\site-packages\asgiref\sync.py", line 365, in main_wrap
    result = await awaitable
             ^^^^^^^^^^^^^^^
  File "C:\Users\zenam\django_flask_env\books\views.py", line 202, in async_cart_summary
    cart = request.session.get('cart', {})
  File "C:\Users\zenam\AppData\Local\Programs\Python\Python313\Lib\site-packages\django\contrib\sessions\backends\base.py", line 74, in get
    return self._session.get(key, default)
           ^^^^^^^^^^^^^
  File "C:\Users\zenam\AppData\Local\Programs\Python\Python313\Lib\site-packages\django\contrib\sessions\backends\base.py", line 251, in _get_session
    self._session_cache = self.load()
                          ~~~~~~~~~^^
  File "C:\Users\zenam\AppData\Local\Programs\Python\Python313\Lib\site-packages\django\contrib\sessions\backends\db.py", line 55, in load
    s = self._get_session_from_db()
  File "C:\Users\zenam\AppData\Local\Programs\Python\Python313\Lib\site-packages\django\contrib\sessions\backends\db.py", line 34, in _get_session_from_db
    return self.model.objects.get(
           ~~~~~~~~~~~~~~~~~~~~~~^
        session_key=self.session_key, expire_date__gt=timezone.now()
        ^^^^^^^^^^^^^^^^^^^^^^^^^^^^^^^^^^^^^^^^^^^^^^^^^^^^^^^^^^^^
    )
    ^
  File "C:\Users\zenam\AppData\Local\Programs\Python\Python313\Lib\site-packages\django\db\models\manager.py", line 87, in manager_method
    return getattr(self.get_queryset(), name)(*args, **kwargs)
           ~~~~~~~~~~~~~~~~~~~~~~~~~~~~~~~~~~^^^^^^^^^^^^^^^^^
  File "C:\Users\zenam\AppData\Local\Programs\Python\Python313\Lib\site-packages\django\db\models\query.py", line 635, in get
    num = len(clone)
  File "C:\Users\zenam\AppData\Local\Programs\Python\Python313\Lib\site-packages\django\db\models\query.py", line 372, in __len__
    self._fetch_all()
    ~~~~~~~~~~~~~~~^^
  File "C:\Users\zenam\AppData\Local\Programs\Python\Python313\Lib\site-packages\django\db\models\query.py", line 2000, in _fetch_all
    self._result_cache = list(self._iterable_class(self))
                         ~~~~^^^^^^^^^^^^^^^^^^^^^^^^^^^^
  File "C:\Users\zenam\AppData\Local\Programs\Python\Python313\Lib\site-packages\django\db\models\query.py", line 95, in __iter__
    results = compiler.execute_sql(
        chunked_fetch=self.chunked_fetch, chunk_size=self.chunk_size
    )
  File "C:\Users\zenam\AppData\Local\Programs\Python\Python313\Lib\site-packages\django\db\models\sql\compiler.py", line 1622, in execute_sql
    cursor = self.connection.cursor()
  File "C:\Users\zenam\AppData\Local\Programs\Python\Python313\Lib\site-packages\django\utils\asyncio.py", line 24, in inner
    raise SynchronousOnlyOperation(message)
django.core.exceptions.SynchronousOnlyOperation: You cannot call this from an async context - use a thread or sync_to_async.
INFO 2026-10-05 14:53:25,442 middleware Request GET /async/cart/ by Anonymous in 6.28 ms | groups=Anonymous | status=500
ERROR 2026-10-05 14:53:25,465 log Internal Server Error: /async/cart/
Traceback (most recent call last):
  File "C:\Users\zenam\AppData\Local\Programs\Python\Python313\Lib\site-packages\django\template\base.py", line 964, in _resolve_lookup
    raise TypeError
TypeError

During handling of the above exception, another exception occurred:

Traceback (most recent call last):
  File "C:\Users\zenam\AppData\Local\Programs\Python\Python313\Lib\site-packages\django\urls\base.py", line 81, in reverse
    extra, resolver = resolver.namespace_dict[ns]
                      ~~~~~~~~~~~~~~~~~~~~~~~^^^^
KeyError: 'djdt'

During handling of the above exception, another exception occurred:

Traceback (most recent call last):
  File "C:\Users\zenam\AppData\Local\Programs\Python\Python313\Lib\site-packages\django\core\handlers\exception.py", line 55, in inner
    response = get_response(request)
  File "C:\Users\zenam\AppData\Local\Programs\Python\Python313\Lib\site-packages\debug_toolbar\middleware.py", line 130, in __call__
    return self._postprocess(request, response, toolbar)
           ~~~~~~~~~~~~~~~~~^^^^^^^^^^^^^^^^^^^^^^^^^^^^
  File "C:\Users\zenam\AppData\Local\Programs\Python\Python313\Lib\site-packages\debug_toolbar\middleware.py", line 172, in _postprocess
    rendered = toolbar.render_toolbar()
  File "C:\Users\zenam\AppData\Local\Programs\Python\Python313\Lib\site-packages\debug_toolbar\toolbar.py", line 96, in render_toolbar
    return render_to_string("debug_toolbar/base.html", context)
  File "C:\Users\zenam\AppData\Local\Programs\Python\Python313\Lib\site-packages\django\template\loader.py", line 62, in render_to_string
    return template.render(context, request)
           ~~~~~~~~~~~~~~~^^^^^^^^^^^^^^^^^^
  File "C:\Users\zenam\AppData\Local\Programs\Python\Python313\Lib\site-packages\django\template\backends\django.py", line 107, in render
    return self.template.render(context)
           ~~~~~~~~~~~~~~~~~~~~^^^^^^^^^
  File "C:\Users\zenam\AppData\Local\Programs\Python\Python313\Lib\site-packages\django\template\base.py", line 174, in render
    return self._render(context)
           ~~~~~~~~~~~~^^^^^^^^^
  File "C:\Users\zenam\AppData\Local\Programs\Python\Python313\Lib\site-packages\django\test\utils.py", line 114, in instrumented_test_render
    return self.nodelist.render(context)
           ~~~~~~~~~~~~~~~~~~~~^^^^^^^^^
  File "C:\Users\zenam\AppData\Local\Programs\Python\Python313\Lib\site-packages\django\template\base.py", line 1091, in render
    return SafeString("".join([node.render_annotated(context) for node in self]))
                               ~~~~~~~~~~~~~~~~~~~~~^^^^^^^^^
  File "C:\Users\zenam\AppData\Local\Programs\Python\Python313\Lib\site-packages\django\template\base.py", line 1052, in render_annotated
    return self.render(context)
           ~~~~~~~~~~~^^^^^^^^^
  File "C:\Users\zenam\AppData\Local\Programs\Python\Python313\Lib\site-packages\django\template\defaulttags.py", line 249, in render
    nodelist.append(node.render_annotated(context))
                    ~~~~~~~~~~~~~~~~~~~~~^^^^^^^^^
  File "C:\Users\zenam\AppData\Local\Programs\Python\Python313\Lib\site-packages\django\template\base.py", line 1052, in render_annotated
    return self.render(context)
           ~~~~~~~~~~~^^^^^^^^^
  File "C:\Users\zenam\AppData\Local\Programs\Python\Python313\Lib\site-packages\django\template\loader_tags.py", line 211, in render
    return template.render(context)
           ~~~~~~~~~~~~~~~^^^^^^^^^
  File "C:\Users\zenam\AppData\Local\Programs\Python\Python313\Lib\site-packages\django\template\base.py", line 176, in render
    return self._render(context)
           ~~~~~~~~~~~~^^^^^^^^^
  File "C:\Users\zenam\AppData\Local\Programs\Python\Python313\Lib\site-packages\django\test\utils.py", line 114, in instrumented_test_render
    return self.nodelist.render(context)
           ~~~~~~~~~~~~~~~~~~~~^^^^^^^^^
  File "C:\Users\zenam\AppData\Local\Programs\Python\Python313\Lib\site-packages\django\template\base.py", line 1091, in render
    return SafeString("".join([node.render_annotated(context) for node in self]))
                               ~~~~~~~~~~~~~~~~~~~~~^^^^^^^^^
  File "C:\Users\zenam\AppData\Local\Programs\Python\Python313\Lib\site-packages\django\template\base.py", line 1052, in render_annotated
    return self.render(context)
           ~~~~~~~~~~~^^^^^^^^^
  File "C:\Users\zenam\AppData\Local\Programs\Python\Python313\Lib\site-packages\django\template\defaulttags.py", line 333, in render
    return nodelist.render(context)
           ~~~~~~~~~~~~~~~^^^^^^^^^
  File "C:\Users\zenam\AppData\Local\Programs\Python\Python313\Lib\site-packages\django\template\base.py", line 1091, in render
    return SafeString("".join([node.render_annotated(context) for node in self]))
                               ~~~~~~~~~~~~~~~~~~~~~^^^^^^^^^
  File "C:\Users\zenam\AppData\Local\Programs\Python\Python313\Lib\site-packages\django\template\base.py", line 1052, in render_annotated
    return self.render(context)
           ~~~~~~~~~~~^^^^^^^^^
  File "C:\Users\zenam\AppData\Local\Programs\Python\Python313\Lib\site-packages\django\template\defaulttags.py", line 333, in render
    return nodelist.render(context)
           ~~~~~~~~~~~~~~~^^^^^^^^^
  File "C:\Users\zenam\AppData\Local\Programs\Python\Python313\Lib\site-packages\django\template\base.py", line 1091, in render
    return SafeString("".join([node.render_annotated(context) for node in self]))
                               ~~~~~~~~~~~~~~~~~~~~~^^^^^^^^^
  File "C:\Users\zenam\AppData\Local\Programs\Python\Python313\Lib\site-packages\django\template\base.py", line 1052, in render_annotated
    return self.render(context)
           ~~~~~~~~~~~^^^^^^^^^
  File "C:\Users\zenam\AppData\Local\Programs\Python\Python313\Lib\site-packages\django\template\base.py", line 1150, in render
    output = self.filter_expression.resolve(context)
  File "C:\Users\zenam\AppData\Local\Programs\Python\Python313\Lib\site-packages\django\template\base.py", line 788, in resolve
    obj = self.var.resolve(context)
  File "C:\Users\zenam\AppData\Local\Programs\Python\Python313\Lib\site-packages\django\template\base.py", line 928, in resolve
    value = self._resolve_lookup(context)
  File "C:\Users\zenam\AppData\Local\Programs\Python\Python313\Lib\site-packages\django\template\base.py", line 976, in _resolve_lookup
    current = getattr(current, bit)
  File "C:\Users\zenam\AppData\Local\Programs\Python\Python313\Lib\site-packages\debug_toolbar\panels\__init__.py", line 110, in content
    return render_to_string(self.template, self.get_stats())
  File "C:\Users\zenam\AppData\Local\Programs\Python\Python313\Lib\site-packages\django\template\loader.py", line 62, in render_to_string
    return template.render(context, request)
           ~~~~~~~~~~~~~~~^^^^^^^^^^^^^^^^^^
  File "C:\Users\zenam\AppData\Local\Programs\Python\Python313\Lib\site-packages\django\template\backends\django.py", line 107, in render
    return self.template.render(context)
           ~~~~~~~~~~~~~~~~~~~~^^^^^^^^^
  File "C:\Users\zenam\AppData\Local\Programs\Python\Python313\Lib\site-packages\django\template\base.py", line 174, in render
    return self._render(context)
           ~~~~~~~~~~~~^^^^^^^^^
  File "C:\Users\zenam\AppData\Local\Programs\Python\Python313\Lib\site-packages\django\test\utils.py", line 114, in instrumented_test_render
    return self.nodelist.render(context)
           ~~~~~~~~~~~~~~~~~~~~^^^^^^^^^
  File "C:\Users\zenam\AppData\Local\Programs\Python\Python313\Lib\site-packages\django\template\base.py", line 1091, in render
    return SafeString("".join([node.render_annotated(context) for node in self]))
                               ~~~~~~~~~~~~~~~~~~~~~^^^^^^^^^
  File "C:\Users\zenam\AppData\Local\Programs\Python\Python313\Lib\site-packages\django\template\base.py", line 1052, in render_annotated
    return self.render(context)
           ~~~~~~~~~~~^^^^^^^^^
  File "C:\Users\zenam\AppData\Local\Programs\Python\Python313\Lib\site-packages\django\template\defaulttags.py", line 333, in render
    return nodelist.render(context)
           ~~~~~~~~~~~~~~~^^^^^^^^^
  File "C:\Users\zenam\AppData\Local\Programs\Python\Python313\Lib\site-packages\django\template\base.py", line 1091, in render
    return SafeString("".join([node.render_annotated(context) for node in self]))
                               ~~~~~~~~~~~~~~~~~~~~~^^^^^^^^^
  File "C:\Users\zenam\AppData\Local\Programs\Python\Python313\Lib\site-packages\django\template\base.py", line 1052, in render_annotated
    return self.render(context)
           ~~~~~~~~~~~^^^^^^^^^
  File "C:\Users\zenam\AppData\Local\Programs\Python\Python313\Lib\site-packages\django\template\defaulttags.py", line 249, in render
    nodelist.append(node.render_annotated(context))
                    ~~~~~~~~~~~~~~~~~~~~~^^^^^^^^^
  File "C:\Users\zenam\AppData\Local\Programs\Python\Python313\Lib\site-packages\django\template\base.py", line 1052, in render_annotated
    return self.render(context)
           ~~~~~~~~~~~^^^^^^^^^
  File "C:\Users\zenam\AppData\Local\Programs\Python\Python313\Lib\site-packages\django\template\defaulttags.py", line 333, in render
    return nodelist.render(context)
           ~~~~~~~~~~~~~~~^^^^^^^^^
  File "C:\Users\zenam\AppData\Local\Programs\Python\Python313\Lib\site-packages\django\template\base.py", line 1091, in render
    return SafeString("".join([node.render_annotated(context) for node in self]))
                               ~~~~~~~~~~~~~~~~~~~~~^^^^^^^^^
  File "C:\Users\zenam\AppData\Local\Programs\Python\Python313\Lib\site-packages\django\template\base.py", line 1052, in render_annotated
    return self.render(context)
           ~~~~~~~~~~~^^^^^^^^^
  File "C:\Users\zenam\AppData\Local\Programs\Python\Python313\Lib\site-packages\django\template\defaulttags.py", line 333, in render
    return nodelist.render(context)
           ~~~~~~~~~~~~~~~^^^^^^^^^
  File "C:\Users\zenam\AppData\Local\Programs\Python\Python313\Lib\site-packages\django\template\base.py", line 1091, in render
    return SafeString("".join([node.render_annotated(context) for node in self]))
                               ~~~~~~~~~~~~~~~~~~~~~^^^^^^^^^
  File "C:\Users\zenam\AppData\Local\Programs\Python\Python313\Lib\site-packages\django\template\base.py", line 1052, in render_annotated
    return self.render(context)
           ~~~~~~~~~~~^^^^^^^^^
  File "C:\Users\zenam\AppData\Local\Programs\Python\Python313\Lib\site-packages\django\template\defaulttags.py", line 511, in render
    url = reverse(view_name, args=args, kwargs=kwargs, current_app=current_app)
  File "C:\Users\zenam\AppData\Local\Programs\Python\Python313\Lib\site-packages\django\urls\base.py", line 92, in reverse
    raise NoReverseMatch("%s is not a registered namespace" % key)
django.urls.exceptions.NoReverseMatch: 'djdt' is not a registered namespace
INFO 2026-10-05 14:53:26,557 middleware Request POST /users/register/ by Anonymous in 490.67 ms | groups=Anonymous | status=302
ERROR 2026-10-05 14:53:26,595 log Internal Server Error: /users/register/
Traceback (most recent call last):
  File "C:\Users\zenam\AppData\Local\Programs\Python\Python313\Lib\site-packages\django\template\base.py", line 964, in _resolve_lookup
    raise TypeError
TypeError

During handling of the above exception, another exception occurred:

Traceback (most recent call last):
  File "C:\Users\zenam\AppData\Local\Programs\Python\Python313\Lib\site-packages\django\urls\base.py", line 81, in reverse
    extra, resolver = resolver.namespace_dict[ns]
                      ~~~~~~~~~~~~~~~~~~~~~~~^^^^
KeyError: 'djdt'

During handling of the above exception, another exception occurred:

Traceback (most recent call last):
  File "C:\Users\zenam\AppData\Local\Programs\Python\Python313\Lib\site-packages\django\core\handlers\exception.py", line 55, in inner
    response = get_response(request)
  File "C:\Users\zenam\AppData\Local\Programs\Python\Python313\Lib\site-packages\debug_toolbar\middleware.py", line 130, in __call__
    return self._postprocess(request, response, toolbar)
           ~~~~~~~~~~~~~~~~~^^^^^^^^^^^^^^^^^^^^^^^^^^^^
  File "C:\Users\zenam\AppData\Local\Programs\Python\Python313\Lib\site-packages\debug_toolbar\middleware.py", line 172, in _postprocess
    rendered = toolbar.render_toolbar()
  File "C:\Users\zenam\AppData\Local\Programs\Python\Python313\Lib\site-packages\debug_toolbar\toolbar.py", line 96, in render_toolbar
    return render_to_string("debug_toolbar/base.html", context)
  File "C:\Users\zenam\AppData\Local\Programs\Python\Python313\Lib\site-packages\django\template\loader.py", line 62, in render_to_string
    return template.render(context, request)
           ~~~~~~~~~~~~~~~^^^^^^^^^^^^^^^^^^
  File "C:\Users\zenam\AppData\Local\Programs\Python\Python313\Lib\site-packages\django\template\backends\django.py", line 107, in render
    return self.template.render(context)
           ~~~~~~~~~~~~~~~~~~~~^^^^^^^^^
  File "C:\Users\zenam\AppData\Local\Programs\Python\Python313\Lib\site-packages\django\template\base.py", line 174, in render
    return self._render(context)
           ~~~~~~~~~~~~^^^^^^^^^
  File "C:\Users\zenam\AppData\Local\Programs\Python\Python313\Lib\site-packages\django\test\utils.py", line 114, in instrumented_test_render
    return self.nodelist.render(context)
           ~~~~~~~~~~~~~~~~~~~~^^^^^^^^^
  File "C:\Users\zenam\AppData\Local\Programs\Python\Python313\Lib\site-packages\django\template\base.py", line 1091, in render
    return SafeString("".join([node.render_annotated(context) for node in self]))
                               ~~~~~~~~~~~~~~~~~~~~~^^^^^^^^^
  File "C:\Users\zenam\AppData\Local\Programs\Python\Python313\Lib\site-packages\django\template\base.py", line 1052, in render_annotated
    return self.render(context)
           ~~~~~~~~~~~^^^^^^^^^
  File "C:\Users\zenam\AppData\Local\Programs\Python\Python313\Lib\site-packages\django\template\defaulttags.py", line 249, in render
    nodelist.append(node.render_annotated(context))
                    ~~~~~~~~~~~~~~~~~~~~~^^^^^^^^^
  File "C:\Users\zenam\AppData\Local\Programs\Python\Python313\Lib\site-packages\django\template\base.py", line 1052, in render_annotated
    return self.render(context)
           ~~~~~~~~~~~^^^^^^^^^
  File "C:\Users\zenam\AppData\Local\Programs\Python\Python313\Lib\site-packages\django\template\loader_tags.py", line 211, in render
    return template.render(context)
           ~~~~~~~~~~~~~~~^^^^^^^^^
  File "C:\Users\zenam\AppData\Local\Programs\Python\Python313\Lib\site-packages\django\template\base.py", line 176, in render
    return self._render(context)
           ~~~~~~~~~~~~^^^^^^^^^
  File "C:\Users\zenam\AppData\Local\Programs\Python\Python313\Lib\site-packages\django\test\utils.py", line 114, in instrumented_test_render
    return self.nodelist.render(context)
           ~~~~~~~~~~~~~~~~~~~~^^^^^^^^^
  File "C:\Users\zenam\AppData\Local\Programs\Python\Python313\Lib\site-packages\django\template\base.py", line 1091, in render
    return SafeString("".join([node.render_annotated(context) for node in self]))
                               ~~~~~~~~~~~~~~~~~~~~~^^^^^^^^^
  File "C:\Users\zenam\AppData\Local\Programs\Python\Python313\Lib\site-packages\django\template\base.py", line 1052, in render_annotated
    return self.render(context)
           ~~~~~~~~~~~^^^^^^^^^
  File "C:\Users\zenam\AppData\Local\Programs\Python\Python313\Lib\site-packages\django\template\defaulttags.py", line 333, in render
    return nodelist.render(context)
           ~~~~~~~~~~~~~~~^^^^^^^^^
  File "C:\Users\zenam\AppData\Local\Programs\Python\Python313\Lib\site-packages\django\template\base.py", line 1091, in render
    return SafeString("".join([node.render_annotated(context) for node in self]))
                               ~~~~~~~~~~~~~~~~~~~~~^^^^^^^^^
  File "C:\Users\zenam\AppData\Local\Programs\Python\Python313\Lib\site-packages\django\template\base.py", line 1052, in render_annotated
    return self.render(context)
           ~~~~~~~~~~~^^^^^^^^^
  File "C:\Users\zenam\AppData\Local\Programs\Python\Python313\Lib\site-packages\django\template\defaulttags.py", line 333, in render
    return nodelist.render(context)
           ~~~~~~~~~~~~~~~^^^^^^^^^
  File "C:\Users\zenam\AppData\Local\Programs\Python\Python313\Lib\site-packages\django\template\base.py", line 1091, in render
    return SafeString("".join([node.render_annotated(context) for node in self]))
                               ~~~~~~~~~~~~~~~~~~~~~^^^^^^^^^
  File "C:\Users\zenam\AppData\Local\Programs\Python\Python313\Lib\site-packages\django\template\base.py", line 1052, in render_annotated
    return self.render(context)
           ~~~~~~~~~~~^^^^^^^^^
  File "C:\Users\zenam\AppData\Local\Programs\Python\Python313\Lib\site-packages\django\template\base.py", line 1150, in render
    output = self.filter_expression.resolve(context)
  File "C:\Users\zenam\AppData\Local\Programs\Python\Python313\Lib\site-packages\django\template\base.py", line 788, in resolve
    obj = self.var.resolve(context)
  File "C:\Users\zenam\AppData\Local\Programs\Python\Python313\Lib\site-packages\django\template\base.py", line 928, in resolve
    value = self._resolve_lookup(context)
  File "C:\Users\zenam\AppData\Local\Programs\Python\Python313\Lib\site-packages\django\template\base.py", line 976, in _resolve_lookup
    current = getattr(current, bit)
  File "C:\Users\zenam\AppData\Local\Programs\Python\Python313\Lib\site-packages\debug_toolbar\panels\__init__.py", line 110, in content
    return render_to_string(self.template, self.get_stats())
  File "C:\Users\zenam\AppData\Local\Programs\Python\Python313\Lib\site-packages\django\template\loader.py", line 62, in render_to_string
    return template.render(context, request)
           ~~~~~~~~~~~~~~~^^^^^^^^^^^^^^^^^^
  File "C:\Users\zenam\AppData\Local\Programs\Python\Python313\Lib\site-packages\django\template\backends\django.py", line 107, in render
    return self.template.render(context)
           ~~~~~~~~~~~~~~~~~~~~^^^^^^^^^
  File "C:\Users\zenam\AppData\Local\Programs\Python\Python313\Lib\site-packages\django\template\base.py", line 174, in render
    return self._render(context)
           ~~~~~~~~~~~~^^^^^^^^^
  File "C:\Users\zenam\AppData\Local\Programs\Python\Python313\Lib\site-packages\django\test\utils.py", line 114, in instrumented_test_render
    return self.nodelist.render(context)
           ~~~~~~~~~~~~~~~~~~~~^^^^^^^^^
  File "C:\Users\zenam\AppData\Local\Programs\Python\Python313\Lib\site-packages\django\template\base.py", line 1091, in render
    return SafeString("".join([node.render_annotated(context) for node in self]))
                               ~~~~~~~~~~~~~~~~~~~~~^^^^^^^^^
  File "C:\Users\zenam\AppData\Local\Programs\Python\Python313\Lib\site-packages\django\template\base.py", line 1052, in render_annotated
    return self.render(context)
           ~~~~~~~~~~~^^^^^^^^^
  File "C:\Users\zenam\AppData\Local\Programs\Python\Python313\Lib\site-packages\django\template\defaulttags.py", line 333, in render
    return nodelist.render(context)
           ~~~~~~~~~~~~~~~^^^^^^^^^
  File "C:\Users\zenam\AppData\Local\Programs\Python\Python313\Lib\site-packages\django\template\base.py", line 1091, in render
    return SafeString("".join([node.render_annotated(context) for node in self]))
                               ~~~~~~~~~~~~~~~~~~~~~^^^^^^^^^
  File "C:\Users\zenam\AppData\Local\Programs\Python\Python313\Lib\site-packages\django\template\base.py", line 1052, in render_annotated
    return self.render(context)
           ~~~~~~~~~~~^^^^^^^^^
  File "C:\Users\zenam\AppData\Local\Programs\Python\Python313\Lib\site-packages\django\template\defaulttags.py", line 249, in render
    nodelist.append(node.render_annotated(context))
                    ~~~~~~~~~~~~~~~~~~~~~^^^^^^^^^
  File "C:\Users\zenam\AppData\Local\Programs\Python\Python313\Lib\site-packages\django\template\base.py", line 1052, in render_annotated
    return self.render(context)
           ~~~~~~~~~~~^^^^^^^^^
  File "C:\Users\zenam\AppData\Local\Programs\Python\Python313\Lib\site-packages\django\template\defaulttags.py", line 333, in render
    return nodelist.render(context)
           ~~~~~~~~~~~~~~~^^^^^^^^^
  File "C:\Users\zenam\AppData\Local\Programs\Python\Python313\Lib\site-packages\django\template\base.py", line 1091, in render
    return SafeString("".join([node.render_annotated(context) for node in self]))
                               ~~~~~~~~~~~~~~~~~~~~~^^^^^^^^^
  File "C:\Users\zenam\AppData\Local\Programs\Python\Python313\Lib\site-packages\django\template\base.py", line 1052, in render_annotated
    return self.render(context)
           ~~~~~~~~~~~^^^^^^^^^
  File "C:\Users\zenam\AppData\Local\Programs\Python\Python313\Lib\site-packages\django\template\defaulttags.py", line 333, in render
    return nodelist.render(context)
           ~~~~~~~~~~~~~~~^^^^^^^^^
  File "C:\Users\zenam\AppData\Local\Programs\Python\Python313\Lib\site-packages\django\template\base.py", line 1091, in render
    return SafeString("".join([node.render_annotated(context) for node in self]))
                               ~~~~~~~~~~~~~~~~~~~~~^^^^^^^^^
  File "C:\Users\zenam\AppData\Local\Programs\Python\Python313\Lib\site-packages\django\template\base.py", line 1052, in render_annotated
    return self.render(context)
           ~~~~~~~~~~~^^^^^^^^^
  File "C:\Users\zenam\AppData\Local\Programs\Python\Python313\Lib\site-packages\django\template\defaulttags.py", line 511, in render
    url = reverse(view_name, args=args, kwargs=kwargs, current_app=current_app)
  File "C:\Users\zenam\AppData\Local\Programs\Python\Python313\Lib\site-packages\django\urls\base.py", line 92, in reverse
    raise NoReverseMatch("%s is not a registered namespace" % key)
django.urls.exceptions.NoReverseMatch: 'djdt' is not a registered namespace
INFO 2026-10-05 14:53:27,249 middleware Request GET /admin/login/ by Anonymous in 19.25 ms | groups=Anonymous | status=200
ERROR 2026-10-05 14:53:27,275 log Internal Server Error: /admin/login/
Traceback (most recent call last):
  File "C:\Users\zenam\AppData\Local\Programs\Python\Python313\Lib\site-packages\django\template\base.py", line 964, in _resolve_lookup
    raise TypeError
TypeError

During handling of the above exception, another exception occurred:

Traceback (most recent call last):
  File "C:\Users\zenam\AppData\Local\Programs\Python\Python313\Lib\site-packages\django\urls\base.py", line 81, in reverse
    extra, resolver = resolver.namespace_dict[ns]
                      ~~~~~~~~~~~~~~~~~~~~~~~^^^^
KeyError: 'djdt'

During handling of the above exception, another exception occurred:

Traceback (most recent call last):
  File "C:\Users\zenam\AppData\Local\Programs\Python\Python313\Lib\site-packages\django\core\handlers\exception.py", line 55, in inner
    response = get_response(request)
  File "C:\Users\zenam\AppData\Local\Programs\Python\Python313\Lib\site-packages\debug_toolbar\middleware.py", line 130, in __call__
    return self._postprocess(request, response, toolbar)
           ~~~~~~~~~~~~~~~~~^^^^^^^^^^^^^^^^^^^^^^^^^^^^
  File "C:\Users\zenam\AppData\Local\Programs\Python\Python313\Lib\site-packages\debug_toolbar\middleware.py", line 172, in _postprocess
    rendered = toolbar.render_toolbar()
  File "C:\Users\zenam\AppData\Local\Programs\Python\Python313\Lib\site-packages\debug_toolbar\toolbar.py", line 96, in render_toolbar
    return render_to_string("debug_toolbar/base.html", context)
  File "C:\Users\zenam\AppData\Local\Programs\Python\Python313\Lib\site-packages\django\template\loader.py", line 62, in render_to_string
    return template.render(context, request)
           ~~~~~~~~~~~~~~~^^^^^^^^^^^^^^^^^^
  File "C:\Users\zenam\AppData\Local\Programs\Python\Python313\Lib\site-packages\django\template\backends\django.py", line 107, in render
    return self.template.render(context)
           ~~~~~~~~~~~~~~~~~~~~^^^^^^^^^
  File "C:\Users\zenam\AppData\Local\Programs\Python\Python313\Lib\site-packages\django\template\base.py", line 174, in render
    return self._render(context)
           ~~~~~~~~~~~~^^^^^^^^^
  File "C:\Users\zenam\AppData\Local\Programs\Python\Python313\Lib\site-packages\django\test\utils.py", line 114, in instrumented_test_render
    return self.nodelist.render(context)
           ~~~~~~~~~~~~~~~~~~~~^^^^^^^^^
  File "C:\Users\zenam\AppData\Local\Programs\Python\Python313\Lib\site-packages\django\template\base.py", line 1091, in render
    return SafeString("".join([node.render_annotated(context) for node in self]))
                               ~~~~~~~~~~~~~~~~~~~~~^^^^^^^^^
  File "C:\Users\zenam\AppData\Local\Programs\Python\Python313\Lib\site-packages\django\template\base.py", line 1052, in render_annotated
    return self.render(context)
           ~~~~~~~~~~~^^^^^^^^^
  File "C:\Users\zenam\AppData\Local\Programs\Python\Python313\Lib\site-packages\django\template\defaulttags.py", line 249, in render
    nodelist.append(node.render_annotated(context))
                    ~~~~~~~~~~~~~~~~~~~~~^^^^^^^^^
  File "C:\Users\zenam\AppData\Local\Programs\Python\Python313\Lib\site-packages\django\template\base.py", line 1052, in render_annotated
    return self.render(context)
           ~~~~~~~~~~~^^^^^^^^^
  File "C:\Users\zenam\AppData\Local\Programs\Python\Python313\Lib\site-packages\django\template\loader_tags.py", line 211, in render
    return template.render(context)
           ~~~~~~~~~~~~~~~^^^^^^^^^
  File "C:\Users\zenam\AppData\Local\Programs\Python\Python313\Lib\site-packages\django\template\base.py", line 176, in render
    return self._render(context)
           ~~~~~~~~~~~~^^^^^^^^^
  File "C:\Users\zenam\AppData\Local\Programs\Python\Python313\Lib\site-packages\django\test\utils.py", line 114, in instrumented_test_render
    return self.nodelist.render(context)
           ~~~~~~~~~~~~~~~~~~~~^^^^^^^^^
  File "C:\Users\zenam\AppData\Local\Programs\Python\Python313\Lib\site-packages\django\template\base.py", line 1091, in render
    return SafeString("".join([node.render_annotated(context) for node in self]))
                               ~~~~~~~~~~~~~~~~~~~~~^^^^^^^^^
  File "C:\Users\zenam\AppData\Local\Programs\Python\Python313\Lib\site-packages\django\template\base.py", line 1052, in render_annotated
    return self.render(context)
           ~~~~~~~~~~~^^^^^^^^^
  File "C:\Users\zenam\AppData\Local\Programs\Python\Python313\Lib\site-packages\django\template\defaulttags.py", line 333, in render
    return nodelist.render(context)
           ~~~~~~~~~~~~~~~^^^^^^^^^
  File "C:\Users\zenam\AppData\Local\Programs\Python\Python313\Lib\site-packages\django\template\base.py", line 1091, in render
    return SafeString("".join([node.render_annotated(context) for node in self]))
                               ~~~~~~~~~~~~~~~~~~~~~^^^^^^^^^
  File "C:\Users\zenam\AppData\Local\Programs\Python\Python313\Lib\site-packages\django\template\base.py", line 1052, in render_annotated
    return self.render(context)
           ~~~~~~~~~~~^^^^^^^^^
  File "C:\Users\zenam\AppData\Local\Programs\Python\Python313\Lib\site-packages\django\template\defaulttags.py", line 333, in render
    return nodelist.render(context)
           ~~~~~~~~~~~~~~~^^^^^^^^^
  File "C:\Users\zenam\AppData\Local\Programs\Python\Python313\Lib\site-packages\django\template\base.py", line 1091, in render
    return SafeString("".join([node.render_annotated(context) for node in self]))
                               ~~~~~~~~~~~~~~~~~~~~~^^^^^^^^^
  File "C:\Users\zenam\AppData\Local\Programs\Python\Python313\Lib\site-packages\django\template\base.py", line 1052, in render_annotated
    return self.render(context)
           ~~~~~~~~~~~^^^^^^^^^
  File "C:\Users\zenam\AppData\Local\Programs\Python\Python313\Lib\site-packages\django\template\base.py", line 1150, in render
    output = self.filter_expression.resolve(context)
  File "C:\Users\zenam\AppData\Local\Programs\Python\Python313\Lib\site-packages\django\template\base.py", line 788, in resolve
    obj = self.var.resolve(context)
  File "C:\Users\zenam\AppData\Local\Programs\Python\Python313\Lib\site-packages\django\template\base.py", line 928, in resolve
    value = self._resolve_lookup(context)
  File "C:\Users\zenam\AppData\Local\Programs\Python\Python313\Lib\site-packages\django\template\base.py", line 976, in _resolve_lookup
    current = getattr(current, bit)
  File "C:\Users\zenam\AppData\Local\Programs\Python\Python313\Lib\site-packages\debug_toolbar\panels\__init__.py", line 110, in content
    return render_to_string(self.template, self.get_stats())
  File "C:\Users\zenam\AppData\Local\Programs\Python\Python313\Lib\site-packages\django\template\loader.py", line 62, in render_to_string
    return template.render(context, request)
           ~~~~~~~~~~~~~~~^^^^^^^^^^^^^^^^^^
  File "C:\Users\zenam\AppData\Local\Programs\Python\Python313\Lib\site-packages\django\template\backends\django.py", line 107, in render
    return self.template.render(context)
           ~~~~~~~~~~~~~~~~~~~~^^^^^^^^^
  File "C:\Users\zenam\AppData\Local\Programs\Python\Python313\Lib\site-packages\django\template\base.py", line 174, in render
    return self._render(context)
           ~~~~~~~~~~~~^^^^^^^^^
  File "C:\Users\zenam\AppData\Local\Programs\Python\Python313\Lib\site-packages\django\test\utils.py", line 114, in instrumented_test_render
    return self.nodelist.render(context)
           ~~~~~~~~~~~~~~~~~~~~^^^^^^^^^
  File "C:\Users\zenam\AppData\Local\Programs\Python\Python313\Lib\site-packages\django\template\base.py", line 1091, in render
    return SafeString("".join([node.render_annotated(context) for node in self]))
                               ~~~~~~~~~~~~~~~~~~~~~^^^^^^^^^
  File "C:\Users\zenam\AppData\Local\Programs\Python\Python313\Lib\site-packages\django\template\base.py", line 1052, in render_annotated
    return self.render(context)
           ~~~~~~~~~~~^^^^^^^^^
  File "C:\Users\zenam\AppData\Local\Programs\Python\Python313\Lib\site-packages\django\template\defaulttags.py", line 333, in render
    return nodelist.render(context)
           ~~~~~~~~~~~~~~~^^^^^^^^^
  File "C:\Users\zenam\AppData\Local\Programs\Python\Python313\Lib\site-packages\django\template\base.py", line 1091, in render
    return SafeString("".join([node.render_annotated(context) for node in self]))
                               ~~~~~~~~~~~~~~~~~~~~~^^^^^^^^^
  File "C:\Users\zenam\AppData\Local\Programs\Python\Python313\Lib\site-packages\django\template\base.py", line 1052, in render_annotated
    return self.render(context)
           ~~~~~~~~~~~^^^^^^^^^
  File "C:\Users\zenam\AppData\Local\Programs\Python\Python313\Lib\site-packages\django\template\defaulttags.py", line 249, in render
    nodelist.append(node.render_annotated(context))
                    ~~~~~~~~~~~~~~~~~~~~~^^^^^^^^^
  File "C:\Users\zenam\AppData\Local\Programs\Python\Python313\Lib\site-packages\django\template\base.py", line 1052, in render_annotated
    return self.render(context)
           ~~~~~~~~~~~^^^^^^^^^
  File "C:\Users\zenam\AppData\Local\Programs\Python\Python313\Lib\site-packages\django\template\defaulttags.py", line 511, in render
    url = reverse(view_name, args=args, kwargs=kwargs, current_app=current_app)
  File "C:\Users\zenam\AppData\Local\Programs\Python\Python313\Lib\site-packages\django\urls\base.py", line 92, in reverse
    raise NoReverseMatch("%s is not a registered namespace" % key)
django.urls.exceptions.NoReverseMatch: 'djdt' is not a registered namespace
INFO 2026-10-05 14:53:27,867 middleware Request GET / by Anonymous in 5.02 ms | groups=Anonymous | status=200
ERROR 2026-10-05 14:53:27,887 log Internal Server Error: /
Traceback (most recent call last):
  File "C:\Users\zenam\AppData\Local\Programs\Python\Python313\Lib\site-packages\django\template\base.py", line 964, in _resolve_lookup
    raise TypeError
TypeError

During handling of the above exception, another exception occurred:

Traceback (most recent call last):
  File "C:\Users\zenam\AppData\Local\Programs\Python\Python313\Lib\site-packages\django\urls\base.py", line 81, in reverse
    extra, resolver = resolver.namespace_dict[ns]
                      ~~~~~~~~~~~~~~~~~~~~~~~^^^^
KeyError: 'djdt'

During handling of the above exception, another exception occurred:

Traceback (most recent call last):
  File "C:\Users\zenam\AppData\Local\Programs\Python\Python313\Lib\site-packages\django\core\handlers\exception.py", line 55, in inner
    response = get_response(request)
  File "C:\Users\zenam\AppData\Local\Programs\Python\Python313\Lib\site-packages\debug_toolbar\middleware.py", line 130, in __call__
    return self._postprocess(request, response, toolbar)
           ~~~~~~~~~~~~~~~~~^^^^^^^^^^^^^^^^^^^^^^^^^^^^
  File "C:\Users\zenam\AppData\Local\Programs\Python\Python313\Lib\site-packages\debug_toolbar\middleware.py", line 172, in _postprocess
    rendered = toolbar.render_toolbar()
  File "C:\Users\zenam\AppData\Local\Programs\Python\Python313\Lib\site-packages\debug_toolbar\toolbar.py", line 96, in render_toolbar
    return render_to_string("debug_toolbar/base.html", context)
  File "C:\Users\zenam\AppData\Local\Programs\Python\Python313\Lib\site-packages\django\template\loader.py", line 62, in render_to_string
    return template.render(context, request)
           ~~~~~~~~~~~~~~~^^^^^^^^^^^^^^^^^^
  File "C:\Users\zenam\AppData\Local\Programs\Python\Python313\Lib\site-packages\django\template\backends\django.py", line 107, in render
    return self.template.render(context)
           ~~~~~~~~~~~~~~~~~~~~^^^^^^^^^
  File "C:\Users\zenam\AppData\Local\Programs\Python\Python313\Lib\site-packages\django\template\base.py", line 174, in render
    return self._render(context)
           ~~~~~~~~~~~~^^^^^^^^^
  File "C:\Users\zenam\AppData\Local\Programs\Python\Python313\Lib\site-packages\django\test\utils.py", line 114, in instrumented_test_render
    return self.nodelist.render(context)
           ~~~~~~~~~~~~~~~~~~~~^^^^^^^^^
  File "C:\Users\zenam\AppData\Local\Programs\Python\Python313\Lib\site-packages\django\template\base.py", line 1091, in render
    return SafeString("".join([node.render_annotated(context) for node in self]))
                               ~~~~~~~~~~~~~~~~~~~~~^^^^^^^^^
  File "C:\Users\zenam\AppData\Local\Programs\Python\Python313\Lib\site-packages\django\template\base.py", line 1052, in render_annotated
    return self.render(context)
           ~~~~~~~~~~~^^^^^^^^^
  File "C:\Users\zenam\AppData\Local\Programs\Python\Python313\Lib\site-packages\django\template\defaulttags.py", line 249, in render
    nodelist.append(node.render_annotated(context))
                    ~~~~~~~~~~~~~~~~~~~~~^^^^^^^^^
  File "C:\Users\zenam\AppData\Local\Programs\Python\Python313\Lib\site-packages\django\template\base.py", line 1052, in render_annotated
    return self.render(context)
           ~~~~~~~~~~~^^^^^^^^^
  File "C:\Users\zenam\AppData\Local\Programs\Python\Python313\Lib\site-packages\django\template\loader_tags.py", line 211, in render
    return template.render(context)
           ~~~~~~~~~~~~~~~^^^^^^^^^
  File "C:\Users\zenam\AppData\Local\Programs\Python\Python313\Lib\site-packages\django\template\base.py", line 176, in render
    return self._render(context)
           ~~~~~~~~~~~~^^^^^^^^^
  File "C:\Users\zenam\AppData\Local\Programs\Python\Python313\Lib\site-packages\django\test\utils.py", line 114, in instrumented_test_render
    return self.nodelist.render(context)
           ~~~~~~~~~~~~~~~~~~~~^^^^^^^^^
  File "C:\Users\zenam\AppData\Local\Programs\Python\Python313\Lib\site-packages\django\template\base.py", line 1091, in render
    return SafeString("".join([node.render_annotated(context) for node in self]))
                               ~~~~~~~~~~~~~~~~~~~~~^^^^^^^^^
  File "C:\Users\zenam\AppData\Local\Programs\Python\Python313\Lib\site-packages\django\template\base.py", line 1052, in render_annotated
    return self.render(context)
           ~~~~~~~~~~~^^^^^^^^^
  File "C:\Users\zenam\AppData\Local\Programs\Python\Python313\Lib\site-packages\django\template\defaulttags.py", line 333, in render
    return nodelist.render(context)
           ~~~~~~~~~~~~~~~^^^^^^^^^
  File "C:\Users\zenam\AppData\Local\Programs\Python\Python313\Lib\site-packages\django\template\base.py", line 1091, in render
    return SafeString("".join([node.render_annotated(context) for node in self]))
                               ~~~~~~~~~~~~~~~~~~~~~^^^^^^^^^
  File "C:\Users\zenam\AppData\Local\Programs\Python\Python313\Lib\site-packages\django\template\base.py", line 1052, in render_annotated
    return self.render(context)
           ~~~~~~~~~~~^^^^^^^^^
  File "C:\Users\zenam\AppData\Local\Programs\Python\Python313\Lib\site-packages\django\template\defaulttags.py", line 333, in render
    return nodelist.render(context)
           ~~~~~~~~~~~~~~~^^^^^^^^^
  File "C:\Users\zenam\AppData\Local\Programs\Python\Python313\Lib\site-packages\django\template\base.py", line 1091, in render
    return SafeString("".join([node.render_annotated(context) for node in self]))
                               ~~~~~~~~~~~~~~~~~~~~~^^^^^^^^^
  File "C:\Users\zenam\AppData\Local\Programs\Python\Python313\Lib\site-packages\django\template\base.py", line 1052, in render_annotated
    return self.render(context)
           ~~~~~~~~~~~^^^^^^^^^
  File "C:\Users\zenam\AppData\Local\Programs\Python\Python313\Lib\site-packages\django\template\base.py", line 1150, in render
    output = self.filter_expression.resolve(context)
  File "C:\Users\zenam\AppData\Local\Programs\Python\Python313\Lib\site-packages\django\template\base.py", line 788, in resolve
    obj = self.var.resolve(context)
  File "C:\Users\zenam\AppData\Local\Programs\Python\Python313\Lib\site-packages\django\template\base.py", line 928, in resolve
    value = self._resolve_lookup(context)
  File "C:\Users\zenam\AppData\Local\Programs\Python\Python313\Lib\site-packages\django\template\base.py", line 976, in _resolve_lookup
    current = getattr(current, bit)
  File "C:\Users\zenam\AppData\Local\Programs\Python\Python313\Lib\site-packages\debug_toolbar\panels\__init__.py", line 110, in content
    return render_to_string(self.template, self.get_stats())
  File "C:\Users\zenam\AppData\Local\Programs\Python\Python313\Lib\site-packages\django\template\loader.py", line 62, in render_to_string
    return template.render(context, request)
           ~~~~~~~~~~~~~~~^^^^^^^^^^^^^^^^^^
  File "C:\Users\zenam\AppData\Local\Programs\Python\Python313\Lib\site-packages\django\template\backends\django.py", line 107, in render
    return self.template.render(context)
           ~~~~~~~~~~~~~~~~~~~~^^^^^^^^^
  File "C:\Users\zenam\AppData\Local\Programs\Python\Python313\Lib\site-packages\django\template\base.py", line 174, in render
    return self._render(context)
           ~~~~~~~~~~~~^^^^^^^^^
  File "C:\Users\zenam\AppData\Local\Programs\Python\Python313\Lib\site-packages\django\test\utils.py", line 114, in instrumented_test_render
    return self.nodelist.render(context)
           ~~~~~~~~~~~~~~~~~~~~^^^^^^^^^
  File "C:\Users\zenam\AppData\Local\Programs\Python\Python313\Lib\site-packages\django\template\base.py", line 1091, in render
    return SafeString("".join([node.render_annotated(context) for node in self]))
                               ~~~~~~~~~~~~~~~~~~~~~^^^^^^^^^
  File "C:\Users\zenam\AppData\Local\Programs\Python\Python313\Lib\site-packages\django\template\base.py", line 1052, in render_annotated
    return self.render(context)
           ~~~~~~~~~~~^^^^^^^^^
  File "C:\Users\zenam\AppData\Local\Programs\Python\Python313\Lib\site-packages\django\template\defaulttags.py", line 333, in render
    return nodelist.render(context)
           ~~~~~~~~~~~~~~~^^^^^^^^^
  File "C:\Users\zenam\AppData\Local\Programs\Python\Python313\Lib\site-packages\django\template\base.py", line 1091, in render
    return SafeString("".join([node.render_annotated(context) for node in self]))
                               ~~~~~~~~~~~~~~~~~~~~~^^^^^^^^^
  File "C:\Users\zenam\AppData\Local\Programs\Python\Python313\Lib\site-packages\django\template\base.py", line 1052, in render_annotated
    return self.render(context)
           ~~~~~~~~~~~^^^^^^^^^
  File "C:\Users\zenam\AppData\Local\Programs\Python\Python313\Lib\site-packages\django\template\defaulttags.py", line 249, in render
    nodelist.append(node.render_annotated(context))
                    ~~~~~~~~~~~~~~~~~~~~~^^^^^^^^^
  File "C:\Users\zenam\AppData\Local\Programs\Python\Python313\Lib\site-packages\django\template\base.py", line 1052, in render_annotated
    return self.render(context)
           ~~~~~~~~~~~^^^^^^^^^
  File "C:\Users\zenam\AppData\Local\Programs\Python\Python313\Lib\site-packages\django\template\defaulttags.py", line 333, in render
    return nodelist.render(context)
           ~~~~~~~~~~~~~~~^^^^^^^^^
  File "C:\Users\zenam\AppData\Local\Programs\Python\Python313\Lib\site-packages\django\template\base.py", line 1091, in render
    return SafeString("".join([node.render_annotated(context) for node in self]))
                               ~~~~~~~~~~~~~~~~~~~~~^^^^^^^^^
  File "C:\Users\zenam\AppData\Local\Programs\Python\Python313\Lib\site-packages\django\template\base.py", line 1052, in render_annotated
    return self.render(context)
           ~~~~~~~~~~~^^^^^^^^^
  File "C:\Users\zenam\AppData\Local\Programs\Python\Python313\Lib\site-packages\django\template\defaulttags.py", line 333, in render
    return nodelist.render(context)
           ~~~~~~~~~~~~~~~^^^^^^^^^
  File "C:\Users\zenam\AppData\Local\Programs\Python\Python313\Lib\site-packages\django\template\base.py", line 1091, in render
    return SafeString("".join([node.render_annotated(context) for node in self]))
                               ~~~~~~~~~~~~~~~~~~~~~^^^^^^^^^
  File "C:\Users\zenam\AppData\Local\Programs\Python\Python313\Lib\site-packages\django\template\base.py", line 1052, in render_annotated
    return self.render(context)
           ~~~~~~~~~~~^^^^^^^^^
  File "C:\Users\zenam\AppData\Local\Programs\Python\Python313\Lib\site-packages\django\template\defaulttags.py", line 511, in render
    url = reverse(view_name, args=args, kwargs=kwargs, current_app=current_app)
  File "C:\Users\zenam\AppData\Local\Programs\Python\Python313\Lib\site-packages\django\urls\base.py", line 92, in reverse
    raise NoReverseMatch("%s is not a registered namespace" % key)
django.urls.exceptions.NoReverseMatch: 'djdt' is not a registered namespace
INFO 2026-10-05 14:53:28,565 middleware Request POST /cart/add/1/ by Anonymous in 7.7 ms | groups=Anonymous | status=302
ERROR 2026-10-05 14:53:28,597 log Internal Server Error: /cart/add/1/
Traceback (most recent call last):
  File "C:\Users\zenam\AppData\Local\Programs\Python\Python313\Lib\site-packages\django\template\base.py", line 964, in _resolve_lookup
    raise TypeError
TypeError

During handling of the above exception, another exception occurred:

Traceback (most recent call last):
  File "C:\Users\zenam\AppData\Local\Programs\Python\Python313\Lib\site-packages\django\urls\base.py", line 81, in reverse
    extra, resolver = resolver.namespace_dict[ns]
                      ~~~~~~~~~~~~~~~~~~~~~~~^^^^
KeyError: 'djdt'

During handling of the above exception, another exception occurred:

Traceback (most recent call last):
  File "C:\Users\zenam\AppData\Local\Programs\Python\Python313\Lib\site-packages\django\core\handlers\exception.py", line 55, in inner
    response = get_response(request)
  File "C:\Users\zenam\AppData\Local\Programs\Python\Python313\Lib\site-packages\debug_toolbar\middleware.py", line 130, in __call__
    return self._postprocess(request, response, toolbar)
           ~~~~~~~~~~~~~~~~~^^^^^^^^^^^^^^^^^^^^^^^^^^^^
  File "C:\Users\zenam\AppData\Local\Programs\Python\Python313\Lib\site-packages\debug_toolbar\middleware.py", line 172, in _postprocess
    rendered = toolbar.render_toolbar()
  File "C:\Users\zenam\AppData\Local\Programs\Python\Python313\Lib\site-packages\debug_toolbar\toolbar.py", line 96, in render_toolbar
    return render_to_string("debug_toolbar/base.html", context)
  File "C:\Users\zenam\AppData\Local\Programs\Python\Python313\Lib\site-packages\django\template\loader.py", line 62, in render_to_string
    return template.render(context, request)
           ~~~~~~~~~~~~~~~^^^^^^^^^^^^^^^^^^
  File "C:\Users\zenam\AppData\Local\Programs\Python\Python313\Lib\site-packages\django\template\backends\django.py", line 107, in render
    return self.template.render(context)
           ~~~~~~~~~~~~~~~~~~~~^^^^^^^^^
  File "C:\Users\zenam\AppData\Local\Programs\Python\Python313\Lib\site-packages\django\template\base.py", line 174, in render
    return self._render(context)
           ~~~~~~~~~~~~^^^^^^^^^
  File "C:\Users\zenam\AppData\Local\Programs\Python\Python313\Lib\site-packages\django\test\utils.py", line 114, in instrumented_test_render
    return self.nodelist.render(context)
           ~~~~~~~~~~~~~~~~~~~~^^^^^^^^^
  File "C:\Users\zenam\AppData\Local\Programs\Python\Python313\Lib\site-packages\django\template\base.py", line 1091, in render
    return SafeString("".join([node.render_annotated(context) for node in self]))
                               ~~~~~~~~~~~~~~~~~~~~~^^^^^^^^^
  File "C:\Users\zenam\AppData\Local\Programs\Python\Python313\Lib\site-packages\django\template\base.py", line 1052, in render_annotated
    return self.render(context)
           ~~~~~~~~~~~^^^^^^^^^
  File "C:\Users\zenam\AppData\Local\Programs\Python\Python313\Lib\site-packages\django\template\defaulttags.py", line 249, in render
    nodelist.append(node.render_annotated(context))
                    ~~~~~~~~~~~~~~~~~~~~~^^^^^^^^^
  File "C:\Users\zenam\AppData\Local\Programs\Python\Python313\Lib\site-packages\django\template\base.py", line 1052, in render_annotated
    return self.render(context)
           ~~~~~~~~~~~^^^^^^^^^
  File "C:\Users\zenam\AppData\Local\Programs\Python\Python313\Lib\site-packages\django\template\loader_tags.py", line 211, in render
    return template.render(context)
           ~~~~~~~~~~~~~~~^^^^^^^^^
  File "C:\Users\zenam\AppData\Local\Programs\Python\Python313\Lib\site-packages\django\template\base.py", line 176, in render
    return self._render(context)
           ~~~~~~~~~~~~^^^^^^^^^
  File "C:\Users\zenam\AppData\Local\Programs\Python\Python313\Lib\site-packages\django\test\utils.py", line 114, in instrumented_test_render
    return self.nodelist.render(context)
           ~~~~~~~~~~~~~~~~~~~~^^^^^^^^^
  File "C:\Users\zenam\AppData\Local\Programs\Python\Python313\Lib\site-packages\django\template\base.py", line 1091, in render
    return SafeString("".join([node.render_annotated(context) for node in self]))
                               ~~~~~~~~~~~~~~~~~~~~~^^^^^^^^^
  File "C:\Users\zenam\AppData\Local\Programs\Python\Python313\Lib\site-packages\django\template\base.py", line 1052, in render_annotated
    return self.render(context)
           ~~~~~~~~~~~^^^^^^^^^
  File "C:\Users\zenam\AppData\Local\Programs\Python\Python313\Lib\site-packages\django\template\defaulttags.py", line 333, in render
    return nodelist.render(context)
           ~~~~~~~~~~~~~~~^^^^^^^^^
  File "C:\Users\zenam\AppData\Local\Programs\Python\Python313\Lib\site-packages\django\template\base.py", line 1091, in render
    return SafeString("".join([node.render_annotated(context) for node in self]))
                               ~~~~~~~~~~~~~~~~~~~~~^^^^^^^^^
  File "C:\Users\zenam\AppData\Local\Programs\Python\Python313\Lib\site-packages\django\template\base.py", line 1052, in render_annotated
    return self.render(context)
           ~~~~~~~~~~~^^^^^^^^^
  File "C:\Users\zenam\AppData\Local\Programs\Python\Python313\Lib\site-packages\django\template\defaulttags.py", line 333, in render
    return nodelist.render(context)
           ~~~~~~~~~~~~~~~^^^^^^^^^
  File "C:\Users\zenam\AppData\Local\Programs\Python\Python313\Lib\site-packages\django\template\base.py", line 1091, in render
    return SafeString("".join([node.render_annotated(context) for node in self]))
                               ~~~~~~~~~~~~~~~~~~~~~^^^^^^^^^
  File "C:\Users\zenam\AppData\Local\Programs\Python\Python313\Lib\site-packages\django\template\base.py", line 1052, in render_annotated
    return self.render(context)
           ~~~~~~~~~~~^^^^^^^^^
  File "C:\Users\zenam\AppData\Local\Programs\Python\Python313\Lib\site-packages\django\template\base.py", line 1150, in render
    output = self.filter_expression.resolve(context)
  File "C:\Users\zenam\AppData\Local\Programs\Python\Python313\Lib\site-packages\django\template\base.py", line 788, in resolve
    obj = self.var.resolve(context)
  File "C:\Users\zenam\AppData\Local\Programs\Python\Python313\Lib\site-packages\django\template\base.py", line 928, in resolve
    value = self._resolve_lookup(context)
  File "C:\Users\zenam\AppData\Local\Programs\Python\Python313\Lib\site-packages\django\template\base.py", line 976, in _resolve_lookup
    current = getattr(current, bit)
  File "C:\Users\zenam\AppData\Local\Programs\Python\Python313\Lib\site-packages\debug_toolbar\panels\__init__.py", line 110, in content
    return render_to_string(self.template, self.get_stats())
  File "C:\Users\zenam\AppData\Local\Programs\Python\Python313\Lib\site-packages\django\template\loader.py", line 62, in render_to_string
    return template.render(context, request)
           ~~~~~~~~~~~~~~~^^^^^^^^^^^^^^^^^^
  File "C:\Users\zenam\AppData\Local\Programs\Python\Python313\Lib\site-packages\django\template\backends\django.py", line 107, in render
    return self.template.render(context)
           ~~~~~~~~~~~~~~~~~~~~^^^^^^^^^
  File "C:\Users\zenam\AppData\Local\Programs\Python\Python313\Lib\site-packages\django\template\base.py", line 174, in render
    return self._render(context)
           ~~~~~~~~~~~~^^^^^^^^^
  File "C:\Users\zenam\AppData\Local\Programs\Python\Python313\Lib\site-packages\django\test\utils.py", line 114, in instrumented_test_render
    return self.nodelist.render(context)
           ~~~~~~~~~~~~~~~~~~~~^^^^^^^^^
  File "C:\Users\zenam\AppData\Local\Programs\Python\Python313\Lib\site-packages\django\template\base.py", line 1091, in render
    return SafeString("".join([node.render_annotated(context) for node in self]))
                               ~~~~~~~~~~~~~~~~~~~~~^^^^^^^^^
  File "C:\Users\zenam\AppData\Local\Programs\Python\Python313\Lib\site-packages\django\template\base.py", line 1052, in render_annotated
    return self.render(context)
           ~~~~~~~~~~~^^^^^^^^^
  File "C:\Users\zenam\AppData\Local\Programs\Python\Python313\Lib\site-packages\django\template\defaulttags.py", line 333, in render
    return nodelist.render(context)
           ~~~~~~~~~~~~~~~^^^^^^^^^
  File "C:\Users\zenam\AppData\Local\Programs\Python\Python313\Lib\site-packages\django\template\base.py", line 1091, in render
    return SafeString("".join([node.render_annotated(context) for node in self]))
                               ~~~~~~~~~~~~~~~~~~~~~^^^^^^^^^
  File "C:\Users\zenam\AppData\Local\Programs\Python\Python313\Lib\site-packages\django\template\base.py", line 1052, in render_annotated
    return self.render(context)
           ~~~~~~~~~~~^^^^^^^^^
  File "C:\Users\zenam\AppData\Local\Programs\Python\Python313\Lib\site-packages\django\template\defaulttags.py", line 249, in render
    nodelist.append(node.render_annotated(context))
                    ~~~~~~~~~~~~~~~~~~~~~^^^^^^^^^
  File "C:\Users\zenam\AppData\Local\Programs\Python\Python313\Lib\site-packages\django\template\base.py", line 1052, in render_annotated
    return self.render(context)
           ~~~~~~~~~~~^^^^^^^^^
  File "C:\Users\zenam\AppData\Local\Programs\Python\Python313\Lib\site-packages\django\template\defaulttags.py", line 333, in render
    return nodelist.render(context)
           ~~~~~~~~~~~~~~~^^^^^^^^^
  File "C:\Users\zenam\AppData\Local\Programs\Python\Python313\Lib\site-packages\django\template\base.py", line 1091, in render
    return SafeString("".join([node.render_annotated(context) for node in self]))
                               ~~~~~~~~~~~~~~~~~~~~~^^^^^^^^^
  File "C:\Users\zenam\AppData\Local\Programs\Python\Python313\Lib\site-packages\django\template\base.py", line 1052, in render_annotated
    return self.render(context)
           ~~~~~~~~~~~^^^^^^^^^
  File "C:\Users\zenam\AppData\Local\Programs\Python\Python313\Lib\site-packages\django\template\defaulttags.py", line 333, in render
    return nodelist.render(context)
           ~~~~~~~~~~~~~~~^^^^^^^^^
  File "C:\Users\zenam\AppData\Local\Programs\Python\Python313\Lib\site-packages\django\template\base.py", line 1091, in render
    return SafeString("".join([node.render_annotated(context) for node in self]))
                               ~~~~~~~~~~~~~~~~~~~~~^^^^^^^^^
  File "C:\Users\zenam\AppData\Local\Programs\Python\Python313\Lib\site-packages\django\template\base.py", line 1052, in render_annotated
    return self.render(context)
           ~~~~~~~~~~~^^^^^^^^^
  File "C:\Users\zenam\AppData\Local\Programs\Python\Python313\Lib\site-packages\django\template\defaulttags.py", line 511, in render
    url = reverse(view_name, args=args, kwargs=kwargs, current_app=current_app)
  File "C:\Users\zenam\AppData\Local\Programs\Python\Python313\Lib\site-packages\django\urls\base.py", line 92, in reverse
    raise NoReverseMatch("%s is not a registered namespace" % key)
django.urls.exceptions.NoReverseMatch: 'djdt' is not a registered namespace
INFO 2026-10-05 14:53:32,314 middleware Request GET / by Anonymous in 6.27 ms | groups=Anonymous | status=200
ERROR 2026-10-05 14:53:32,339 log Internal Server Error: /
Traceback (most recent call last):
  File "C:\Users\zenam\AppData\Local\Programs\Python\Python313\Lib\site-packages\django\template\base.py", line 964, in _resolve_lookup
    raise TypeError
TypeError

During handling of the above exception, another exception occurred:

Traceback (most recent call last):
  File "C:\Users\zenam\AppData\Local\Programs\Python\Python313\Lib\site-packages\django\urls\base.py", line 81, in reverse
    extra, resolver = resolver.namespace_dict[ns]
                      ~~~~~~~~~~~~~~~~~~~~~~~^^^^
KeyError: 'djdt'

During handling of the above exception, another exception occurred:

Traceback (most recent call last):
  File "C:\Users\zenam\AppData\Local\Programs\Python\Python313\Lib\site-packages\django\core\handlers\exception.py", line 55, in inner
    response = get_response(request)
  File "C:\Users\zenam\AppData\Local\Programs\Python\Python313\Lib\site-packages\debug_toolbar\middleware.py", line 130, in __call__
    return self._postprocess(request, response, toolbar)
           ~~~~~~~~~~~~~~~~~^^^^^^^^^^^^^^^^^^^^^^^^^^^^
  File "C:\Users\zenam\AppData\Local\Programs\Python\Python313\Lib\site-packages\debug_toolbar\middleware.py", line 172, in _postprocess
    rendered = toolbar.render_toolbar()
  File "C:\Users\zenam\AppData\Local\Programs\Python\Python313\Lib\site-packages\debug_toolbar\toolbar.py", line 96, in render_toolbar
    return render_to_string("debug_toolbar/base.html", context)
  File "C:\Users\zenam\AppData\Local\Programs\Python\Python313\Lib\site-packages\django\template\loader.py", line 62, in render_to_string
    return template.render(context, request)
           ~~~~~~~~~~~~~~~^^^^^^^^^^^^^^^^^^
  File "C:\Users\zenam\AppData\Local\Programs\Python\Python313\Lib\site-packages\django\template\backends\django.py", line 107, in render
    return self.template.render(context)
           ~~~~~~~~~~~~~~~~~~~~^^^^^^^^^
  File "C:\Users\zenam\AppData\Local\Programs\Python\Python313\Lib\site-packages\django\template\base.py", line 174, in render
    return self._render(context)
           ~~~~~~~~~~~~^^^^^^^^^
  File "C:\Users\zenam\AppData\Local\Programs\Python\Python313\Lib\site-packages\django\test\utils.py", line 114, in instrumented_test_render
    return self.nodelist.render(context)
           ~~~~~~~~~~~~~~~~~~~~^^^^^^^^^
  File "C:\Users\zenam\AppData\Local\Programs\Python\Python313\Lib\site-packages\django\template\base.py", line 1091, in render
    return SafeString("".join([node.render_annotated(context) for node in self]))
                               ~~~~~~~~~~~~~~~~~~~~~^^^^^^^^^
  File "C:\Users\zenam\AppData\Local\Programs\Python\Python313\Lib\site-packages\django\template\base.py", line 1052, in render_annotated
    return self.render(context)
           ~~~~~~~~~~~^^^^^^^^^
  File "C:\Users\zenam\AppData\Local\Programs\Python\Python313\Lib\site-packages\django\template\defaulttags.py", line 249, in render
    nodelist.append(node.render_annotated(context))
                    ~~~~~~~~~~~~~~~~~~~~~^^^^^^^^^
  File "C:\Users\zenam\AppData\Local\Programs\Python\Python313\Lib\site-packages\django\template\base.py", line 1052, in render_annotated
    return self.render(context)
           ~~~~~~~~~~~^^^^^^^^^
  File "C:\Users\zenam\AppData\Local\Programs\Python\Python313\Lib\site-packages\django\template\loader_tags.py", line 211, in render
    return template.render(context)
           ~~~~~~~~~~~~~~~^^^^^^^^^
  File "C:\Users\zenam\AppData\Local\Programs\Python\Python313\Lib\site-packages\django\template\base.py", line 176, in render
    return self._render(context)
           ~~~~~~~~~~~~^^^^^^^^^
  File "C:\Users\zenam\AppData\Local\Programs\Python\Python313\Lib\site-packages\django\test\utils.py", line 114, in instrumented_test_render
    return self.nodelist.render(context)
           ~~~~~~~~~~~~~~~~~~~~^^^^^^^^^
  File "C:\Users\zenam\AppData\Local\Programs\Python\Python313\Lib\site-packages\django\template\base.py", line 1091, in render
    return SafeString("".join([node.render_annotated(context) for node in self]))
                               ~~~~~~~~~~~~~~~~~~~~~^^^^^^^^^
  File "C:\Users\zenam\AppData\Local\Programs\Python\Python313\Lib\site-packages\django\template\base.py", line 1052, in render_annotated
    return self.render(context)
           ~~~~~~~~~~~^^^^^^^^^
  File "C:\Users\zenam\AppData\Local\Programs\Python\Python313\Lib\site-packages\django\template\defaulttags.py", line 333, in render
    return nodelist.render(context)
           ~~~~~~~~~~~~~~~^^^^^^^^^
  File "C:\Users\zenam\AppData\Local\Programs\Python\Python313\Lib\site-packages\django\template\base.py", line 1091, in render
    return SafeString("".join([node.render_annotated(context) for node in self]))
                               ~~~~~~~~~~~~~~~~~~~~~^^^^^^^^^
  File "C:\Users\zenam\AppData\Local\Programs\Python\Python313\Lib\site-packages\django\template\base.py", line 1052, in render_annotated
    return self.render(context)
           ~~~~~~~~~~~^^^^^^^^^
  File "C:\Users\zenam\AppData\Local\Programs\Python\Python313\Lib\site-packages\django\template\defaulttags.py", line 333, in render
    return nodelist.render(context)
           ~~~~~~~~~~~~~~~^^^^^^^^^
  File "C:\Users\zenam\AppData\Local\Programs\Python\Python313\Lib\site-packages\django\template\base.py", line 1091, in render
    return SafeString("".join([node.render_annotated(context) for node in self]))
                               ~~~~~~~~~~~~~~~~~~~~~^^^^^^^^^
  File "C:\Users\zenam\AppData\Local\Programs\Python\Python313\Lib\site-packages\django\template\base.py", line 1052, in render_annotated
    return self.render(context)
           ~~~~~~~~~~~^^^^^^^^^
  File "C:\Users\zenam\AppData\Local\Programs\Python\Python313\Lib\site-packages\django\template\base.py", line 1150, in render
    output = self.filter_expression.resolve(context)
  File "C:\Users\zenam\AppData\Local\Programs\Python\Python313\Lib\site-packages\django\template\base.py", line 788, in resolve
    obj = self.var.resolve(context)
  File "C:\Users\zenam\AppData\Local\Programs\Python\Python313\Lib\site-packages\django\template\base.py", line 928, in resolve
    value = self._resolve_lookup(context)
  File "C:\Users\zenam\AppData\Local\Programs\Python\Python313\Lib\site-packages\django\template\base.py", line 976, in _resolve_lookup
    current = getattr(current, bit)
  File "C:\Users\zenam\AppData\Local\Programs\Python\Python313\Lib\site-packages\debug_toolbar\panels\__init__.py", line 110, in content
    return render_to_string(self.template, self.get_stats())
  File "C:\Users\zenam\AppData\Local\Programs\Python\Python313\Lib\site-packages\django\template\loader.py", line 62, in render_to_string
    return template.render(context, request)
           ~~~~~~~~~~~~~~~^^^^^^^^^^^^^^^^^^
  File "C:\Users\zenam\AppData\Local\Programs\Python\Python313\Lib\site-packages\django\template\backends\django.py", line 107, in render
    return self.template.render(context)
           ~~~~~~~~~~~~~~~~~~~~^^^^^^^^^
  File "C:\Users\zenam\AppData\Local\Programs\Python\Python313\Lib\site-packages\django\template\base.py", line 174, in render
    return self._render(context)
           ~~~~~~~~~~~~^^^^^^^^^
  File "C:\Users\zenam\AppData\Local\Programs\Python\Python313\Lib\site-packages\django\test\utils.py", line 114, in instrumented_test_render
    return self.nodelist.render(context)
           ~~~~~~~~~~~~~~~~~~~~^^^^^^^^^
  File "C:\Users\zenam\AppData\Local\Programs\Python\Python313\Lib\site-packages\django\template\base.py", line 1091, in render
    return SafeString("".join([node.render_annotated(context) for node in self]))
                               ~~~~~~~~~~~~~~~~~~~~~^^^^^^^^^
  File "C:\Users\zenam\AppData\Local\Programs\Python\Python313\Lib\site-packages\django\template\base.py", line 1052, in render_annotated
    return self.render(context)
           ~~~~~~~~~~~^^^^^^^^^
  File "C:\Users\zenam\AppData\Local\Programs\Python\Python313\Lib\site-packages\django\template\defaulttags.py", line 333, in render
    return nodelist.render(context)
           ~~~~~~~~~~~~~~~^^^^^^^^^
  File "C:\Users\zenam\AppData\Local\Programs\Python\Python313\Lib\site-packages\django\template\base.py", line 1091, in render
    return SafeString("".join([node.render_annotated(context) for node in self]))
                               ~~~~~~~~~~~~~~~~~~~~~^^^^^^^^^
  File "C:\Users\zenam\AppData\Local\Programs\Python\Python313\Lib\site-packages\django\template\base.py", line 1052, in render_annotated
    return self.render(context)
           ~~~~~~~~~~~^^^^^^^^^
  File "C:\Users\zenam\AppData\Local\Programs\Python\Python313\Lib\site-packages\django\template\defaulttags.py", line 249, in render
    nodelist.append(node.render_annotated(context))
                    ~~~~~~~~~~~~~~~~~~~~~^^^^^^^^^
  File "C:\Users\zenam\AppData\Local\Programs\Python\Python313\Lib\site-packages\django\template\base.py", line 1052, in render_annotated
    return self.render(context)
           ~~~~~~~~~~~^^^^^^^^^
  File "C:\Users\zenam\AppData\Local\Programs\Python\Python313\Lib\site-packages\django\template\defaulttags.py", line 333, in render
    return nodelist.render(context)
           ~~~~~~~~~~~~~~~^^^^^^^^^
  File "C:\Users\zenam\AppData\Local\Programs\Python\Python313\Lib\site-packages\django\template\base.py", line 1091, in render
    return SafeString("".join([node.render_annotated(context) for node in self]))
                               ~~~~~~~~~~~~~~~~~~~~~^^^^^^^^^
  File "C:\Users\zenam\AppData\Local\Programs\Python\Python313\Lib\site-packages\django\template\base.py", line 1052, in render_annotated
    return self.render(context)
           ~~~~~~~~~~~^^^^^^^^^
  File "C:\Users\zenam\AppData\Local\Programs\Python\Python313\Lib\site-packages\django\template\defaulttags.py", line 333, in render
    return nodelist.render(context)
           ~~~~~~~~~~~~~~~^^^^^^^^^
  File "C:\Users\zenam\AppData\Local\Programs\Python\Python313\Lib\site-packages\django\template\base.py", line 1091, in render
    return SafeString("".join([node.render_annotated(context) for node in self]))
                               ~~~~~~~~~~~~~~~~~~~~~^^^^^^^^^
  File "C:\Users\zenam\AppData\Local\Programs\Python\Python313\Lib\site-packages\django\template\base.py", line 1052, in render_annotated
    return self.render(context)
           ~~~~~~~~~~~^^^^^^^^^
  File "C:\Users\zenam\AppData\Local\Programs\Python\Python313\Lib\site-packages\django\template\defaulttags.py", line 511, in render
    url = reverse(view_name, args=args, kwargs=kwargs, current_app=current_app)
  File "C:\Users\zenam\AppData\Local\Programs\Python\Python313\Lib\site-packages\django\urls\base.py", line 92, in reverse
    raise NoReverseMatch("%s is not a registered namespace" % key)
django.urls.exceptions.NoReverseMatch: 'djdt' is not a registered namespace
INFO 2026-10-05 14:53:33,140 middleware Request GET / by Anonymous in 6.59 ms | groups=Anonymous | status=200
ERROR 2026-10-05 14:53:33,179 log Internal Server Error: /
Traceback (most recent call last):
  File "C:\Users\zenam\AppData\Local\Programs\Python\Python313\Lib\site-packages\django\template\base.py", line 964, in _resolve_lookup
    raise TypeError
TypeError

During handling of the above exception, another exception occurred:

Traceback (most recent call last):
  File "C:\Users\zenam\AppData\Local\Programs\Python\Python313\Lib\site-packages\django\urls\base.py", line 81, in reverse
    extra, resolver = resolver.namespace_dict[ns]
                      ~~~~~~~~~~~~~~~~~~~~~~~^^^^
KeyError: 'djdt'

During handling of the above exception, another exception occurred:

Traceback (most recent call last):
  File "C:\Users\zenam\AppData\Local\Programs\Python\Python313\Lib\site-packages\django\core\handlers\exception.py", line 55, in inner
    response = get_response(request)
  File "C:\Users\zenam\AppData\Local\Programs\Python\Python313\Lib\site-packages\debug_toolbar\middleware.py", line 130, in __call__
    return self._postprocess(request, response, toolbar)
           ~~~~~~~~~~~~~~~~~^^^^^^^^^^^^^^^^^^^^^^^^^^^^
  File "C:\Users\zenam\AppData\Local\Programs\Python\Python313\Lib\site-packages\debug_toolbar\middleware.py", line 172, in _postprocess
    rendered = toolbar.render_toolbar()
  File "C:\Users\zenam\AppData\Local\Programs\Python\Python313\Lib\site-packages\debug_toolbar\toolbar.py", line 96, in render_toolbar
    return render_to_string("debug_toolbar/base.html", context)
  File "C:\Users\zenam\AppData\Local\Programs\Python\Python313\Lib\site-packages\django\template\loader.py", line 62, in render_to_string
    return template.render(context, request)
           ~~~~~~~~~~~~~~~^^^^^^^^^^^^^^^^^^
  File "C:\Users\zenam\AppData\Local\Programs\Python\Python313\Lib\site-packages\django\template\backends\django.py", line 107, in render
    return self.template.render(context)
           ~~~~~~~~~~~~~~~~~~~~^^^^^^^^^
  File "C:\Users\zenam\AppData\Local\Programs\Python\Python313\Lib\site-packages\django\template\base.py", line 174, in render
    return self._render(context)
           ~~~~~~~~~~~~^^^^^^^^^
  File "C:\Users\zenam\AppData\Local\Programs\Python\Python313\Lib\site-packages\django\test\utils.py", line 114, in instrumented_test_render
    return self.nodelist.render(context)
           ~~~~~~~~~~~~~~~~~~~~^^^^^^^^^
  File "C:\Users\zenam\AppData\Local\Programs\Python\Python313\Lib\site-packages\django\template\base.py", line 1091, in render
    return SafeString("".join([node.render_annotated(context) for node in self]))
                               ~~~~~~~~~~~~~~~~~~~~~^^^^^^^^^
  File "C:\Users\zenam\AppData\Local\Programs\Python\Python313\Lib\site-packages\django\template\base.py", line 1052, in render_annotated
    return self.render(context)
           ~~~~~~~~~~~^^^^^^^^^
  File "C:\Users\zenam\AppData\Local\Programs\Python\Python313\Lib\site-packages\django\template\defaulttags.py", line 249, in render
    nodelist.append(node.render_annotated(context))
                    ~~~~~~~~~~~~~~~~~~~~~^^^^^^^^^
  File "C:\Users\zenam\AppData\Local\Programs\Python\Python313\Lib\site-packages\django\template\base.py", line 1052, in render_annotated
    return self.render(context)
           ~~~~~~~~~~~^^^^^^^^^
  File "C:\Users\zenam\AppData\Local\Programs\Python\Python313\Lib\site-packages\django\template\loader_tags.py", line 211, in render
    return template.render(context)
           ~~~~~~~~~~~~~~~^^^^^^^^^
  File "C:\Users\zenam\AppData\Local\Programs\Python\Python313\Lib\site-packages\django\template\base.py", line 176, in render
    return self._render(context)
           ~~~~~~~~~~~~^^^^^^^^^
  File "C:\Users\zenam\AppData\Local\Programs\Python\Python313\Lib\site-packages\django\test\utils.py", line 114, in instrumented_test_render
    return self.nodelist.render(context)
           ~~~~~~~~~~~~~~~~~~~~^^^^^^^^^
  File "C:\Users\zenam\AppData\Local\Programs\Python\Python313\Lib\site-packages\django\template\base.py", line 1091, in render
    return SafeString("".join([node.render_annotated(context) for node in self]))
                               ~~~~~~~~~~~~~~~~~~~~~^^^^^^^^^
  File "C:\Users\zenam\AppData\Local\Programs\Python\Python313\Lib\site-packages\django\template\base.py", line 1052, in render_annotated
    return self.render(context)
           ~~~~~~~~~~~^^^^^^^^^
  File "C:\Users\zenam\AppData\Local\Programs\Python\Python313\Lib\site-packages\django\template\defaulttags.py", line 333, in render
    return nodelist.render(context)
           ~~~~~~~~~~~~~~~^^^^^^^^^
  File "C:\Users\zenam\AppData\Local\Programs\Python\Python313\Lib\site-packages\django\template\base.py", line 1091, in render
    return SafeString("".join([node.render_annotated(context) for node in self]))
                               ~~~~~~~~~~~~~~~~~~~~~^^^^^^^^^
  File "C:\Users\zenam\AppData\Local\Programs\Python\Python313\Lib\site-packages\django\template\base.py", line 1052, in render_annotated
    return self.render(context)
           ~~~~~~~~~~~^^^^^^^^^
  File "C:\Users\zenam\AppData\Local\Programs\Python\Python313\Lib\site-packages\django\template\defaulttags.py", line 333, in render
    return nodelist.render(context)
           ~~~~~~~~~~~~~~~^^^^^^^^^
  File "C:\Users\zenam\AppData\Local\Programs\Python\Python313\Lib\site-packages\django\template\base.py", line 1091, in render
    return SafeString("".join([node.render_annotated(context) for node in self]))
                               ~~~~~~~~~~~~~~~~~~~~~^^^^^^^^^
  File "C:\Users\zenam\AppData\Local\Programs\Python\Python313\Lib\site-packages\django\template\base.py", line 1052, in render_annotated
    return self.render(context)
           ~~~~~~~~~~~^^^^^^^^^
  File "C:\Users\zenam\AppData\Local\Programs\Python\Python313\Lib\site-packages\django\template\base.py", line 1150, in render
    output = self.filter_expression.resolve(context)
  File "C:\Users\zenam\AppData\Local\Programs\Python\Python313\Lib\site-packages\django\template\base.py", line 788, in resolve
    obj = self.var.resolve(context)
  File "C:\Users\zenam\AppData\Local\Programs\Python\Python313\Lib\site-packages\django\template\base.py", line 928, in resolve
    value = self._resolve_lookup(context)
  File "C:\Users\zenam\AppData\Local\Programs\Python\Python313\Lib\site-packages\django\template\base.py", line 976, in _resolve_lookup
    current = getattr(current, bit)
  File "C:\Users\zenam\AppData\Local\Programs\Python\Python313\Lib\site-packages\debug_toolbar\panels\__init__.py", line 110, in content
    return render_to_string(self.template, self.get_stats())
  File "C:\Users\zenam\AppData\Local\Programs\Python\Python313\Lib\site-packages\django\template\loader.py", line 62, in render_to_string
    return template.render(context, request)
           ~~~~~~~~~~~~~~~^^^^^^^^^^^^^^^^^^
  File "C:\Users\zenam\AppData\Local\Programs\Python\Python313\Lib\site-packages\django\template\backends\django.py", line 107, in render
    return self.template.render(context)
           ~~~~~~~~~~~~~~~~~~~~^^^^^^^^^
  File "C:\Users\zenam\AppData\Local\Programs\Python\Python313\Lib\site-packages\django\template\base.py", line 174, in render
    return self._render(context)
           ~~~~~~~~~~~~^^^^^^^^^
  File "C:\Users\zenam\AppData\Local\Programs\Python\Python313\Lib\site-packages\django\test\utils.py", line 114, in instrumented_test_render
    return self.nodelist.render(context)
           ~~~~~~~~~~~~~~~~~~~~^^^^^^^^^
  File "C:\Users\zenam\AppData\Local\Programs\Python\Python313\Lib\site-packages\django\template\base.py", line 1091, in render
    return SafeString("".join([node.render_annotated(context) for node in self]))
                               ~~~~~~~~~~~~~~~~~~~~~^^^^^^^^^
  File "C:\Users\zenam\AppData\Local\Programs\Python\Python313\Lib\site-packages\django\template\base.py", line 1052, in render_annotated
    return self.render(context)
           ~~~~~~~~~~~^^^^^^^^^
  File "C:\Users\zenam\AppData\Local\Programs\Python\Python313\Lib\site-packages\django\template\defaulttags.py", line 333, in render
    return nodelist.render(context)
           ~~~~~~~~~~~~~~~^^^^^^^^^
  File "C:\Users\zenam\AppData\Local\Programs\Python\Python313\Lib\site-packages\django\template\base.py", line 1091, in render
    return SafeString("".join([node.render_annotated(context) for node in self]))
                               ~~~~~~~~~~~~~~~~~~~~~^^^^^^^^^
  File "C:\Users\zenam\AppData\Local\Programs\Python\Python313\Lib\site-packages\django\template\base.py", line 1052, in render_annotated
    return self.render(context)
           ~~~~~~~~~~~^^^^^^^^^
  File "C:\Users\zenam\AppData\Local\Programs\Python\Python313\Lib\site-packages\django\template\defaulttags.py", line 249, in render
    nodelist.append(node.render_annotated(context))
                    ~~~~~~~~~~~~~~~~~~~~~^^^^^^^^^
  File "C:\Users\zenam\AppData\Local\Programs\Python\Python313\Lib\site-packages\django\template\base.py", line 1052, in render_annotated
    return self.render(context)
           ~~~~~~~~~~~^^^^^^^^^
  File "C:\Users\zenam\AppData\Local\Programs\Python\Python313\Lib\site-packages\django\template\defaulttags.py", line 333, in render
    return nodelist.render(context)
           ~~~~~~~~~~~~~~~^^^^^^^^^
  File "C:\Users\zenam\AppData\Local\Programs\Python\Python313\Lib\site-packages\django\template\base.py", line 1091, in render
    return SafeString("".join([node.render_annotated(context) for node in self]))
                               ~~~~~~~~~~~~~~~~~~~~~^^^^^^^^^
  File "C:\Users\zenam\AppData\Local\Programs\Python\Python313\Lib\site-packages\django\template\base.py", line 1052, in render_annotated
    return self.render(context)
           ~~~~~~~~~~~^^^^^^^^^
  File "C:\Users\zenam\AppData\Local\Programs\Python\Python313\Lib\site-packages\django\template\defaulttags.py", line 333, in render
    return nodelist.render(context)
           ~~~~~~~~~~~~~~~^^^^^^^^^
  File "C:\Users\zenam\AppData\Local\Programs\Python\Python313\Lib\site-packages\django\template\base.py", line 1091, in render
    return SafeString("".join([node.render_annotated(context) for node in self]))
                               ~~~~~~~~~~~~~~~~~~~~~^^^^^^^^^
  File "C:\Users\zenam\AppData\Local\Programs\Python\Python313\Lib\site-packages\django\template\base.py", line 1052, in render_annotated
    return self.render(context)
           ~~~~~~~~~~~^^^^^^^^^
  File "C:\Users\zenam\AppData\Local\Programs\Python\Python313\Lib\site-packages\django\template\defaulttags.py", line 511, in render
    url = reverse(view_name, args=args, kwargs=kwargs, current_app=current_app)
  File "C:\Users\zenam\AppData\Local\Programs\Python\Python313\Lib\site-packages\django\urls\base.py", line 92, in reverse
    raise NoReverseMatch("%s is not a registered namespace" % key)
django.urls.exceptions.NoReverseMatch: 'djdt' is not a registered namespace
INFO 2026-10-05 14:53:33,937 middleware Request GET /1/ by Anonymous in 9.82 ms | groups=Anonymous | status=200
ERROR 2026-10-05 14:53:33,967 log Internal Server Error: /1/
Traceback (most recent call last):
  File "C:\Users\zenam\AppData\Local\Programs\Python\Python313\Lib\site-packages\django\template\base.py", line 964, in _resolve_lookup
    raise TypeError
TypeError

During handling of the above exception, another exception occurred:

Traceback (most recent call last):
  File "C:\Users\zenam\AppData\Local\Programs\Python\Python313\Lib\site-packages\django\urls\base.py", line 81, in reverse
    extra, resolver = resolver.namespace_dict[ns]
                      ~~~~~~~~~~~~~~~~~~~~~~~^^^^
KeyError: 'djdt'

During handling of the above exception, another exception occurred:

Traceback (most recent call last):
  File "C:\Users\zenam\AppData\Local\Programs\Python\Python313\Lib\site-packages\django\core\handlers\exception.py", line 55, in inner
    response = get_response(request)
  File "C:\Users\zenam\AppData\Local\Programs\Python\Python313\Lib\site-packages\debug_toolbar\middleware.py", line 130, in __call__
    return self._postprocess(request, response, toolbar)
           ~~~~~~~~~~~~~~~~~^^^^^^^^^^^^^^^^^^^^^^^^^^^^
  File "C:\Users\zenam\AppData\Local\Programs\Python\Python313\Lib\site-packages\debug_toolbar\middleware.py", line 172, in _postprocess
    rendered = toolbar.render_toolbar()
  File "C:\Users\zenam\AppData\Local\Programs\Python\Python313\Lib\site-packages\debug_toolbar\toolbar.py", line 96, in render_toolbar
    return render_to_string("debug_toolbar/base.html", context)
  File "C:\Users\zenam\AppData\Local\Programs\Python\Python313\Lib\site-packages\django\template\loader.py", line 62, in render_to_string
    return template.render(context, request)
           ~~~~~~~~~~~~~~~^^^^^^^^^^^^^^^^^^
  File "C:\Users\zenam\AppData\Local\Programs\Python\Python313\Lib\site-packages\django\template\backends\django.py", line 107, in render
    return self.template.render(context)
           ~~~~~~~~~~~~~~~~~~~~^^^^^^^^^
  File "C:\Users\zenam\AppData\Local\Programs\Python\Python313\Lib\site-packages\django\template\base.py", line 174, in render
    return self._render(context)
           ~~~~~~~~~~~~^^^^^^^^^
  File "C:\Users\zenam\AppData\Local\Programs\Python\Python313\Lib\site-packages\django\test\utils.py", line 114, in instrumented_test_render
    return self.nodelist.render(context)
           ~~~~~~~~~~~~~~~~~~~~^^^^^^^^^
  File "C:\Users\zenam\AppData\Local\Programs\Python\Python313\Lib\site-packages\django\template\base.py", line 1091, in render
    return SafeString("".join([node.render_annotated(context) for node in self]))
                               ~~~~~~~~~~~~~~~~~~~~~^^^^^^^^^
  File "C:\Users\zenam\AppData\Local\Programs\Python\Python313\Lib\site-packages\django\template\base.py", line 1052, in render_annotated
    return self.render(context)
           ~~~~~~~~~~~^^^^^^^^^
  File "C:\Users\zenam\AppData\Local\Programs\Python\Python313\Lib\site-packages\django\template\defaulttags.py", line 249, in render
    nodelist.append(node.render_annotated(context))
                    ~~~~~~~~~~~~~~~~~~~~~^^^^^^^^^
  File "C:\Users\zenam\AppData\Local\Programs\Python\Python313\Lib\site-packages\django\template\base.py", line 1052, in render_annotated
    return self.render(context)
           ~~~~~~~~~~~^^^^^^^^^
  File "C:\Users\zenam\AppData\Local\Programs\Python\Python313\Lib\site-packages\django\template\loader_tags.py", line 211, in render
    return template.render(context)
           ~~~~~~~~~~~~~~~^^^^^^^^^
  File "C:\Users\zenam\AppData\Local\Programs\Python\Python313\Lib\site-packages\django\template\base.py", line 176, in render
    return self._render(context)
           ~~~~~~~~~~~~^^^^^^^^^
  File "C:\Users\zenam\AppData\Local\Programs\Python\Python313\Lib\site-packages\django\test\utils.py", line 114, in instrumented_test_render
    return self.nodelist.render(context)
           ~~~~~~~~~~~~~~~~~~~~^^^^^^^^^
  File "C:\Users\zenam\AppData\Local\Programs\Python\Python313\Lib\site-packages\django\template\base.py", line 1091, in render
    return SafeString("".join([node.render_annotated(context) for node in self]))
                               ~~~~~~~~~~~~~~~~~~~~~^^^^^^^^^
  File "C:\Users\zenam\AppData\Local\Programs\Python\Python313\Lib\site-packages\django\template\base.py", line 1052, in render_annotated
    return self.render(context)
           ~~~~~~~~~~~^^^^^^^^^
  File "C:\Users\zenam\AppData\Local\Programs\Python\Python313\Lib\site-packages\django\template\defaulttags.py", line 333, in render
    return nodelist.render(context)
           ~~~~~~~~~~~~~~~^^^^^^^^^
  File "C:\Users\zenam\AppData\Local\Programs\Python\Python313\Lib\site-packages\django\template\base.py", line 1091, in render
    return SafeString("".join([node.render_annotated(context) for node in self]))
                               ~~~~~~~~~~~~~~~~~~~~~^^^^^^^^^
  File "C:\Users\zenam\AppData\Local\Programs\Python\Python313\Lib\site-packages\django\template\base.py", line 1052, in render_annotated
    return self.render(context)
           ~~~~~~~~~~~^^^^^^^^^
  File "C:\Users\zenam\AppData\Local\Programs\Python\Python313\Lib\site-packages\django\template\defaulttags.py", line 333, in render
    return nodelist.render(context)
           ~~~~~~~~~~~~~~~^^^^^^^^^
  File "C:\Users\zenam\AppData\Local\Programs\Python\Python313\Lib\site-packages\django\template\base.py", line 1091, in render
    return SafeString("".join([node.render_annotated(context) for node in self]))
                               ~~~~~~~~~~~~~~~~~~~~~^^^^^^^^^
  File "C:\Users\zenam\AppData\Local\Programs\Python\Python313\Lib\site-packages\django\template\base.py", line 1052, in render_annotated
    return self.render(context)
           ~~~~~~~~~~~^^^^^^^^^
  File "C:\Users\zenam\AppData\Local\Programs\Python\Python313\Lib\site-packages\django\template\base.py", line 1150, in render
    output = self.filter_expression.resolve(context)
  File "C:\Users\zenam\AppData\Local\Programs\Python\Python313\Lib\site-packages\django\template\base.py", line 788, in resolve
    obj = self.var.resolve(context)
  File "C:\Users\zenam\AppData\Local\Programs\Python\Python313\Lib\site-packages\django\template\base.py", line 928, in resolve
    value = self._resolve_lookup(context)
  File "C:\Users\zenam\AppData\Local\Programs\Python\Python313\Lib\site-packages\django\template\base.py", line 976, in _resolve_lookup
    current = getattr(current, bit)
  File "C:\Users\zenam\AppData\Local\Programs\Python\Python313\Lib\site-packages\debug_toolbar\panels\__init__.py", line 110, in content
    return render_to_string(self.template, self.get_stats())
  File "C:\Users\zenam\AppData\Local\Programs\Python\Python313\Lib\site-packages\django\template\loader.py", line 62, in render_to_string
    return template.render(context, request)
           ~~~~~~~~~~~~~~~^^^^^^^^^^^^^^^^^^
  File "C:\Users\zenam\AppData\Local\Programs\Python\Python313\Lib\site-packages\django\template\backends\django.py", line 107, in render
    return self.template.render(context)
           ~~~~~~~~~~~~~~~~~~~~^^^^^^^^^
  File "C:\Users\zenam\AppData\Local\Programs\Python\Python313\Lib\site-packages\django\template\base.py", line 174, in render
    return self._render(context)
           ~~~~~~~~~~~~^^^^^^^^^
  File "C:\Users\zenam\AppData\Local\Programs\Python\Python313\Lib\site-packages\django\test\utils.py", line 114, in instrumented_test_render
    return self.nodelist.render(context)
           ~~~~~~~~~~~~~~~~~~~~^^^^^^^^^
  File "C:\Users\zenam\AppData\Local\Programs\Python\Python313\Lib\site-packages\django\template\base.py", line 1091, in render
    return SafeString("".join([node.render_annotated(context) for node in self]))
                               ~~~~~~~~~~~~~~~~~~~~~^^^^^^^^^
  File "C:\Users\zenam\AppData\Local\Programs\Python\Python313\Lib\site-packages\django\template\base.py", line 1052, in render_annotated
    return self.render(context)
           ~~~~~~~~~~~^^^^^^^^^
  File "C:\Users\zenam\AppData\Local\Programs\Python\Python313\Lib\site-packages\django\template\defaulttags.py", line 333, in render
    return nodelist.render(context)
           ~~~~~~~~~~~~~~~^^^^^^^^^
  File "C:\Users\zenam\AppData\Local\Programs\Python\Python313\Lib\site-packages\django\template\base.py", line 1091, in render
    return SafeString("".join([node.render_annotated(context) for node in self]))
                               ~~~~~~~~~~~~~~~~~~~~~^^^^^^^^^
  File "C:\Users\zenam\AppData\Local\Programs\Python\Python313\Lib\site-packages\django\template\base.py", line 1052, in render_annotated
    return self.render(context)
           ~~~~~~~~~~~^^^^^^^^^
  File "C:\Users\zenam\AppData\Local\Programs\Python\Python313\Lib\site-packages\django\template\defaulttags.py", line 249, in render
    nodelist.append(node.render_annotated(context))
                    ~~~~~~~~~~~~~~~~~~~~~^^^^^^^^^
  File "C:\Users\zenam\AppData\Local\Programs\Python\Python313\Lib\site-packages\django\template\base.py", line 1052, in render_annotated
    return self.render(context)
           ~~~~~~~~~~~^^^^^^^^^
  File "C:\Users\zenam\AppData\Local\Programs\Python\Python313\Lib\site-packages\django\template\defaulttags.py", line 333, in render
    return nodelist.render(context)
           ~~~~~~~~~~~~~~~^^^^^^^^^
  File "C:\Users\zenam\AppData\Local\Programs\Python\Python313\Lib\site-packages\django\template\base.py", line 1091, in render
    return SafeString("".join([node.render_annotated(context) for node in self]))
                               ~~~~~~~~~~~~~~~~~~~~~^^^^^^^^^
  File "C:\Users\zenam\AppData\Local\Programs\Python\Python313\Lib\site-packages\django\template\base.py", line 1052, in render_annotated
    return self.render(context)
           ~~~~~~~~~~~^^^^^^^^^
  File "C:\Users\zenam\AppData\Local\Programs\Python\Python313\Lib\site-packages\django\template\defaulttags.py", line 333, in render
    return nodelist.render(context)
           ~~~~~~~~~~~~~~~^^^^^^^^^
  File "C:\Users\zenam\AppData\Local\Programs\Python\Python313\Lib\site-packages\django\template\base.py", line 1091, in render
    return SafeString("".join([node.render_annotated(context) for node in self]))
                               ~~~~~~~~~~~~~~~~~~~~~^^^^^^^^^
  File "C:\Users\zenam\AppData\Local\Programs\Python\Python313\Lib\site-packages\django\template\base.py", line 1052, in render_annotated
    return self.render(context)
           ~~~~~~~~~~~^^^^^^^^^
  File "C:\Users\zenam\AppData\Local\Programs\Python\Python313\Lib\site-packages\django\template\defaulttags.py", line 511, in render
    url = reverse(view_name, args=args, kwargs=kwargs, current_app=current_app)
  File "C:\Users\zenam\AppData\Local\Programs\Python\Python313\Lib\site-packages\django\urls\base.py", line 92, in reverse
    raise NoReverseMatch("%s is not a registered namespace" % key)
django.urls.exceptions.NoReverseMatch: 'djdt' is not a registered namespace
INFO 2026-10-05 14:53:34,646 middleware Request POST /cart/add/1/ by Anonymous in 7.95 ms | groups=Anonymous | status=302
ERROR 2026-10-05 14:53:34,680 log Internal Server Error: /cart/add/1/
Traceback (most recent call last):
  File "C:\Users\zenam\AppData\Local\Programs\Python\Python313\Lib\site-packages\django\template\base.py", line 964, in _resolve_lookup
    raise TypeError
TypeError

During handling of the above exception, another exception occurred:

Traceback (most recent call last):
  File "C:\Users\zenam\AppData\Local\Programs\Python\Python313\Lib\site-packages\django\urls\base.py", line 81, in reverse
    extra, resolver = resolver.namespace_dict[ns]
                      ~~~~~~~~~~~~~~~~~~~~~~~^^^^
KeyError: 'djdt'

During handling of the above exception, another exception occurred:

Traceback (most recent call last):
  File "C:\Users\zenam\AppData\Local\Programs\Python\Python313\Lib\site-packages\django\core\handlers\exception.py", line 55, in inner
    response = get_response(request)
  File "C:\Users\zenam\AppData\Local\Programs\Python\Python313\Lib\site-packages\debug_toolbar\middleware.py", line 130, in __call__
    return self._postprocess(request, response, toolbar)
           ~~~~~~~~~~~~~~~~~^^^^^^^^^^^^^^^^^^^^^^^^^^^^
  File "C:\Users\zenam\AppData\Local\Programs\Python\Python313\Lib\site-packages\debug_toolbar\middleware.py", line 172, in _postprocess
    rendered = toolbar.render_toolbar()
  File "C:\Users\zenam\AppData\Local\Programs\Python\Python313\Lib\site-packages\debug_toolbar\toolbar.py", line 96, in render_toolbar
    return render_to_string("debug_toolbar/base.html", context)
  File "C:\Users\zenam\AppData\Local\Programs\Python\Python313\Lib\site-packages\django\template\loader.py", line 62, in render_to_string
    return template.render(context, request)
           ~~~~~~~~~~~~~~~^^^^^^^^^^^^^^^^^^
  File "C:\Users\zenam\AppData\Local\Programs\Python\Python313\Lib\site-packages\django\template\backends\django.py", line 107, in render
    return self.template.render(context)
           ~~~~~~~~~~~~~~~~~~~~^^^^^^^^^
  File "C:\Users\zenam\AppData\Local\Programs\Python\Python313\Lib\site-packages\django\template\base.py", line 174, in render
    return self._render(context)
           ~~~~~~~~~~~~^^^^^^^^^
  File "C:\Users\zenam\AppData\Local\Programs\Python\Python313\Lib\site-packages\django\test\utils.py", line 114, in instrumented_test_render
    return self.nodelist.render(context)
           ~~~~~~~~~~~~~~~~~~~~^^^^^^^^^
  File "C:\Users\zenam\AppData\Local\Programs\Python\Python313\Lib\site-packages\django\template\base.py", line 1091, in render
    return SafeString("".join([node.render_annotated(context) for node in self]))
                               ~~~~~~~~~~~~~~~~~~~~~^^^^^^^^^
  File "C:\Users\zenam\AppData\Local\Programs\Python\Python313\Lib\site-packages\django\template\base.py", line 1052, in render_annotated
    return self.render(context)
           ~~~~~~~~~~~^^^^^^^^^
  File "C:\Users\zenam\AppData\Local\Programs\Python\Python313\Lib\site-packages\django\template\defaulttags.py", line 249, in render
    nodelist.append(node.render_annotated(context))
                    ~~~~~~~~~~~~~~~~~~~~~^^^^^^^^^
  File "C:\Users\zenam\AppData\Local\Programs\Python\Python313\Lib\site-packages\django\template\base.py", line 1052, in render_annotated
    return self.render(context)
           ~~~~~~~~~~~^^^^^^^^^
  File "C:\Users\zenam\AppData\Local\Programs\Python\Python313\Lib\site-packages\django\template\loader_tags.py", line 211, in render
    return template.render(context)
           ~~~~~~~~~~~~~~~^^^^^^^^^
  File "C:\Users\zenam\AppData\Local\Programs\Python\Python313\Lib\site-packages\django\template\base.py", line 176, in render
    return self._render(context)
           ~~~~~~~~~~~~^^^^^^^^^
  File "C:\Users\zenam\AppData\Local\Programs\Python\Python313\Lib\site-packages\django\test\utils.py", line 114, in instrumented_test_render
    return self.nodelist.render(context)
           ~~~~~~~~~~~~~~~~~~~~^^^^^^^^^
  File "C:\Users\zenam\AppData\Local\Programs\Python\Python313\Lib\site-packages\django\template\base.py", line 1091, in render
    return SafeString("".join([node.render_annotated(context) for node in self]))
                               ~~~~~~~~~~~~~~~~~~~~~^^^^^^^^^
  File "C:\Users\zenam\AppData\Local\Programs\Python\Python313\Lib\site-packages\django\template\base.py", line 1052, in render_annotated
    return self.render(context)
           ~~~~~~~~~~~^^^^^^^^^
  File "C:\Users\zenam\AppData\Local\Programs\Python\Python313\Lib\site-packages\django\template\defaulttags.py", line 333, in render
    return nodelist.render(context)
           ~~~~~~~~~~~~~~~^^^^^^^^^
  File "C:\Users\zenam\AppData\Local\Programs\Python\Python313\Lib\site-packages\django\template\base.py", line 1091, in render
    return SafeString("".join([node.render_annotated(context) for node in self]))
                               ~~~~~~~~~~~~~~~~~~~~~^^^^^^^^^
  File "C:\Users\zenam\AppData\Local\Programs\Python\Python313\Lib\site-packages\django\template\base.py", line 1052, in render_annotated
    return self.render(context)
           ~~~~~~~~~~~^^^^^^^^^
  File "C:\Users\zenam\AppData\Local\Programs\Python\Python313\Lib\site-packages\django\template\defaulttags.py", line 333, in render
    return nodelist.render(context)
           ~~~~~~~~~~~~~~~^^^^^^^^^
  File "C:\Users\zenam\AppData\Local\Programs\Python\Python313\Lib\site-packages\django\template\base.py", line 1091, in render
    return SafeString("".join([node.render_annotated(context) for node in self]))
                               ~~~~~~~~~~~~~~~~~~~~~^^^^^^^^^
  File "C:\Users\zenam\AppData\Local\Programs\Python\Python313\Lib\site-packages\django\template\base.py", line 1052, in render_annotated
    return self.render(context)
           ~~~~~~~~~~~^^^^^^^^^
  File "C:\Users\zenam\AppData\Local\Programs\Python\Python313\Lib\site-packages\django\template\base.py", line 1150, in render
    output = self.filter_expression.resolve(context)
  File "C:\Users\zenam\AppData\Local\Programs\Python\Python313\Lib\site-packages\django\template\base.py", line 788, in resolve
    obj = self.var.resolve(context)
  File "C:\Users\zenam\AppData\Local\Programs\Python\Python313\Lib\site-packages\django\template\base.py", line 928, in resolve
    value = self._resolve_lookup(context)
  File "C:\Users\zenam\AppData\Local\Programs\Python\Python313\Lib\site-packages\django\template\base.py", line 976, in _resolve_lookup
    current = getattr(current, bit)
  File "C:\Users\zenam\AppData\Local\Programs\Python\Python313\Lib\site-packages\debug_toolbar\panels\__init__.py", line 110, in content
    return render_to_string(self.template, self.get_stats())
  File "C:\Users\zenam\AppData\Local\Programs\Python\Python313\Lib\site-packages\django\template\loader.py", line 62, in render_to_string
    return template.render(context, request)
           ~~~~~~~~~~~~~~~^^^^^^^^^^^^^^^^^^
  File "C:\Users\zenam\AppData\Local\Programs\Python\Python313\Lib\site-packages\django\template\backends\django.py", line 107, in render
    return self.template.render(context)
           ~~~~~~~~~~~~~~~~~~~~^^^^^^^^^
  File "C:\Users\zenam\AppData\Local\Programs\Python\Python313\Lib\site-packages\django\template\base.py", line 174, in render
    return self._render(context)
           ~~~~~~~~~~~~^^^^^^^^^
  File "C:\Users\zenam\AppData\Local\Programs\Python\Python313\Lib\site-packages\django\test\utils.py", line 114, in instrumented_test_render
    return self.nodelist.render(context)
           ~~~~~~~~~~~~~~~~~~~~^^^^^^^^^
  File "C:\Users\zenam\AppData\Local\Programs\Python\Python313\Lib\site-packages\django\template\base.py", line 1091, in render
    return SafeString("".join([node.render_annotated(context) for node in self]))
                               ~~~~~~~~~~~~~~~~~~~~~^^^^^^^^^
  File "C:\Users\zenam\AppData\Local\Programs\Python\Python313\Lib\site-packages\django\template\base.py", line 1052, in render_annotated
    return self.render(context)
           ~~~~~~~~~~~^^^^^^^^^
  File "C:\Users\zenam\AppData\Local\Programs\Python\Python313\Lib\site-packages\django\template\defaulttags.py", line 333, in render
    return nodelist.render(context)
           ~~~~~~~~~~~~~~~^^^^^^^^^
  File "C:\Users\zenam\AppData\Local\Programs\Python\Python313\Lib\site-packages\django\template\base.py", line 1091, in render
    return SafeString("".join([node.render_annotated(context) for node in self]))
                               ~~~~~~~~~~~~~~~~~~~~~^^^^^^^^^
  File "C:\Users\zenam\AppData\Local\Programs\Python\Python313\Lib\site-packages\django\template\base.py", line 1052, in render_annotated
    return self.render(context)
           ~~~~~~~~~~~^^^^^^^^^
  File "C:\Users\zenam\AppData\Local\Programs\Python\Python313\Lib\site-packages\django\template\defaulttags.py", line 249, in render
    nodelist.append(node.render_annotated(context))
                    ~~~~~~~~~~~~~~~~~~~~~^^^^^^^^^
  File "C:\Users\zenam\AppData\Local\Programs\Python\Python313\Lib\site-packages\django\template\base.py", line 1052, in render_annotated
    return self.render(context)
           ~~~~~~~~~~~^^^^^^^^^
  File "C:\Users\zenam\AppData\Local\Programs\Python\Python313\Lib\site-packages\django\template\defaulttags.py", line 333, in render
    return nodelist.render(context)
           ~~~~~~~~~~~~~~~^^^^^^^^^
  File "C:\Users\zenam\AppData\Local\Programs\Python\Python313\Lib\site-packages\django\template\base.py", line 1091, in render
    return SafeString("".join([node.render_annotated(context) for node in self]))
                               ~~~~~~~~~~~~~~~~~~~~~^^^^^^^^^
  File "C:\Users\zenam\AppData\Local\Programs\Python\Python313\Lib\site-packages\django\template\base.py", line 1052, in render_annotated
    return self.render(context)
           ~~~~~~~~~~~^^^^^^^^^
  File "C:\Users\zenam\AppData\Local\Programs\Python\Python313\Lib\site-packages\django\template\defaulttags.py", line 333, in render
    return nodelist.render(context)
           ~~~~~~~~~~~~~~~^^^^^^^^^
  File "C:\Users\zenam\AppData\Local\Programs\Python\Python313\Lib\site-packages\django\template\base.py", line 1091, in render
    return SafeString("".join([node.render_annotated(context) for node in self]))
                               ~~~~~~~~~~~~~~~~~~~~~^^^^^^^^^
  File "C:\Users\zenam\AppData\Local\Programs\Python\Python313\Lib\site-packages\django\template\base.py", line 1052, in render_annotated
    return self.render(context)
           ~~~~~~~~~~~^^^^^^^^^
  File "C:\Users\zenam\AppData\Local\Programs\Python\Python313\Lib\site-packages\django\template\defaulttags.py", line 511, in render
    url = reverse(view_name, args=args, kwargs=kwargs, current_app=current_app)
  File "C:\Users\zenam\AppData\Local\Programs\Python\Python313\Lib\site-packages\django\urls\base.py", line 92, in reverse
    raise NoReverseMatch("%s is not a registered namespace" % key)
django.urls.exceptions.NoReverseMatch: 'djdt' is not a registered namespace
INFO 2026-10-05 14:53:35,343 middleware Request POST /cart/add/1/ by Anonymous in 7.18 ms | groups=Anonymous | status=302
ERROR 2026-10-05 14:53:35,374 log Internal Server Error: /cart/add/1/
Traceback (most recent call last):
  File "C:\Users\zenam\AppData\Local\Programs\Python\Python313\Lib\site-packages\django\template\base.py", line 964, in _resolve_lookup
    raise TypeError
TypeError

During handling of the above exception, another exception occurred:

Traceback (most recent call last):
  File "C:\Users\zenam\AppData\Local\Programs\Python\Python313\Lib\site-packages\django\urls\base.py", line 81, in reverse
    extra, resolver = resolver.namespace_dict[ns]
                      ~~~~~~~~~~~~~~~~~~~~~~~^^^^
KeyError: 'djdt'

During handling of the above exception, another exception occurred:

Traceback (most recent call last):
  File "C:\Users\zenam\AppData\Local\Programs\Python\Python313\Lib\site-packages\django\core\handlers\exception.py", line 55, in inner
    response = get_response(request)
  File "C:\Users\zenam\AppData\Local\Programs\Python\Python313\Lib\site-packages\debug_toolbar\middleware.py", line 130, in __call__
    return self._postprocess(request, response, toolbar)
           ~~~~~~~~~~~~~~~~~^^^^^^^^^^^^^^^^^^^^^^^^^^^^
  File "C:\Users\zenam\AppData\Local\Programs\Python\Python313\Lib\site-packages\debug_toolbar\middleware.py", line 172, in _postprocess
    rendered = toolbar.render_toolbar()
  File "C:\Users\zenam\AppData\Local\Programs\Python\Python313\Lib\site-packages\debug_toolbar\toolbar.py", line 96, in render_toolbar
    return render_to_string("debug_toolbar/base.html", context)
  File "C:\Users\zenam\AppData\Local\Programs\Python\Python313\Lib\site-packages\django\template\loader.py", line 62, in render_to_string
    return template.render(context, request)
           ~~~~~~~~~~~~~~~^^^^^^^^^^^^^^^^^^
  File "C:\Users\zenam\AppData\Local\Programs\Python\Python313\Lib\site-packages\django\template\backends\django.py", line 107, in render
    return self.template.render(context)
           ~~~~~~~~~~~~~~~~~~~~^^^^^^^^^
  File "C:\Users\zenam\AppData\Local\Programs\Python\Python313\Lib\site-packages\django\template\base.py", line 174, in render
    return self._render(context)
           ~~~~~~~~~~~~^^^^^^^^^
  File "C:\Users\zenam\AppData\Local\Programs\Python\Python313\Lib\site-packages\django\test\utils.py", line 114, in instrumented_test_render
    return self.nodelist.render(context)
           ~~~~~~~~~~~~~~~~~~~~^^^^^^^^^
  File "C:\Users\zenam\AppData\Local\Programs\Python\Python313\Lib\site-packages\django\template\base.py", line 1091, in render
    return SafeString("".join([node.render_annotated(context) for node in self]))
                               ~~~~~~~~~~~~~~~~~~~~~^^^^^^^^^
  File "C:\Users\zenam\AppData\Local\Programs\Python\Python313\Lib\site-packages\django\template\base.py", line 1052, in render_annotated
    return self.render(context)
           ~~~~~~~~~~~^^^^^^^^^
  File "C:\Users\zenam\AppData\Local\Programs\Python\Python313\Lib\site-packages\django\template\defaulttags.py", line 249, in render
    nodelist.append(node.render_annotated(context))
                    ~~~~~~~~~~~~~~~~~~~~~^^^^^^^^^
  File "C:\Users\zenam\AppData\Local\Programs\Python\Python313\Lib\site-packages\django\template\base.py", line 1052, in render_annotated
    return self.render(context)
           ~~~~~~~~~~~^^^^^^^^^
  File "C:\Users\zenam\AppData\Local\Programs\Python\Python313\Lib\site-packages\django\template\loader_tags.py", line 211, in render
    return template.render(context)
           ~~~~~~~~~~~~~~~^^^^^^^^^
  File "C:\Users\zenam\AppData\Local\Programs\Python\Python313\Lib\site-packages\django\template\base.py", line 176, in render
    return self._render(context)
           ~~~~~~~~~~~~^^^^^^^^^
  File "C:\Users\zenam\AppData\Local\Programs\Python\Python313\Lib\site-packages\django\test\utils.py", line 114, in instrumented_test_render
    return self.nodelist.render(context)
           ~~~~~~~~~~~~~~~~~~~~^^^^^^^^^
  File "C:\Users\zenam\AppData\Local\Programs\Python\Python313\Lib\site-packages\django\template\base.py", line 1091, in render
    return SafeString("".join([node.render_annotated(context) for node in self]))
                               ~~~~~~~~~~~~~~~~~~~~~^^^^^^^^^
  File "C:\Users\zenam\AppData\Local\Programs\Python\Python313\Lib\site-packages\django\template\base.py", line 1052, in render_annotated
    return self.render(context)
           ~~~~~~~~~~~^^^^^^^^^
  File "C:\Users\zenam\AppData\Local\Programs\Python\Python313\Lib\site-packages\django\template\defaulttags.py", line 333, in render
    return nodelist.render(context)
           ~~~~~~~~~~~~~~~^^^^^^^^^
  File "C:\Users\zenam\AppData\Local\Programs\Python\Python313\Lib\site-packages\django\template\base.py", line 1091, in render
    return SafeString("".join([node.render_annotated(context) for node in self]))
                               ~~~~~~~~~~~~~~~~~~~~~^^^^^^^^^
  File "C:\Users\zenam\AppData\Local\Programs\Python\Python313\Lib\site-packages\django\template\base.py", line 1052, in render_annotated
    return self.render(context)
           ~~~~~~~~~~~^^^^^^^^^
  File "C:\Users\zenam\AppData\Local\Programs\Python\Python313\Lib\site-packages\django\template\defaulttags.py", line 333, in render
    return nodelist.render(context)
           ~~~~~~~~~~~~~~~^^^^^^^^^
  File "C:\Users\zenam\AppData\Local\Programs\Python\Python313\Lib\site-packages\django\template\base.py", line 1091, in render
    return SafeString("".join([node.render_annotated(context) for node in self]))
                               ~~~~~~~~~~~~~~~~~~~~~^^^^^^^^^
  File "C:\Users\zenam\AppData\Local\Programs\Python\Python313\Lib\site-packages\django\template\base.py", line 1052, in render_annotated
    return self.render(context)
           ~~~~~~~~~~~^^^^^^^^^
  File "C:\Users\zenam\AppData\Local\Programs\Python\Python313\Lib\site-packages\django\template\base.py", line 1150, in render
    output = self.filter_expression.resolve(context)
  File "C:\Users\zenam\AppData\Local\Programs\Python\Python313\Lib\site-packages\django\template\base.py", line 788, in resolve
    obj = self.var.resolve(context)
  File "C:\Users\zenam\AppData\Local\Programs\Python\Python313\Lib\site-packages\django\template\base.py", line 928, in resolve
    value = self._resolve_lookup(context)
  File "C:\Users\zenam\AppData\Local\Programs\Python\Python313\Lib\site-packages\django\template\base.py", line 976, in _resolve_lookup
    current = getattr(current, bit)
  File "C:\Users\zenam\AppData\Local\Programs\Python\Python313\Lib\site-packages\debug_toolbar\panels\__init__.py", line 110, in content
    return render_to_string(self.template, self.get_stats())
  File "C:\Users\zenam\AppData\Local\Programs\Python\Python313\Lib\site-packages\django\template\loader.py", line 62, in render_to_string
    return template.render(context, request)
           ~~~~~~~~~~~~~~~^^^^^^^^^^^^^^^^^^
  File "C:\Users\zenam\AppData\Local\Programs\Python\Python313\Lib\site-packages\django\template\backends\django.py", line 107, in render
    return self.template.render(context)
           ~~~~~~~~~~~~~~~~~~~~^^^^^^^^^
  File "C:\Users\zenam\AppData\Local\Programs\Python\Python313\Lib\site-packages\django\template\base.py", line 174, in render
    return self._render(context)
           ~~~~~~~~~~~~^^^^^^^^^
  File "C:\Users\zenam\AppData\Local\Programs\Python\Python313\Lib\site-packages\django\test\utils.py", line 114, in instrumented_test_render
    return self.nodelist.render(context)
           ~~~~~~~~~~~~~~~~~~~~^^^^^^^^^
  File "C:\Users\zenam\AppData\Local\Programs\Python\Python313\Lib\site-packages\django\template\base.py", line 1091, in render
    return SafeString("".join([node.render_annotated(context) for node in self]))
                               ~~~~~~~~~~~~~~~~~~~~~^^^^^^^^^
  File "C:\Users\zenam\AppData\Local\Programs\Python\Python313\Lib\site-packages\django\template\base.py", line 1052, in render_annotated
    return self.render(context)
           ~~~~~~~~~~~^^^^^^^^^
  File "C:\Users\zenam\AppData\Local\Programs\Python\Python313\Lib\site-packages\django\template\defaulttags.py", line 333, in render
    return nodelist.render(context)
           ~~~~~~~~~~~~~~~^^^^^^^^^
  File "C:\Users\zenam\AppData\Local\Programs\Python\Python313\Lib\site-packages\django\template\base.py", line 1091, in render
    return SafeString("".join([node.render_annotated(context) for node in self]))
                               ~~~~~~~~~~~~~~~~~~~~~^^^^^^^^^
  File "C:\Users\zenam\AppData\Local\Programs\Python\Python313\Lib\site-packages\django\template\base.py", line 1052, in render_annotated
    return self.render(context)
           ~~~~~~~~~~~^^^^^^^^^
  File "C:\Users\zenam\AppData\Local\Programs\Python\Python313\Lib\site-packages\django\template\defaulttags.py", line 249, in render
    nodelist.append(node.render_annotated(context))
                    ~~~~~~~~~~~~~~~~~~~~~^^^^^^^^^
  File "C:\Users\zenam\AppData\Local\Programs\Python\Python313\Lib\site-packages\django\template\base.py", line 1052, in render_annotated
    return self.render(context)
           ~~~~~~~~~~~^^^^^^^^^
  File "C:\Users\zenam\AppData\Local\Programs\Python\Python313\Lib\site-packages\django\template\defaulttags.py", line 333, in render
    return nodelist.render(context)
           ~~~~~~~~~~~~~~~^^^^^^^^^
  File "C:\Users\zenam\AppData\Local\Programs\Python\Python313\Lib\site-packages\django\template\base.py", line 1091, in render
    return SafeString("".join([node.render_annotated(context) for node in self]))
                               ~~~~~~~~~~~~~~~~~~~~~^^^^^^^^^
  File "C:\Users\zenam\AppData\Local\Programs\Python\Python313\Lib\site-packages\django\template\base.py", line 1052, in render_annotated
    return self.render(context)
           ~~~~~~~~~~~^^^^^^^^^
  File "C:\Users\zenam\AppData\Local\Programs\Python\Python313\Lib\site-packages\django\template\defaulttags.py", line 333, in render
    return nodelist.render(context)
           ~~~~~~~~~~~~~~~^^^^^^^^^
  File "C:\Users\zenam\AppData\Local\Programs\Python\Python313\Lib\site-packages\django\template\base.py", line 1091, in render
    return SafeString("".join([node.render_annotated(context) for node in self]))
                               ~~~~~~~~~~~~~~~~~~~~~^^^^^^^^^
  File "C:\Users\zenam\AppData\Local\Programs\Python\Python313\Lib\site-packages\django\template\base.py", line 1052, in render_annotated
    return self.render(context)
           ~~~~~~~~~~~^^^^^^^^^
  File "C:\Users\zenam\AppData\Local\Programs\Python\Python313\Lib\site-packages\django\template\defaulttags.py", line 511, in render
    url = reverse(view_name, args=args, kwargs=kwargs, current_app=current_app)
  File "C:\Users\zenam\AppData\Local\Programs\Python\Python313\Lib\site-packages\django\urls\base.py", line 92, in reverse
    raise NoReverseMatch("%s is not a registered namespace" % key)
django.urls.exceptions.NoReverseMatch: 'djdt' is not a registered namespace
INFO 2026-10-05 14:53:36,073 middleware Request POST /cart/add/1/ by Anonymous in 7.21 ms | groups=Anonymous | status=302
ERROR 2026-10-05 14:53:36,111 log Internal Server Error: /cart/add/1/
Traceback (most recent call last):
  File "C:\Users\zenam\AppData\Local\Programs\Python\Python313\Lib\site-packages\django\template\base.py", line 964, in _resolve_lookup
    raise TypeError
TypeError

During handling of the above exception, another exception occurred:

Traceback (most recent call last):
  File "C:\Users\zenam\AppData\Local\Programs\Python\Python313\Lib\site-packages\django\urls\base.py", line 81, in reverse
    extra, resolver = resolver.namespace_dict[ns]
                      ~~~~~~~~~~~~~~~~~~~~~~~^^^^
KeyError: 'djdt'

During handling of the above exception, another exception occurred:

Traceback (most recent call last):
  File "C:\Users\zenam\AppData\Local\Programs\Python\Python313\Lib\site-packages\django\core\handlers\exception.py", line 55, in inner
    response = get_response(request)
  File "C:\Users\zenam\AppData\Local\Programs\Python\Python313\Lib\site-packages\debug_toolbar\middleware.py", line 130, in __call__
    return self._postprocess(request, response, toolbar)
           ~~~~~~~~~~~~~~~~~^^^^^^^^^^^^^^^^^^^^^^^^^^^^
  File "C:\Users\zenam\AppData\Local\Programs\Python\Python313\Lib\site-packages\debug_toolbar\middleware.py", line 172, in _postprocess
    rendered = toolbar.render_toolbar()
  File "C:\Users\zenam\AppData\Local\Programs\Python\Python313\Lib\site-packages\debug_toolbar\toolbar.py", line 96, in render_toolbar
    return render_to_string("debug_toolbar/base.html", context)
  File "C:\Users\zenam\AppData\Local\Programs\Python\Python313\Lib\site-packages\django\template\loader.py", line 62, in render_to_string
    return template.render(context, request)
           ~~~~~~~~~~~~~~~^^^^^^^^^^^^^^^^^^
  File "C:\Users\zenam\AppData\Local\Programs\Python\Python313\Lib\site-packages\django\template\backends\django.py", line 107, in render
    return self.template.render(context)
           ~~~~~~~~~~~~~~~~~~~~^^^^^^^^^
  File "C:\Users\zenam\AppData\Local\Programs\Python\Python313\Lib\site-packages\django\template\base.py", line 174, in render
    return self._render(context)
           ~~~~~~~~~~~~^^^^^^^^^
  File "C:\Users\zenam\AppData\Local\Programs\Python\Python313\Lib\site-packages\django\test\utils.py", line 114, in instrumented_test_render
    return self.nodelist.render(context)
           ~~~~~~~~~~~~~~~~~~~~^^^^^^^^^
  File "C:\Users\zenam\AppData\Local\Programs\Python\Python313\Lib\site-packages\django\template\base.py", line 1091, in render
    return SafeString("".join([node.render_annotated(context) for node in self]))
                               ~~~~~~~~~~~~~~~~~~~~~^^^^^^^^^
  File "C:\Users\zenam\AppData\Local\Programs\Python\Python313\Lib\site-packages\django\template\base.py", line 1052, in render_annotated
    return self.render(context)
           ~~~~~~~~~~~^^^^^^^^^
  File "C:\Users\zenam\AppData\Local\Programs\Python\Python313\Lib\site-packages\django\template\defaulttags.py", line 249, in render
    nodelist.append(node.render_annotated(context))
                    ~~~~~~~~~~~~~~~~~~~~~^^^^^^^^^
  File "C:\Users\zenam\AppData\Local\Programs\Python\Python313\Lib\site-packages\django\template\base.py", line 1052, in render_annotated
    return self.render(context)
           ~~~~~~~~~~~^^^^^^^^^
  File "C:\Users\zenam\AppData\Local\Programs\Python\Python313\Lib\site-packages\django\template\loader_tags.py", line 211, in render
    return template.render(context)
           ~~~~~~~~~~~~~~~^^^^^^^^^
  File "C:\Users\zenam\AppData\Local\Programs\Python\Python313\Lib\site-packages\django\template\base.py", line 176, in render
    return self._render(context)
           ~~~~~~~~~~~~^^^^^^^^^
  File "C:\Users\zenam\AppData\Local\Programs\Python\Python313\Lib\site-packages\django\test\utils.py", line 114, in instrumented_test_render
    return self.nodelist.render(context)
           ~~~~~~~~~~~~~~~~~~~~^^^^^^^^^
  File "C:\Users\zenam\AppData\Local\Programs\Python\Python313\Lib\site-packages\django\template\base.py", line 1091, in render
    return SafeString("".join([node.render_annotated(context) for node in self]))
                               ~~~~~~~~~~~~~~~~~~~~~^^^^^^^^^
  File "C:\Users\zenam\AppData\Local\Programs\Python\Python313\Lib\site-packages\django\template\base.py", line 1052, in render_annotated
    return self.render(context)
           ~~~~~~~~~~~^^^^^^^^^
  File "C:\Users\zenam\AppData\Local\Programs\Python\Python313\Lib\site-packages\django\template\defaulttags.py", line 333, in render
    return nodelist.render(context)
           ~~~~~~~~~~~~~~~^^^^^^^^^
  File "C:\Users\zenam\AppData\Local\Programs\Python\Python313\Lib\site-packages\django\template\base.py", line 1091, in render
    return SafeString("".join([node.render_annotated(context) for node in self]))
                               ~~~~~~~~~~~~~~~~~~~~~^^^^^^^^^
  File "C:\Users\zenam\AppData\Local\Programs\Python\Python313\Lib\site-packages\django\template\base.py", line 1052, in render_annotated
    return self.render(context)
           ~~~~~~~~~~~^^^^^^^^^
  File "C:\Users\zenam\AppData\Local\Programs\Python\Python313\Lib\site-packages\django\template\defaulttags.py", line 333, in render
    return nodelist.render(context)
           ~~~~~~~~~~~~~~~^^^^^^^^^
  File "C:\Users\zenam\AppData\Local\Programs\Python\Python313\Lib\site-packages\django\template\base.py", line 1091, in render
    return SafeString("".join([node.render_annotated(context) for node in self]))
                               ~~~~~~~~~~~~~~~~~~~~~^^^^^^^^^
  File "C:\Users\zenam\AppData\Local\Programs\Python\Python313\Lib\site-packages\django\template\base.py", line 1052, in render_annotated
    return self.render(context)
           ~~~~~~~~~~~^^^^^^^^^
  File "C:\Users\zenam\AppData\Local\Programs\Python\Python313\Lib\site-packages\django\template\base.py", line 1150, in render
    output = self.filter_expression.resolve(context)
  File "C:\Users\zenam\AppData\Local\Programs\Python\Python313\Lib\site-packages\django\template\base.py", line 788, in resolve
    obj = self.var.resolve(context)
  File "C:\Users\zenam\AppData\Local\Programs\Python\Python313\Lib\site-packages\django\template\base.py", line 928, in resolve
    value = self._resolve_lookup(context)
  File "C:\Users\zenam\AppData\Local\Programs\Python\Python313\Lib\site-packages\django\template\base.py", line 976, in _resolve_lookup
    current = getattr(current, bit)
  File "C:\Users\zenam\AppData\Local\Programs\Python\Python313\Lib\site-packages\debug_toolbar\panels\__init__.py", line 110, in content
    return render_to_string(self.template, self.get_stats())
  File "C:\Users\zenam\AppData\Local\Programs\Python\Python313\Lib\site-packages\django\template\loader.py", line 62, in render_to_string
    return template.render(context, request)
           ~~~~~~~~~~~~~~~^^^^^^^^^^^^^^^^^^
  File "C:\Users\zenam\AppData\Local\Programs\Python\Python313\Lib\site-packages\django\template\backends\django.py", line 107, in render
    return self.template.render(context)
           ~~~~~~~~~~~~~~~~~~~~^^^^^^^^^
  File "C:\Users\zenam\AppData\Local\Programs\Python\Python313\Lib\site-packages\django\template\base.py", line 174, in render
    return self._render(context)
           ~~~~~~~~~~~~^^^^^^^^^
  File "C:\Users\zenam\AppData\Local\Programs\Python\Python313\Lib\site-packages\django\test\utils.py", line 114, in instrumented_test_render
    return self.nodelist.render(context)
           ~~~~~~~~~~~~~~~~~~~~^^^^^^^^^
  File "C:\Users\zenam\AppData\Local\Programs\Python\Python313\Lib\site-packages\django\template\base.py", line 1091, in render
    return SafeString("".join([node.render_annotated(context) for node in self]))
                               ~~~~~~~~~~~~~~~~~~~~~^^^^^^^^^
  File "C:\Users\zenam\AppData\Local\Programs\Python\Python313\Lib\site-packages\django\template\base.py", line 1052, in render_annotated
    return self.render(context)
           ~~~~~~~~~~~^^^^^^^^^
  File "C:\Users\zenam\AppData\Local\Programs\Python\Python313\Lib\site-packages\django\template\defaulttags.py", line 333, in render
    return nodelist.render(context)
           ~~~~~~~~~~~~~~~^^^^^^^^^
  File "C:\Users\zenam\AppData\Local\Programs\Python\Python313\Lib\site-packages\django\template\base.py", line 1091, in render
    return SafeString("".join([node.render_annotated(context) for node in self]))
                               ~~~~~~~~~~~~~~~~~~~~~^^^^^^^^^
  File "C:\Users\zenam\AppData\Local\Programs\Python\Python313\Lib\site-packages\django\template\base.py", line 1052, in render_annotated
    return self.render(context)
           ~~~~~~~~~~~^^^^^^^^^
  File "C:\Users\zenam\AppData\Local\Programs\Python\Python313\Lib\site-packages\django\template\defaulttags.py", line 249, in render
    nodelist.append(node.render_annotated(context))
                    ~~~~~~~~~~~~~~~~~~~~~^^^^^^^^^
  File "C:\Users\zenam\AppData\Local\Programs\Python\Python313\Lib\site-packages\django\template\base.py", line 1052, in render_annotated
    return self.render(context)
           ~~~~~~~~~~~^^^^^^^^^
  File "C:\Users\zenam\AppData\Local\Programs\Python\Python313\Lib\site-packages\django\template\defaulttags.py", line 333, in render
    return nodelist.render(context)
           ~~~~~~~~~~~~~~~^^^^^^^^^
  File "C:\Users\zenam\AppData\Local\Programs\Python\Python313\Lib\site-packages\django\template\base.py", line 1091, in render
    return SafeString("".join([node.render_annotated(context) for node in self]))
                               ~~~~~~~~~~~~~~~~~~~~~^^^^^^^^^
  File "C:\Users\zenam\AppData\Local\Programs\Python\Python313\Lib\site-packages\django\template\base.py", line 1052, in render_annotated
    return self.render(context)
           ~~~~~~~~~~~^^^^^^^^^
  File "C:\Users\zenam\AppData\Local\Programs\Python\Python313\Lib\site-packages\django\template\defaulttags.py", line 333, in render
    return nodelist.render(context)
           ~~~~~~~~~~~~~~~^^^^^^^^^
  File "C:\Users\zenam\AppData\Local\Programs\Python\Python313\Lib\site-packages\django\template\base.py", line 1091, in render
    return SafeString("".join([node.render_annotated(context) for node in self]))
                               ~~~~~~~~~~~~~~~~~~~~~^^^^^^^^^
  File "C:\Users\zenam\AppData\Local\Programs\Python\Python313\Lib\site-packages\django\template\base.py", line 1052, in render_annotated
    return self.render(context)
           ~~~~~~~~~~~^^^^^^^^^
  File "C:\Users\zenam\AppData\Local\Programs\Python\Python313\Lib\site-packages\django\template\defaulttags.py", line 511, in render
    url = reverse(view_name, args=args, kwargs=kwargs, current_app=current_app)
  File "C:\Users\zenam\AppData\Local\Programs\Python\Python313\Lib\site-packages\django\urls\base.py", line 92, in reverse
    raise NoReverseMatch("%s is not a registered namespace" % key)
django.urls.exceptions.NoReverseMatch: 'djdt' is not a registered namespace
INFO 2026-10-05 14:53:36,894 middleware Request POST /cart/add/1/ by Anonymous in 7.94 ms | groups=Anonymous | status=302
ERROR 2026-10-05 14:53:36,928 log Internal Server Error: /cart/add/1/
Traceback (most recent call last):
  File "C:\Users\zenam\AppData\Local\Programs\Python\Python313\Lib\site-packages\django\template\base.py", line 964, in _resolve_lookup
    raise TypeError
TypeError

During handling of the above exception, another exception occurred:

Traceback (most recent call last):
  File "C:\Users\zenam\AppData\Local\Programs\Python\Python313\Lib\site-packages\django\urls\base.py", line 81, in reverse
    extra, resolver = resolver.namespace_dict[ns]
                      ~~~~~~~~~~~~~~~~~~~~~~~^^^^
KeyError: 'djdt'

During handling of the above exception, another exception occurred:

Traceback (most recent call last):
  File "C:\Users\zenam\AppData\Local\Programs\Python\Python313\Lib\site-packages\django\core\handlers\exception.py", line 55, in inner
    response = get_response(request)
  File "C:\Users\zenam\AppData\Local\Programs\Python\Python313\Lib\site-packages\debug_toolbar\middleware.py", line 130, in __call__
    return self._postprocess(request, response, toolbar)
           ~~~~~~~~~~~~~~~~~^^^^^^^^^^^^^^^^^^^^^^^^^^^^
  File "C:\Users\zenam\AppData\Local\Programs\Python\Python313\Lib\site-packages\debug_toolbar\middleware.py", line 172, in _postprocess
    rendered = toolbar.render_toolbar()
  File "C:\Users\zenam\AppData\Local\Programs\Python\Python313\Lib\site-packages\debug_toolbar\toolbar.py", line 96, in render_toolbar
    return render_to_string("debug_toolbar/base.html", context)
  File "C:\Users\zenam\AppData\Local\Programs\Python\Python313\Lib\site-packages\django\template\loader.py", line 62, in render_to_string
    return template.render(context, request)
           ~~~~~~~~~~~~~~~^^^^^^^^^^^^^^^^^^
  File "C:\Users\zenam\AppData\Local\Programs\Python\Python313\Lib\site-packages\django\template\backends\django.py", line 107, in render
    return self.template.render(context)
           ~~~~~~~~~~~~~~~~~~~~^^^^^^^^^
  File "C:\Users\zenam\AppData\Local\Programs\Python\Python313\Lib\site-packages\django\template\base.py", line 174, in render
    return self._render(context)
           ~~~~~~~~~~~~^^^^^^^^^
  File "C:\Users\zenam\AppData\Local\Programs\Python\Python313\Lib\site-packages\django\test\utils.py", line 114, in instrumented_test_render
    return self.nodelist.render(context)
           ~~~~~~~~~~~~~~~~~~~~^^^^^^^^^
  File "C:\Users\zenam\AppData\Local\Programs\Python\Python313\Lib\site-packages\django\template\base.py", line 1091, in render
    return SafeString("".join([node.render_annotated(context) for node in self]))
                               ~~~~~~~~~~~~~~~~~~~~~^^^^^^^^^
  File "C:\Users\zenam\AppData\Local\Programs\Python\Python313\Lib\site-packages\django\template\base.py", line 1052, in render_annotated
    return self.render(context)
           ~~~~~~~~~~~^^^^^^^^^
  File "C:\Users\zenam\AppData\Local\Programs\Python\Python313\Lib\site-packages\django\template\defaulttags.py", line 249, in render
    nodelist.append(node.render_annotated(context))
                    ~~~~~~~~~~~~~~~~~~~~~^^^^^^^^^
  File "C:\Users\zenam\AppData\Local\Programs\Python\Python313\Lib\site-packages\django\template\base.py", line 1052, in render_annotated
    return self.render(context)
           ~~~~~~~~~~~^^^^^^^^^
  File "C:\Users\zenam\AppData\Local\Programs\Python\Python313\Lib\site-packages\django\template\loader_tags.py", line 211, in render
    return template.render(context)
           ~~~~~~~~~~~~~~~^^^^^^^^^
  File "C:\Users\zenam\AppData\Local\Programs\Python\Python313\Lib\site-packages\django\template\base.py", line 176, in render
    return self._render(context)
           ~~~~~~~~~~~~^^^^^^^^^
  File "C:\Users\zenam\AppData\Local\Programs\Python\Python313\Lib\site-packages\django\test\utils.py", line 114, in instrumented_test_render
    return self.nodelist.render(context)
           ~~~~~~~~~~~~~~~~~~~~^^^^^^^^^
  File "C:\Users\zenam\AppData\Local\Programs\Python\Python313\Lib\site-packages\django\template\base.py", line 1091, in render
    return SafeString("".join([node.render_annotated(context) for node in self]))
                               ~~~~~~~~~~~~~~~~~~~~~^^^^^^^^^
  File "C:\Users\zenam\AppData\Local\Programs\Python\Python313\Lib\site-packages\django\template\base.py", line 1052, in render_annotated
    return self.render(context)
           ~~~~~~~~~~~^^^^^^^^^
  File "C:\Users\zenam\AppData\Local\Programs\Python\Python313\Lib\site-packages\django\template\defaulttags.py", line 333, in render
    return nodelist.render(context)
           ~~~~~~~~~~~~~~~^^^^^^^^^
  File "C:\Users\zenam\AppData\Local\Programs\Python\Python313\Lib\site-packages\django\template\base.py", line 1091, in render
    return SafeString("".join([node.render_annotated(context) for node in self]))
                               ~~~~~~~~~~~~~~~~~~~~~^^^^^^^^^
  File "C:\Users\zenam\AppData\Local\Programs\Python\Python313\Lib\site-packages\django\template\base.py", line 1052, in render_annotated
    return self.render(context)
           ~~~~~~~~~~~^^^^^^^^^
  File "C:\Users\zenam\AppData\Local\Programs\Python\Python313\Lib\site-packages\django\template\defaulttags.py", line 333, in render
    return nodelist.render(context)
           ~~~~~~~~~~~~~~~^^^^^^^^^
  File "C:\Users\zenam\AppData\Local\Programs\Python\Python313\Lib\site-packages\django\template\base.py", line 1091, in render
    return SafeString("".join([node.render_annotated(context) for node in self]))
                               ~~~~~~~~~~~~~~~~~~~~~^^^^^^^^^
  File "C:\Users\zenam\AppData\Local\Programs\Python\Python313\Lib\site-packages\django\template\base.py", line 1052, in render_annotated
    return self.render(context)
           ~~~~~~~~~~~^^^^^^^^^
  File "C:\Users\zenam\AppData\Local\Programs\Python\Python313\Lib\site-packages\django\template\base.py", line 1150, in render
    output = self.filter_expression.resolve(context)
  File "C:\Users\zenam\AppData\Local\Programs\Python\Python313\Lib\site-packages\django\template\base.py", line 788, in resolve
    obj = self.var.resolve(context)
  File "C:\Users\zenam\AppData\Local\Programs\Python\Python313\Lib\site-packages\django\template\base.py", line 928, in resolve
    value = self._resolve_lookup(context)
  File "C:\Users\zenam\AppData\Local\Programs\Python\Python313\Lib\site-packages\django\template\base.py", line 976, in _resolve_lookup
    current = getattr(current, bit)
  File "C:\Users\zenam\AppData\Local\Programs\Python\Python313\Lib\site-packages\debug_toolbar\panels\__init__.py", line 110, in content
    return render_to_string(self.template, self.get_stats())
  File "C:\Users\zenam\AppData\Local\Programs\Python\Python313\Lib\site-packages\django\template\loader.py", line 62, in render_to_string
    return template.render(context, request)
           ~~~~~~~~~~~~~~~^^^^^^^^^^^^^^^^^^
  File "C:\Users\zenam\AppData\Local\Programs\Python\Python313\Lib\site-packages\django\template\backends\django.py", line 107, in render
    return self.template.render(context)
           ~~~~~~~~~~~~~~~~~~~~^^^^^^^^^
  File "C:\Users\zenam\AppData\Local\Programs\Python\Python313\Lib\site-packages\django\template\base.py", line 174, in render
    return self._render(context)
           ~~~~~~~~~~~~^^^^^^^^^
  File "C:\Users\zenam\AppData\Local\Programs\Python\Python313\Lib\site-packages\django\test\utils.py", line 114, in instrumented_test_render
    return self.nodelist.render(context)
           ~~~~~~~~~~~~~~~~~~~~^^^^^^^^^
  File "C:\Users\zenam\AppData\Local\Programs\Python\Python313\Lib\site-packages\django\template\base.py", line 1091, in render
    return SafeString("".join([node.render_annotated(context) for node in self]))
                               ~~~~~~~~~~~~~~~~~~~~~^^^^^^^^^
  File "C:\Users\zenam\AppData\Local\Programs\Python\Python313\Lib\site-packages\django\template\base.py", line 1052, in render_annotated
    return self.render(context)
           ~~~~~~~~~~~^^^^^^^^^
  File "C:\Users\zenam\AppData\Local\Programs\Python\Python313\Lib\site-packages\django\template\defaulttags.py", line 333, in render
    return nodelist.render(context)
           ~~~~~~~~~~~~~~~^^^^^^^^^
  File "C:\Users\zenam\AppData\Local\Programs\Python\Python313\Lib\site-packages\django\template\base.py", line 1091, in render
    return SafeString("".join([node.render_annotated(context) for node in self]))
                               ~~~~~~~~~~~~~~~~~~~~~^^^^^^^^^
  File "C:\Users\zenam\AppData\Local\Programs\Python\Python313\Lib\site-packages\django\template\base.py", line 1052, in render_annotated
    return self.render(context)
           ~~~~~~~~~~~^^^^^^^^^
  File "C:\Users\zenam\AppData\Local\Programs\Python\Python313\Lib\site-packages\django\template\defaulttags.py", line 249, in render
    nodelist.append(node.render_annotated(context))
                    ~~~~~~~~~~~~~~~~~~~~~^^^^^^^^^
  File "C:\Users\zenam\AppData\Local\Programs\Python\Python313\Lib\site-packages\django\template\base.py", line 1052, in render_annotated
    return self.render(context)
           ~~~~~~~~~~~^^^^^^^^^
  File "C:\Users\zenam\AppData\Local\Programs\Python\Python313\Lib\site-packages\django\template\defaulttags.py", line 333, in render
    return nodelist.render(context)
           ~~~~~~~~~~~~~~~^^^^^^^^^
  File "C:\Users\zenam\AppData\Local\Programs\Python\Python313\Lib\site-packages\django\template\base.py", line 1091, in render
    return SafeString("".join([node.render_annotated(context) for node in self]))
                               ~~~~~~~~~~~~~~~~~~~~~^^^^^^^^^
  File "C:\Users\zenam\AppData\Local\Programs\Python\Python313\Lib\site-packages\django\template\base.py", line 1052, in render_annotated
    return self.render(context)
           ~~~~~~~~~~~^^^^^^^^^
  File "C:\Users\zenam\AppData\Local\Programs\Python\Python313\Lib\site-packages\django\template\defaulttags.py", line 333, in render
    return nodelist.render(context)
           ~~~~~~~~~~~~~~~^^^^^^^^^
  File "C:\Users\zenam\AppData\Local\Programs\Python\Python313\Lib\site-packages\django\template\base.py", line 1091, in render
    return SafeString("".join([node.render_annotated(context) for node in self]))
                               ~~~~~~~~~~~~~~~~~~~~~^^^^^^^^^
  File "C:\Users\zenam\AppData\Local\Programs\Python\Python313\Lib\site-packages\django\template\base.py", line 1052, in render_annotated
    return self.render(context)
           ~~~~~~~~~~~^^^^^^^^^
  File "C:\Users\zenam\AppData\Local\Programs\Python\Python313\Lib\site-packages\django\template\defaulttags.py", line 511, in render
    url = reverse(view_name, args=args, kwargs=kwargs, current_app=current_app)
  File "C:\Users\zenam\AppData\Local\Programs\Python\Python313\Lib\site-packages\django\urls\base.py", line 92, in reverse
    raise NoReverseMatch("%s is not a registered namespace" % key)
django.urls.exceptions.NoReverseMatch: 'djdt' is not a registered namespace
ERROR 2026-10-05 14:53:37,614 log Internal Server Error: /async/
Traceback (most recent call last):
  File "C:\Users\zenam\AppData\Local\Programs\Python\Python313\Lib\site-packages\django\core\handlers\exception.py", line 55, in inner
    response = get_response(request)
  File "C:\Users\zenam\AppData\Local\Programs\Python\Python313\Lib\site-packages\django\core\handlers\base.py", line 198, in _get_response
    response = wrapped_callback(request, *callback_args, **callback_kwargs)
  File "C:\Users\zenam\AppData\Local\Programs\Python\Python313\Lib\site-packages\asgiref\sync.py", line 325, in __call__
    return call_result.result()
           ~~~~~~~~~~~~~~~~~~^^
  File "C:\Users\zenam\AppData\Local\Programs\Python\Python313\Lib\concurrent\futures\_base.py", line 449, in result
    return self.__get_result()
           ~~~~~~~~~~~~~~~~~^^
  File "C:\Users\zenam\AppData\Local\Programs\Python\Python313\Lib\concurrent\futures\_base.py", line 401, in __get_result
    raise self._exception
  File "C:\Users\zenam\AppData\Local\Programs\Python\Python313\Lib\site-packages\asgiref\sync.py", line 365, in main_wrap
    result = await awaitable
             ^^^^^^^^^^^^^^^
  File "C:\Users\zenam\django_flask_env\books\views.py", line 175, in async_book_list
    async for book in Book.objects.select_related('category').order_by('title').aiter():
                      ^^^^^^^^^^^^^^^^^^^^^^^^^^^^^^^^^^^^^^^^^^^^^^^^^^^^^^^^^^^^^^^
AttributeError: 'QuerySet' object has no attribute 'aiter'. Did you mean: 'filter'?
INFO 2026-10-05 14:53:37,616 middleware Request GET /async/ by Anonymous in 3.37 ms | groups=Anonymous | status=500
INFO 2026-10-05 14:53:37,783 middleware Request GET /async/1/ by Anonymous in 5.81 ms | groups=Anonymous | status=200
ERROR 2026-10-05 14:53:37,803 log Internal Server Error: /async/1/
Traceback (most recent call last):
  File "C:\Users\zenam\AppData\Local\Programs\Python\Python313\Lib\site-packages\django\template\base.py", line 964, in _resolve_lookup
    raise TypeError
TypeError

During handling of the above exception, another exception occurred:

Traceback (most recent call last):
  File "C:\Users\zenam\AppData\Local\Programs\Python\Python313\Lib\site-packages\django\urls\base.py", line 81, in reverse
    extra, resolver = resolver.namespace_dict[ns]
                      ~~~~~~~~~~~~~~~~~~~~~~~^^^^
KeyError: 'djdt'

During handling of the above exception, another exception occurred:

Traceback (most recent call last):
  File "C:\Users\zenam\AppData\Local\Programs\Python\Python313\Lib\site-packages\django\core\handlers\exception.py", line 55, in inner
    response = get_response(request)
  File "C:\Users\zenam\AppData\Local\Programs\Python\Python313\Lib\site-packages\debug_toolbar\middleware.py", line 130, in __call__
    return self._postprocess(request, response, toolbar)
           ~~~~~~~~~~~~~~~~~^^^^^^^^^^^^^^^^^^^^^^^^^^^^
  File "C:\Users\zenam\AppData\Local\Programs\Python\Python313\Lib\site-packages\debug_toolbar\middleware.py", line 172, in _postprocess
    rendered = toolbar.render_toolbar()
  File "C:\Users\zenam\AppData\Local\Programs\Python\Python313\Lib\site-packages\debug_toolbar\toolbar.py", line 96, in render_toolbar
    return render_to_string("debug_toolbar/base.html", context)
  File "C:\Users\zenam\AppData\Local\Programs\Python\Python313\Lib\site-packages\django\template\loader.py", line 62, in render_to_string
    return template.render(context, request)
           ~~~~~~~~~~~~~~~^^^^^^^^^^^^^^^^^^
  File "C:\Users\zenam\AppData\Local\Programs\Python\Python313\Lib\site-packages\django\template\backends\django.py", line 107, in render
    return self.template.render(context)
           ~~~~~~~~~~~~~~~~~~~~^^^^^^^^^
  File "C:\Users\zenam\AppData\Local\Programs\Python\Python313\Lib\site-packages\django\template\base.py", line 174, in render
    return self._render(context)
           ~~~~~~~~~~~~^^^^^^^^^
  File "C:\Users\zenam\AppData\Local\Programs\Python\Python313\Lib\site-packages\django\test\utils.py", line 114, in instrumented_test_render
    return self.nodelist.render(context)
           ~~~~~~~~~~~~~~~~~~~~^^^^^^^^^
  File "C:\Users\zenam\AppData\Local\Programs\Python\Python313\Lib\site-packages\django\template\base.py", line 1091, in render
    return SafeString("".join([node.render_annotated(context) for node in self]))
                               ~~~~~~~~~~~~~~~~~~~~~^^^^^^^^^
  File "C:\Users\zenam\AppData\Local\Programs\Python\Python313\Lib\site-packages\django\template\base.py", line 1052, in render_annotated
    return self.render(context)
           ~~~~~~~~~~~^^^^^^^^^
  File "C:\Users\zenam\AppData\Local\Programs\Python\Python313\Lib\site-packages\django\template\defaulttags.py", line 249, in render
    nodelist.append(node.render_annotated(context))
                    ~~~~~~~~~~~~~~~~~~~~~^^^^^^^^^
  File "C:\Users\zenam\AppData\Local\Programs\Python\Python313\Lib\site-packages\django\template\base.py", line 1052, in render_annotated
    return self.render(context)
           ~~~~~~~~~~~^^^^^^^^^
  File "C:\Users\zenam\AppData\Local\Programs\Python\Python313\Lib\site-packages\django\template\loader_tags.py", line 211, in render
    return template.render(context)
           ~~~~~~~~~~~~~~~^^^^^^^^^
  File "C:\Users\zenam\AppData\Local\Programs\Python\Python313\Lib\site-packages\django\template\base.py", line 176, in render
    return self._render(context)
           ~~~~~~~~~~~~^^^^^^^^^
  File "C:\Users\zenam\AppData\Local\Programs\Python\Python313\Lib\site-packages\django\test\utils.py", line 114, in instrumented_test_render
    return self.nodelist.render(context)
           ~~~~~~~~~~~~~~~~~~~~^^^^^^^^^
  File "C:\Users\zenam\AppData\Local\Programs\Python\Python313\Lib\site-packages\django\template\base.py", line 1091, in render
    return SafeString("".join([node.render_annotated(context) for node in self]))
                               ~~~~~~~~~~~~~~~~~~~~~^^^^^^^^^
  File "C:\Users\zenam\AppData\Local\Programs\Python\Python313\Lib\site-packages\django\template\base.py", line 1052, in render_annotated
    return self.render(context)
           ~~~~~~~~~~~^^^^^^^^^
  File "C:\Users\zenam\AppData\Local\Programs\Python\Python313\Lib\site-packages\django\template\defaulttags.py", line 333, in render
    return nodelist.render(context)
           ~~~~~~~~~~~~~~~^^^^^^^^^
  File "C:\Users\zenam\AppData\Local\Programs\Python\Python313\Lib\site-packages\django\template\base.py", line 1091, in render
    return SafeString("".join([node.render_annotated(context) for node in self]))
                               ~~~~~~~~~~~~~~~~~~~~~^^^^^^^^^
  File "C:\Users\zenam\AppData\Local\Programs\Python\Python313\Lib\site-packages\django\template\base.py", line 1052, in render_annotated
    return self.render(context)
           ~~~~~~~~~~~^^^^^^^^^
  File "C:\Users\zenam\AppData\Local\Programs\Python\Python313\Lib\site-packages\django\template\defaulttags.py", line 333, in render
    return nodelist.render(context)
           ~~~~~~~~~~~~~~~^^^^^^^^^
  File "C:\Users\zenam\AppData\Local\Programs\Python\Python313\Lib\site-packages\django\template\base.py", line 1091, in render
    return SafeString("".join([node.render_annotated(context) for node in self]))
                               ~~~~~~~~~~~~~~~~~~~~~^^^^^^^^^
  File "C:\Users\zenam\AppData\Local\Programs\Python\Python313\Lib\site-packages\django\template\base.py", line 1052, in render_annotated
    return self.render(context)
           ~~~~~~~~~~~^^^^^^^^^
  File "C:\Users\zenam\AppData\Local\Programs\Python\Python313\Lib\site-packages\django\template\base.py", line 1150, in render
    output = self.filter_expression.resolve(context)
  File "C:\Users\zenam\AppData\Local\Programs\Python\Python313\Lib\site-packages\django\template\base.py", line 788, in resolve
    obj = self.var.resolve(context)
  File "C:\Users\zenam\AppData\Local\Programs\Python\Python313\Lib\site-packages\django\template\base.py", line 928, in resolve
    value = self._resolve_lookup(context)
  File "C:\Users\zenam\AppData\Local\Programs\Python\Python313\Lib\site-packages\django\template\base.py", line 976, in _resolve_lookup
    current = getattr(current, bit)
  File "C:\Users\zenam\AppData\Local\Programs\Python\Python313\Lib\site-packages\debug_toolbar\panels\__init__.py", line 110, in content
    return render_to_string(self.template, self.get_stats())
  File "C:\Users\zenam\AppData\Local\Programs\Python\Python313\Lib\site-packages\django\template\loader.py", line 62, in render_to_string
    return template.render(context, request)
           ~~~~~~~~~~~~~~~^^^^^^^^^^^^^^^^^^
  File "C:\Users\zenam\AppData\Local\Programs\Python\Python313\Lib\site-packages\django\template\backends\django.py", line 107, in render
    return self.template.render(context)
           ~~~~~~~~~~~~~~~~~~~~^^^^^^^^^
  File "C:\Users\zenam\AppData\Local\Programs\Python\Python313\Lib\site-packages\django\template\base.py", line 174, in render
    return self._render(context)
           ~~~~~~~~~~~~^^^^^^^^^
  File "C:\Users\zenam\AppData\Local\Programs\Python\Python313\Lib\site-packages\django\test\utils.py", line 114, in instrumented_test_render
    return self.nodelist.render(context)
           ~~~~~~~~~~~~~~~~~~~~^^^^^^^^^
  File "C:\Users\zenam\AppData\Local\Programs\Python\Python313\Lib\site-packages\django\template\base.py", line 1091, in render
    return SafeString("".join([node.render_annotated(context) for node in self]))
                               ~~~~~~~~~~~~~~~~~~~~~^^^^^^^^^
  File "C:\Users\zenam\AppData\Local\Programs\Python\Python313\Lib\site-packages\django\template\base.py", line 1052, in render_annotated
    return self.render(context)
           ~~~~~~~~~~~^^^^^^^^^
  File "C:\Users\zenam\AppData\Local\Programs\Python\Python313\Lib\site-packages\django\template\defaulttags.py", line 333, in render
    return nodelist.render(context)
           ~~~~~~~~~~~~~~~^^^^^^^^^
  File "C:\Users\zenam\AppData\Local\Programs\Python\Python313\Lib\site-packages\django\template\base.py", line 1091, in render
    return SafeString("".join([node.render_annotated(context) for node in self]))
                               ~~~~~~~~~~~~~~~~~~~~~^^^^^^^^^
  File "C:\Users\zenam\AppData\Local\Programs\Python\Python313\Lib\site-packages\django\template\base.py", line 1052, in render_annotated
    return self.render(context)
           ~~~~~~~~~~~^^^^^^^^^
  File "C:\Users\zenam\AppData\Local\Programs\Python\Python313\Lib\site-packages\django\template\defaulttags.py", line 249, in render
    nodelist.append(node.render_annotated(context))
                    ~~~~~~~~~~~~~~~~~~~~~^^^^^^^^^
  File "C:\Users\zenam\AppData\Local\Programs\Python\Python313\Lib\site-packages\django\template\base.py", line 1052, in render_annotated
    return self.render(context)
           ~~~~~~~~~~~^^^^^^^^^
  File "C:\Users\zenam\AppData\Local\Programs\Python\Python313\Lib\site-packages\django\template\defaulttags.py", line 333, in render
    return nodelist.render(context)
           ~~~~~~~~~~~~~~~^^^^^^^^^
  File "C:\Users\zenam\AppData\Local\Programs\Python\Python313\Lib\site-packages\django\template\base.py", line 1091, in render
    return SafeString("".join([node.render_annotated(context) for node in self]))
                               ~~~~~~~~~~~~~~~~~~~~~^^^^^^^^^
  File "C:\Users\zenam\AppData\Local\Programs\Python\Python313\Lib\site-packages\django\template\base.py", line 1052, in render_annotated
    return self.render(context)
           ~~~~~~~~~~~^^^^^^^^^
  File "C:\Users\zenam\AppData\Local\Programs\Python\Python313\Lib\site-packages\django\template\defaulttags.py", line 333, in render
    return nodelist.render(context)
           ~~~~~~~~~~~~~~~^^^^^^^^^
  File "C:\Users\zenam\AppData\Local\Programs\Python\Python313\Lib\site-packages\django\template\base.py", line 1091, in render
    return SafeString("".join([node.render_annotated(context) for node in self]))
                               ~~~~~~~~~~~~~~~~~~~~~^^^^^^^^^
  File "C:\Users\zenam\AppData\Local\Programs\Python\Python313\Lib\site-packages\django\template\base.py", line 1052, in render_annotated
    return self.render(context)
           ~~~~~~~~~~~^^^^^^^^^
  File "C:\Users\zenam\AppData\Local\Programs\Python\Python313\Lib\site-packages\django\template\defaulttags.py", line 511, in render
    url = reverse(view_name, args=args, kwargs=kwargs, current_app=current_app)
  File "C:\Users\zenam\AppData\Local\Programs\Python\Python313\Lib\site-packages\django\urls\base.py", line 92, in reverse
    raise NoReverseMatch("%s is not a registered namespace" % key)
django.urls.exceptions.NoReverseMatch: 'djdt' is not a registered namespace
ERROR 2026-10-05 14:53:38,518 log Internal Server Error: /async/cart/
Traceback (most recent call last):
  File "C:\Users\zenam\AppData\Local\Programs\Python\Python313\Lib\site-packages\django\contrib\sessions\backends\base.py", line 246, in _get_session
    return self._session_cache
           ^^^^^^^^^^^^^^^^^^^
AttributeError: 'SessionStore' object has no attribute '_session_cache'

During handling of the above exception, another exception occurred:

Traceback (most recent call last):
  File "C:\Users\zenam\AppData\Local\Programs\Python\Python313\Lib\site-packages\django\core\handlers\exception.py", line 55, in inner
    response = get_response(request)
  File "C:\Users\zenam\AppData\Local\Programs\Python\Python313\Lib\site-packages\django\core\handlers\base.py", line 198, in _get_response
    response = wrapped_callback(request, *callback_args, **callback_kwargs)
  File "C:\Users\zenam\AppData\Local\Programs\Python\Python313\Lib\site-packages\asgiref\sync.py", line 325, in __call__
    return call_result.result()
           ~~~~~~~~~~~~~~~~~~^^
  File "C:\Users\zenam\AppData\Local\Programs\Python\Python313\Lib\concurrent\futures\_base.py", line 449, in result
    return self.__get_result()
           ~~~~~~~~~~~~~~~~~^^
  File "C:\Users\zenam\AppData\Local\Programs\Python\Python313\Lib\concurrent\futures\_base.py", line 401, in __get_result
    raise self._exception
  File "C:\Users\zenam\AppData\Local\Programs\Python\Python313\Lib\site-packages\asgiref\sync.py", line 365, in main_wrap
    result = await awaitable
             ^^^^^^^^^^^^^^^
  File "C:\Users\zenam\django_flask_env\books\views.py", line 202, in async_cart_summary
    cart = request.session.get('cart', {})
  File "C:\Users\zenam\AppData\Local\Programs\Python\Python313\Lib\site-packages\django\contrib\sessions\backends\base.py", line 74, in get
    return self._session.get(key, default)
           ^^^^^^^^^^^^^
  File "C:\Users\zenam\AppData\Local\Programs\Python\Python313\Lib\site-packages\django\contrib\sessions\backends\base.py", line 251, in _get_session
    self._session_cache = self.load()
                          ~~~~~~~~~^^
  File "C:\Users\zenam\AppData\Local\Programs\Python\Python313\Lib\site-packages\django\contrib\sessions\backends\db.py", line 55, in load
    s = self._get_session_from_db()
  File "C:\Users\zenam\AppData\Local\Programs\Python\Python313\Lib\site-packages\django\contrib\sessions\backends\db.py", line 34, in _get_session_from_db
    return self.model.objects.get(
           ~~~~~~~~~~~~~~~~~~~~~~^
        session_key=self.session_key, expire_date__gt=timezone.now()
        ^^^^^^^^^^^^^^^^^^^^^^^^^^^^^^^^^^^^^^^^^^^^^^^^^^^^^^^^^^^^
    )
    ^
  File "C:\Users\zenam\AppData\Local\Programs\Python\Python313\Lib\site-packages\django\db\models\manager.py", line 87, in manager_method
    return getattr(self.get_queryset(), name)(*args, **kwargs)
           ~~~~~~~~~~~~~~~~~~~~~~~~~~~~~~~~~~^^^^^^^^^^^^^^^^^
  File "C:\Users\zenam\AppData\Local\Programs\Python\Python313\Lib\site-packages\django\db\models\query.py", line 635, in get
    num = len(clone)
  File "C:\Users\zenam\AppData\Local\Programs\Python\Python313\Lib\site-packages\django\db\models\query.py", line 372, in __len__
    self._fetch_all()
    ~~~~~~~~~~~~~~~^^
  File "C:\Users\zenam\AppData\Local\Programs\Python\Python313\Lib\site-packages\django\db\models\query.py", line 2000, in _fetch_all
    self._result_cache = list(self._iterable_class(self))
                         ~~~~^^^^^^^^^^^^^^^^^^^^^^^^^^^^
  File "C:\Users\zenam\AppData\Local\Programs\Python\Python313\Lib\site-packages\django\db\models\query.py", line 95, in __iter__
    results = compiler.execute_sql(
        chunked_fetch=self.chunked_fetch, chunk_size=self.chunk_size
    )
  File "C:\Users\zenam\AppData\Local\Programs\Python\Python313\Lib\site-packages\django\db\models\sql\compiler.py", line 1622, in execute_sql
    cursor = self.connection.cursor()
  File "C:\Users\zenam\AppData\Local\Programs\Python\Python313\Lib\site-packages\django\utils\asyncio.py", line 24, in inner
    raise SynchronousOnlyOperation(message)
django.core.exceptions.SynchronousOnlyOperation: You cannot call this from an async context - use a thread or sync_to_async.
INFO 2026-10-05 14:53:38,525 middleware Request GET /async/cart/ by Anonymous in 5.63 ms | groups=Anonymous | status=500
ERROR 2026-10-05 14:53:38,554 log Internal Server Error: /async/cart/
Traceback (most recent call last):
  File "C:\Users\zenam\AppData\Local\Programs\Python\Python313\Lib\site-packages\django\template\base.py", line 964, in _resolve_lookup
    raise TypeError
TypeError

During handling of the above exception, another exception occurred:

Traceback (most recent call last):
  File "C:\Users\zenam\AppData\Local\Programs\Python\Python313\Lib\site-packages\django\urls\base.py", line 81, in reverse
    extra, resolver = resolver.namespace_dict[ns]
                      ~~~~~~~~~~~~~~~~~~~~~~~^^^^
KeyError: 'djdt'

During handling of the above exception, another exception occurred:

Traceback (most recent call last):
  File "C:\Users\zenam\AppData\Local\Programs\Python\Python313\Lib\site-packages\django\core\handlers\exception.py", line 55, in inner
    response = get_response(request)
  File "C:\Users\zenam\AppData\Local\Programs\Python\Python313\Lib\site-packages\debug_toolbar\middleware.py", line 130, in __call__
    return self._postprocess(request, response, toolbar)
           ~~~~~~~~~~~~~~~~~^^^^^^^^^^^^^^^^^^^^^^^^^^^^
  File "C:\Users\zenam\AppData\Local\Programs\Python\Python313\Lib\site-packages\debug_toolbar\middleware.py", line 172, in _postprocess
    rendered = toolbar.render_toolbar()
  File "C:\Users\zenam\AppData\Local\Programs\Python\Python313\Lib\site-packages\debug_toolbar\toolbar.py", line 96, in render_toolbar
    return render_to_string("debug_toolbar/base.html", context)
  File "C:\Users\zenam\AppData\Local\Programs\Python\Python313\Lib\site-packages\django\template\loader.py", line 62, in render_to_string
    return template.render(context, request)
           ~~~~~~~~~~~~~~~^^^^^^^^^^^^^^^^^^
  File "C:\Users\zenam\AppData\Local\Programs\Python\Python313\Lib\site-packages\django\template\backends\django.py", line 107, in render
    return self.template.render(context)
           ~~~~~~~~~~~~~~~~~~~~^^^^^^^^^
  File "C:\Users\zenam\AppData\Local\Programs\Python\Python313\Lib\site-packages\django\template\base.py", line 174, in render
    return self._render(context)
           ~~~~~~~~~~~~^^^^^^^^^
  File "C:\Users\zenam\AppData\Local\Programs\Python\Python313\Lib\site-packages\django\test\utils.py", line 114, in instrumented_test_render
    return self.nodelist.render(context)
           ~~~~~~~~~~~~~~~~~~~~^^^^^^^^^
  File "C:\Users\zenam\AppData\Local\Programs\Python\Python313\Lib\site-packages\django\template\base.py", line 1091, in render
    return SafeString("".join([node.render_annotated(context) for node in self]))
                               ~~~~~~~~~~~~~~~~~~~~~^^^^^^^^^
  File "C:\Users\zenam\AppData\Local\Programs\Python\Python313\Lib\site-packages\django\template\base.py", line 1052, in render_annotated
    return self.render(context)
           ~~~~~~~~~~~^^^^^^^^^
  File "C:\Users\zenam\AppData\Local\Programs\Python\Python313\Lib\site-packages\django\template\defaulttags.py", line 249, in render
    nodelist.append(node.render_annotated(context))
                    ~~~~~~~~~~~~~~~~~~~~~^^^^^^^^^
  File "C:\Users\zenam\AppData\Local\Programs\Python\Python313\Lib\site-packages\django\template\base.py", line 1052, in render_annotated
    return self.render(context)
           ~~~~~~~~~~~^^^^^^^^^
  File "C:\Users\zenam\AppData\Local\Programs\Python\Python313\Lib\site-packages\django\template\loader_tags.py", line 211, in render
    return template.render(context)
           ~~~~~~~~~~~~~~~^^^^^^^^^
  File "C:\Users\zenam\AppData\Local\Programs\Python\Python313\Lib\site-packages\django\template\base.py", line 176, in render
    return self._render(context)
           ~~~~~~~~~~~~^^^^^^^^^
  File "C:\Users\zenam\AppData\Local\Programs\Python\Python313\Lib\site-packages\django\test\utils.py", line 114, in instrumented_test_render
    return self.nodelist.render(context)
           ~~~~~~~~~~~~~~~~~~~~^^^^^^^^^
  File "C:\Users\zenam\AppData\Local\Programs\Python\Python313\Lib\site-packages\django\template\base.py", line 1091, in render
    return SafeString("".join([node.render_annotated(context) for node in self]))
                               ~~~~~~~~~~~~~~~~~~~~~^^^^^^^^^
  File "C:\Users\zenam\AppData\Local\Programs\Python\Python313\Lib\site-packages\django\template\base.py", line 1052, in render_annotated
    return self.render(context)
           ~~~~~~~~~~~^^^^^^^^^
  File "C:\Users\zenam\AppData\Local\Programs\Python\Python313\Lib\site-packages\django\template\defaulttags.py", line 333, in render
    return nodelist.render(context)
           ~~~~~~~~~~~~~~~^^^^^^^^^
  File "C:\Users\zenam\AppData\Local\Programs\Python\Python313\Lib\site-packages\django\template\base.py", line 1091, in render
    return SafeString("".join([node.render_annotated(context) for node in self]))
                               ~~~~~~~~~~~~~~~~~~~~~^^^^^^^^^
  File "C:\Users\zenam\AppData\Local\Programs\Python\Python313\Lib\site-packages\django\template\base.py", line 1052, in render_annotated
    return self.render(context)
           ~~~~~~~~~~~^^^^^^^^^
  File "C:\Users\zenam\AppData\Local\Programs\Python\Python313\Lib\site-packages\django\template\defaulttags.py", line 333, in render
    return nodelist.render(context)
           ~~~~~~~~~~~~~~~^^^^^^^^^
  File "C:\Users\zenam\AppData\Local\Programs\Python\Python313\Lib\site-packages\django\template\base.py", line 1091, in render
    return SafeString("".join([node.render_annotated(context) for node in self]))
                               ~~~~~~~~~~~~~~~~~~~~~^^^^^^^^^
  File "C:\Users\zenam\AppData\Local\Programs\Python\Python313\Lib\site-packages\django\template\base.py", line 1052, in render_annotated
    return self.render(context)
           ~~~~~~~~~~~^^^^^^^^^
  File "C:\Users\zenam\AppData\Local\Programs\Python\Python313\Lib\site-packages\django\template\base.py", line 1150, in render
    output = self.filter_expression.resolve(context)
  File "C:\Users\zenam\AppData\Local\Programs\Python\Python313\Lib\site-packages\django\template\base.py", line 788, in resolve
    obj = self.var.resolve(context)
  File "C:\Users\zenam\AppData\Local\Programs\Python\Python313\Lib\site-packages\django\template\base.py", line 928, in resolve
    value = self._resolve_lookup(context)
  File "C:\Users\zenam\AppData\Local\Programs\Python\Python313\Lib\site-packages\django\template\base.py", line 976, in _resolve_lookup
    current = getattr(current, bit)
  File "C:\Users\zenam\AppData\Local\Programs\Python\Python313\Lib\site-packages\debug_toolbar\panels\__init__.py", line 110, in content
    return render_to_string(self.template, self.get_stats())
  File "C:\Users\zenam\AppData\Local\Programs\Python\Python313\Lib\site-packages\django\template\loader.py", line 62, in render_to_string
    return template.render(context, request)
           ~~~~~~~~~~~~~~~^^^^^^^^^^^^^^^^^^
  File "C:\Users\zenam\AppData\Local\Programs\Python\Python313\Lib\site-packages\django\template\backends\django.py", line 107, in render
    return self.template.render(context)
           ~~~~~~~~~~~~~~~~~~~~^^^^^^^^^
  File "C:\Users\zenam\AppData\Local\Programs\Python\Python313\Lib\site-packages\django\template\base.py", line 174, in render
    return self._render(context)
           ~~~~~~~~~~~~^^^^^^^^^
  File "C:\Users\zenam\AppData\Local\Programs\Python\Python313\Lib\site-packages\django\test\utils.py", line 114, in instrumented_test_render
    return self.nodelist.render(context)
           ~~~~~~~~~~~~~~~~~~~~^^^^^^^^^
  File "C:\Users\zenam\AppData\Local\Programs\Python\Python313\Lib\site-packages\django\template\base.py", line 1091, in render
    return SafeString("".join([node.render_annotated(context) for node in self]))
                               ~~~~~~~~~~~~~~~~~~~~~^^^^^^^^^
  File "C:\Users\zenam\AppData\Local\Programs\Python\Python313\Lib\site-packages\django\template\base.py", line 1052, in render_annotated
    return self.render(context)
           ~~~~~~~~~~~^^^^^^^^^
  File "C:\Users\zenam\AppData\Local\Programs\Python\Python313\Lib\site-packages\django\template\defaulttags.py", line 333, in render
    return nodelist.render(context)
           ~~~~~~~~~~~~~~~^^^^^^^^^
  File "C:\Users\zenam\AppData\Local\Programs\Python\Python313\Lib\site-packages\django\template\base.py", line 1091, in render
    return SafeString("".join([node.render_annotated(context) for node in self]))
                               ~~~~~~~~~~~~~~~~~~~~~^^^^^^^^^
  File "C:\Users\zenam\AppData\Local\Programs\Python\Python313\Lib\site-packages\django\template\base.py", line 1052, in render_annotated
    return self.render(context)
           ~~~~~~~~~~~^^^^^^^^^
  File "C:\Users\zenam\AppData\Local\Programs\Python\Python313\Lib\site-packages\django\template\defaulttags.py", line 249, in render
    nodelist.append(node.render_annotated(context))
                    ~~~~~~~~~~~~~~~~~~~~~^^^^^^^^^
  File "C:\Users\zenam\AppData\Local\Programs\Python\Python313\Lib\site-packages\django\template\base.py", line 1052, in render_annotated
    return self.render(context)
           ~~~~~~~~~~~^^^^^^^^^
  File "C:\Users\zenam\AppData\Local\Programs\Python\Python313\Lib\site-packages\django\template\defaulttags.py", line 333, in render
    return nodelist.render(context)
           ~~~~~~~~~~~~~~~^^^^^^^^^
  File "C:\Users\zenam\AppData\Local\Programs\Python\Python313\Lib\site-packages\django\template\base.py", line 1091, in render
    return SafeString("".join([node.render_annotated(context) for node in self]))
                               ~~~~~~~~~~~~~~~~~~~~~^^^^^^^^^
  File "C:\Users\zenam\AppData\Local\Programs\Python\Python313\Lib\site-packages\django\template\base.py", line 1052, in render_annotated
    return self.render(context)
           ~~~~~~~~~~~^^^^^^^^^
  File "C:\Users\zenam\AppData\Local\Programs\Python\Python313\Lib\site-packages\django\template\defaulttags.py", line 333, in render
    return nodelist.render(context)
           ~~~~~~~~~~~~~~~^^^^^^^^^
  File "C:\Users\zenam\AppData\Local\Programs\Python\Python313\Lib\site-packages\django\template\base.py", line 1091, in render
    return SafeString("".join([node.render_annotated(context) for node in self]))
                               ~~~~~~~~~~~~~~~~~~~~~^^^^^^^^^
  File "C:\Users\zenam\AppData\Local\Programs\Python\Python313\Lib\site-packages\django\template\base.py", line 1052, in render_annotated
    return self.render(context)
           ~~~~~~~~~~~^^^^^^^^^
  File "C:\Users\zenam\AppData\Local\Programs\Python\Python313\Lib\site-packages\django\template\defaulttags.py", line 511, in render
    url = reverse(view_name, args=args, kwargs=kwargs, current_app=current_app)
  File "C:\Users\zenam\AppData\Local\Programs\Python\Python313\Lib\site-packages\django\urls\base.py", line 92, in reverse
    raise NoReverseMatch("%s is not a registered namespace" % key)
django.urls.exceptions.NoReverseMatch: 'djdt' is not a registered namespace
INFO 2026-10-05 14:54:29,497 middleware Request POST /users/register/ by Anonymous in 501.97 ms | groups=Anonymous | status=302
INFO 2026-10-05 14:54:29,530 middleware Request GET /users/login/ by Anonymous in 31.96 ms | groups=Anonymous | status=200
INFO 2026-10-05 14:54:30,996 middleware Request POST /users/login/ by loginuser@example.com in 488.01 ms | groups= | status=302
INFO 2026-10-05 14:54:31,009 middleware Request GET / by loginuser@example.com in 12.08 ms | groups= | status=200
INFO 2026-10-05 14:54:31,509 middleware Request POST /users/logout/ by Anonymous in 2.89 ms | groups=Anonymous | status=302
INFO 2026-10-05 14:54:31,511 middleware Request GET / by Anonymous in 2.23 ms | groups=Anonymous | status=200
INFO 2026-10-05 14:54:31,516 middleware Request GET /users/profile/ by Anonymous in 0.71 ms | groups=Anonymous | status=302
INFO 2026-10-05 14:54:32,033 middleware Request GET /users/profile/ by user2@example.com in 17.71 ms | groups= | status=200
INFO 2026-10-05 14:54:32,039 middleware Request GET / by Anonymous in 2.43 ms | groups=Anonymous | status=200
INFO 2026-10-05 14:54:32,047 middleware Request GET / by Anonymous in 2.62 ms | groups=Anonymous | status=200
INFO 2026-10-05 14:54:32,195 middleware Request POST /cart/add/1/ by Anonymous in 2.81 ms | groups=Anonymous | status=302
INFO 2026-10-05 14:54:32,199 middleware Request POST /cart/clear/ by Anonymous in 1.91 ms | groups=Anonymous | status=302
INFO 2026-10-05 14:54:32,205 middleware Request POST /checkout/ by Anonymous in 1.31 ms | groups=Anonymous | status=400
WARNING 2026-10-05 14:54:32,206 log Bad Request: /checkout/
INFO 2026-10-05 14:54:32,214 middleware Request POST /cart/add/1/ by Anonymous in 2.69 ms | groups=Anonymous | status=302
INFO 2026-10-05 14:54:32,222 middleware Request POST /checkout/ by Anonymous in 7.28 ms | groups=Anonymous | status=302
INFO 2026-10-05 14:54:32,232 middleware Request POST /cart/add/1/ by Anonymous in 2.81 ms | groups=Anonymous | status=302
INFO 2026-10-05 14:54:32,233 middleware Request POST /checkout/ by Anonymous in 0.83 ms | groups=Anonymous | status=400
WARNING 2026-10-05 14:54:32,234 log Bad Request: /checkout/
INFO 2026-10-05 14:54:32,240 middleware Request GET /checkout/success/ by Anonymous in 1.43 ms | groups=Anonymous | status=200
INFO 2026-10-05 14:54:32,246 middleware Request GET /checkout/cancel/ by Anonymous in 0.4 ms | groups=Anonymous | status=200
ERROR 2026-10-05 14:54:32,255 log Internal Server Error: /async/
Traceback (most recent call last):
  File "C:\Users\zenam\AppData\Local\Programs\Python\Python313\Lib\site-packages\django\core\handlers\exception.py", line 55, in inner
    response = get_response(request)
  File "C:\Users\zenam\AppData\Local\Programs\Python\Python313\Lib\site-packages\django\core\handlers\base.py", line 198, in _get_response
    response = wrapped_callback(request, *callback_args, **callback_kwargs)
  File "C:\Users\zenam\AppData\Local\Programs\Python\Python313\Lib\site-packages\asgiref\sync.py", line 325, in __call__
    return call_result.result()
           ~~~~~~~~~~~~~~~~~~^^
  File "C:\Users\zenam\AppData\Local\Programs\Python\Python313\Lib\concurrent\futures\_base.py", line 449, in result
    return self.__get_result()
           ~~~~~~~~~~~~~~~~~^^
  File "C:\Users\zenam\AppData\Local\Programs\Python\Python313\Lib\concurrent\futures\_base.py", line 401, in __get_result
    raise self._exception
  File "C:\Users\zenam\AppData\Local\Programs\Python\Python313\Lib\site-packages\asgiref\sync.py", line 365, in main_wrap
    result = await awaitable
             ^^^^^^^^^^^^^^^
  File "C:\Users\zenam\django_flask_env\books\views.py", line 175, in async_book_list
    async for book in Book.objects.select_related('category').order_by('title').aiter():
                      ^^^^^^^^^^^^^^^^^^^^^^^^^^^^^^^^^^^^^^^^^^^^^^^^^^^^^^^^^^^^^^^
AttributeError: 'QuerySet' object has no attribute 'aiter'. Did you mean: 'filter'?
INFO 2026-10-05 14:54:32,259 middleware Request GET /async/ by Anonymous in 8.69 ms | groups=Anonymous | status=500
INFO 2026-10-05 14:54:32,424 middleware Request GET /async/1/ by Anonymous in 3.08 ms | groups=Anonymous | status=200
ERROR 2026-10-05 14:54:32,435 log Internal Server Error: /async/cart/
Traceback (most recent call last):
  File "C:\Users\zenam\AppData\Local\Programs\Python\Python313\Lib\site-packages\django\contrib\sessions\backends\base.py", line 246, in _get_session
    return self._session_cache
           ^^^^^^^^^^^^^^^^^^^
AttributeError: 'SessionStore' object has no attribute '_session_cache'

During handling of the above exception, another exception occurred:

Traceback (most recent call last):
  File "C:\Users\zenam\AppData\Local\Programs\Python\Python313\Lib\site-packages\django\core\handlers\exception.py", line 55, in inner
    response = get_response(request)
  File "C:\Users\zenam\AppData\Local\Programs\Python\Python313\Lib\site-packages\django\core\handlers\base.py", line 198, in _get_response
    response = wrapped_callback(request, *callback_args, **callback_kwargs)
  File "C:\Users\zenam\AppData\Local\Programs\Python\Python313\Lib\site-packages\asgiref\sync.py", line 325, in __call__
    return call_result.result()
           ~~~~~~~~~~~~~~~~~~^^
  File "C:\Users\zenam\AppData\Local\Programs\Python\Python313\Lib\concurrent\futures\_base.py", line 449, in result
    return self.__get_result()
           ~~~~~~~~~~~~~~~~~^^
  File "C:\Users\zenam\AppData\Local\Programs\Python\Python313\Lib\concurrent\futures\_base.py", line 401, in __get_result
    raise self._exception
  File "C:\Users\zenam\AppData\Local\Programs\Python\Python313\Lib\site-packages\asgiref\sync.py", line 365, in main_wrap
    result = await awaitable
             ^^^^^^^^^^^^^^^
  File "C:\Users\zenam\django_flask_env\books\views.py", line 202, in async_cart_summary
    cart = request.session.get('cart', {})
  File "C:\Users\zenam\AppData\Local\Programs\Python\Python313\Lib\site-packages\django\contrib\sessions\backends\base.py", line 74, in get
    return self._session.get(key, default)
           ^^^^^^^^^^^^^
  File "C:\Users\zenam\AppData\Local\Programs\Python\Python313\Lib\site-packages\django\contrib\sessions\backends\base.py", line 251, in _get_session
    self._session_cache = self.load()
                          ~~~~~~~~~^^
  File "C:\Users\zenam\AppData\Local\Programs\Python\Python313\Lib\site-packages\django\contrib\sessions\backends\db.py", line 55, in load
    s = self._get_session_from_db()
  File "C:\Users\zenam\AppData\Local\Programs\Python\Python313\Lib\site-packages\django\contrib\sessions\backends\db.py", line 34, in _get_session_from_db
    return self.model.objects.get(
           ~~~~~~~~~~~~~~~~~~~~~~^
        session_key=self.session_key, expire_date__gt=timezone.now()
        ^^^^^^^^^^^^^^^^^^^^^^^^^^^^^^^^^^^^^^^^^^^^^^^^^^^^^^^^^^^^
    )
    ^
  File "C:\Users\zenam\AppData\Local\Programs\Python\Python313\Lib\site-packages\django\db\models\manager.py", line 87, in manager_method
    return getattr(self.get_queryset(), name)(*args, **kwargs)
           ~~~~~~~~~~~~~~~~~~~~~~~~~~~~~~~~~~^^^^^^^^^^^^^^^^^
  File "C:\Users\zenam\AppData\Local\Programs\Python\Python313\Lib\site-packages\django\db\models\query.py", line 635, in get
    num = len(clone)
  File "C:\Users\zenam\AppData\Local\Programs\Python\Python313\Lib\site-packages\django\db\models\query.py", line 372, in __len__
    self._fetch_all()
    ~~~~~~~~~~~~~~~^^
  File "C:\Users\zenam\AppData\Local\Programs\Python\Python313\Lib\site-packages\django\db\models\query.py", line 2000, in _fetch_all
    self._result_cache = list(self._iterable_class(self))
                         ~~~~^^^^^^^^^^^^^^^^^^^^^^^^^^^^
  File "C:\Users\zenam\AppData\Local\Programs\Python\Python313\Lib\site-packages\django\db\models\query.py", line 95, in __iter__
    results = compiler.execute_sql(
        chunked_fetch=self.chunked_fetch, chunk_size=self.chunk_size
    )
  File "C:\Users\zenam\AppData\Local\Programs\Python\Python313\Lib\site-packages\django\db\models\sql\compiler.py", line 1622, in execute_sql
    cursor = self.connection.cursor()
  File "C:\Users\zenam\AppData\Local\Programs\Python\Python313\Lib\site-packages\django\utils\asyncio.py", line 24, in inner
    raise SynchronousOnlyOperation(message)
django.core.exceptions.SynchronousOnlyOperation: You cannot call this from an async context - use a thread or sync_to_async.
INFO 2026-10-05 14:54:32,440 middleware Request GET /async/cart/ by Anonymous in 6.86 ms | groups=Anonymous | status=500
INFO 2026-10-05 14:54:33,337 middleware Request POST /users/register/ by Anonymous in 482.79 ms | groups=Anonymous | status=302
INFO 2026-10-05 14:54:33,341 middleware Request GET /users/login/ by Anonymous in 3.57 ms | groups=Anonymous | status=200
INFO 2026-10-05 14:54:33,367 middleware Request GET /admin/login/ by Anonymous in 21.25 ms | groups=Anonymous | status=200
INFO 2026-10-05 14:54:33,373 middleware Request GET / by Anonymous in 1.88 ms | groups=Anonymous | status=200
INFO 2026-10-05 14:54:33,381 middleware Request POST /cart/add/1/ by Anonymous in 2.9 ms | groups=Anonymous | status=302
INFO 2026-10-05 14:54:33,387 middleware Request POST /checkout/ by Anonymous in 5.32 ms | groups=Anonymous | status=302
INFO 2026-10-05 14:54:36,423 middleware Request GET / by Anonymous in 2.31 ms | groups=Anonymous | status=200
INFO 2026-10-05 14:54:36,438 middleware Request GET / by Anonymous in 3.05 ms | groups=Anonymous | status=200
INFO 2026-10-05 14:54:36,456 middleware Request GET /1/ by Anonymous in 4.53 ms | groups=Anonymous | status=200
INFO 2026-10-05 14:54:36,464 middleware Request POST /cart/add/1/ by Anonymous in 2.63 ms | groups=Anonymous | status=302
INFO 2026-10-05 14:54:36,476 middleware Request POST /cart/add/1/ by Anonymous in 3.93 ms | groups=Anonymous | status=302
INFO 2026-10-05 14:54:36,479 middleware Request POST /cart/remove/1/ by Anonymous in 2.6 ms | groups=Anonymous | status=302
INFO 2026-10-05 14:54:36,488 middleware Request POST /cart/add/1/ by Anonymous in 2.5 ms | groups=Anonymous | status=302
INFO 2026-10-05 14:54:36,490 middleware Request POST /cart/clear/ by Anonymous in 1.63 ms | groups=Anonymous | status=302
INFO 2026-10-05 14:54:36,498 middleware Request POST /cart/add/1/ by Anonymous in 2.6 ms | groups=Anonymous | status=302
INFO 2026-10-05 14:54:36,501 middleware Request GET /cart/ by Anonymous in 1.86 ms | groups=Anonymous | status=200
ERROR 2026-10-05 14:54:36,508 log Internal Server Error: /async/
Traceback (most recent call last):
  File "C:\Users\zenam\AppData\Local\Programs\Python\Python313\Lib\site-packages\django\core\handlers\exception.py", line 55, in inner
    response = get_response(request)
  File "C:\Users\zenam\AppData\Local\Programs\Python\Python313\Lib\site-packages\django\core\handlers\base.py", line 198, in _get_response
    response = wrapped_callback(request, *callback_args, **callback_kwargs)
  File "C:\Users\zenam\AppData\Local\Programs\Python\Python313\Lib\site-packages\asgiref\sync.py", line 325, in __call__
    return call_result.result()
           ~~~~~~~~~~~~~~~~~~^^
  File "C:\Users\zenam\AppData\Local\Programs\Python\Python313\Lib\concurrent\futures\_base.py", line 449, in result
    return self.__get_result()
           ~~~~~~~~~~~~~~~~~^^
  File "C:\Users\zenam\AppData\Local\Programs\Python\Python313\Lib\concurrent\futures\_base.py", line 401, in __get_result
    raise self._exception
  File "C:\Users\zenam\AppData\Local\Programs\Python\Python313\Lib\site-packages\asgiref\sync.py", line 365, in main_wrap
    result = await awaitable
             ^^^^^^^^^^^^^^^
  File "C:\Users\zenam\django_flask_env\books\views.py", line 175, in async_book_list
    async for book in Book.objects.select_related('category').order_by('title').aiter():
                      ^^^^^^^^^^^^^^^^^^^^^^^^^^^^^^^^^^^^^^^^^^^^^^^^^^^^^^^^^^^^^^^
AttributeError: 'QuerySet' object has no attribute 'aiter'. Did you mean: 'filter'?
INFO 2026-10-05 14:54:36,510 middleware Request GET /async/ by Anonymous in 3.89 ms | groups=Anonymous | status=500
INFO 2026-10-05 14:54:36,680 middleware Request GET /async/1/ by Anonymous in 3.4 ms | groups=Anonymous | status=200
ERROR 2026-10-05 14:54:36,690 log Internal Server Error: /async/cart/
Traceback (most recent call last):
  File "C:\Users\zenam\AppData\Local\Programs\Python\Python313\Lib\site-packages\django\contrib\sessions\backends\base.py", line 246, in _get_session
    return self._session_cache
           ^^^^^^^^^^^^^^^^^^^
AttributeError: 'SessionStore' object has no attribute '_session_cache'

During handling of the above exception, another exception occurred:

Traceback (most recent call last):
  File "C:\Users\zenam\AppData\Local\Programs\Python\Python313\Lib\site-packages\django\core\handlers\exception.py", line 55, in inner
    response = get_response(request)
  File "C:\Users\zenam\AppData\Local\Programs\Python\Python313\Lib\site-packages\django\core\handlers\base.py", line 198, in _get_response
    response = wrapped_callback(request, *callback_args, **callback_kwargs)
  File "C:\Users\zenam\AppData\Local\Programs\Python\Python313\Lib\site-packages\asgiref\sync.py", line 325, in __call__
    return call_result.result()
           ~~~~~~~~~~~~~~~~~~^^
  File "C:\Users\zenam\AppData\Local\Programs\Python\Python313\Lib\concurrent\futures\_base.py", line 449, in result
    return self.__get_result()
           ~~~~~~~~~~~~~~~~~^^
  File "C:\Users\zenam\AppData\Local\Programs\Python\Python313\Lib\concurrent\futures\_base.py", line 401, in __get_result
    raise self._exception
  File "C:\Users\zenam\AppData\Local\Programs\Python\Python313\Lib\site-packages\asgiref\sync.py", line 365, in main_wrap
    result = await awaitable
             ^^^^^^^^^^^^^^^
  File "C:\Users\zenam\django_flask_env\books\views.py", line 202, in async_cart_summary
    cart = request.session.get('cart', {})
  File "C:\Users\zenam\AppData\Local\Programs\Python\Python313\Lib\site-packages\django\contrib\sessions\backends\base.py", line 74, in get
    return self._session.get(key, default)
           ^^^^^^^^^^^^^
  File "C:\Users\zenam\AppData\Local\Programs\Python\Python313\Lib\site-packages\django\contrib\sessions\backends\base.py", line 251, in _get_session
    self._session_cache = self.load()
                          ~~~~~~~~~^^
  File "C:\Users\zenam\AppData\Local\Programs\Python\Python313\Lib\site-packages\django\contrib\sessions\backends\db.py", line 55, in load
    s = self._get_session_from_db()
  File "C:\Users\zenam\AppData\Local\Programs\Python\Python313\Lib\site-packages\django\contrib\sessions\backends\db.py", line 34, in _get_session_from_db
    return self.model.objects.get(
           ~~~~~~~~~~~~~~~~~~~~~~^
        session_key=self.session_key, expire_date__gt=timezone.now()
        ^^^^^^^^^^^^^^^^^^^^^^^^^^^^^^^^^^^^^^^^^^^^^^^^^^^^^^^^^^^^
    )
    ^
  File "C:\Users\zenam\AppData\Local\Programs\Python\Python313\Lib\site-packages\django\db\models\manager.py", line 87, in manager_method
    return getattr(self.get_queryset(), name)(*args, **kwargs)
           ~~~~~~~~~~~~~~~~~~~~~~~~~~~~~~~~~~^^^^^^^^^^^^^^^^^
  File "C:\Users\zenam\AppData\Local\Programs\Python\Python313\Lib\site-packages\django\db\models\query.py", line 635, in get
    num = len(clone)
  File "C:\Users\zenam\AppData\Local\Programs\Python\Python313\Lib\site-packages\django\db\models\query.py", line 372, in __len__
    self._fetch_all()
    ~~~~~~~~~~~~~~~^^
  File "C:\Users\zenam\AppData\Local\Programs\Python\Python313\Lib\site-packages\django\db\models\query.py", line 2000, in _fetch_all
    self._result_cache = list(self._iterable_class(self))
                         ~~~~^^^^^^^^^^^^^^^^^^^^^^^^^^^^
  File "C:\Users\zenam\AppData\Local\Programs\Python\Python313\Lib\site-packages\django\db\models\query.py", line 95, in __iter__
    results = compiler.execute_sql(
        chunked_fetch=self.chunked_fetch, chunk_size=self.chunk_size
    )
  File "C:\Users\zenam\AppData\Local\Programs\Python\Python313\Lib\site-packages\django\db\models\sql\compiler.py", line 1622, in execute_sql
    cursor = self.connection.cursor()
  File "C:\Users\zenam\AppData\Local\Programs\Python\Python313\Lib\site-packages\django\utils\asyncio.py", line 24, in inner
    raise SynchronousOnlyOperation(message)
django.core.exceptions.SynchronousOnlyOperation: You cannot call this from an async context - use a thread or sync_to_async.
INFO 2026-10-05 14:54:36,694 middleware Request GET /async/cart/ by Anonymous in 5.03 ms | groups=Anonymous | status=500
INFO 2026-10-05 14:59:16,320 middleware Request POST /users/register/ by Anonymous in 500.03 ms | groups=Anonymous | status=302
INFO 2026-10-05 14:59:16,356 middleware Request GET /users/login/ by Anonymous in 35.01 ms | groups=Anonymous | status=200
INFO 2026-10-05 14:59:17,830 middleware Request POST /users/login/ by loginuser@example.com in 487.38 ms | groups= | status=302
INFO 2026-10-05 14:59:17,845 middleware Request GET / by loginuser@example.com in 13.52 ms | groups= | status=200
INFO 2026-10-05 14:59:18,370 middleware Request POST /users/logout/ by Anonymous in 2.97 ms | groups=Anonymous | status=302
INFO 2026-10-05 14:59:18,373 middleware Request GET / by Anonymous in 2.3 ms | groups=Anonymous | status=200
INFO 2026-10-05 14:59:18,378 middleware Request GET /users/profile/ by Anonymous in 0.69 ms | groups=Anonymous | status=302
INFO 2026-10-05 14:59:18,889 middleware Request GET /users/profile/ by user-3e43dd4b-2@example.com in 17.12 ms | groups= | status=200
INFO 2026-10-05 14:59:18,895 middleware Request GET / by Anonymous in 2.6 ms | groups=Anonymous | status=200
INFO 2026-10-05 14:59:18,904 middleware Request GET / by Anonymous in 3.02 ms | groups=Anonymous | status=200
INFO 2026-10-05 14:59:19,059 middleware Request POST /cart/add/1/ by Anonymous in 2.33 ms | groups=Anonymous | status=302
INFO 2026-10-05 14:59:19,062 middleware Request POST /cart/clear/ by Anonymous in 1.59 ms | groups=Anonymous | status=302
INFO 2026-10-05 14:59:19,068 middleware Request POST /checkout/ by Anonymous in 1.5 ms | groups=Anonymous | status=400
WARNING 2026-10-05 14:59:19,070 log Bad Request: /checkout/
INFO 2026-10-05 14:59:19,078 middleware Request POST /cart/add/1/ by Anonymous in 2.15 ms | groups=Anonymous | status=302
INFO 2026-10-05 14:59:19,085 middleware Request POST /checkout/ by Anonymous in 7.02 ms | groups=Anonymous | status=302
INFO 2026-10-05 14:59:19,096 middleware Request POST /cart/add/1/ by Anonymous in 2.8 ms | groups=Anonymous | status=302
INFO 2026-10-05 14:59:19,097 middleware Request POST /checkout/ by Anonymous in 1.02 ms | groups=Anonymous | status=400
WARNING 2026-10-05 14:59:19,097 log Bad Request: /checkout/
INFO 2026-10-05 14:59:19,105 middleware Request GET /checkout/success/ by Anonymous in 1.79 ms | groups=Anonymous | status=200
INFO 2026-10-05 14:59:19,110 middleware Request GET /checkout/cancel/ by Anonymous in 0.35 ms | groups=Anonymous | status=200
INFO 2026-10-05 14:59:19,123 middleware Request GET /async/ by Anonymous in 6.72 ms | groups=Anonymous | status=200
INFO 2026-10-05 14:59:19,131 middleware Request GET /async/1/ by Anonymous in 3.09 ms | groups=Anonymous | status=200
INFO 2026-10-05 14:59:19,140 middleware Request GET /async/cart/ by Anonymous in 3.23 ms | groups=Anonymous | status=200
INFO 2026-10-05 14:59:19,649 middleware Request POST /users/register/ by Anonymous in 505.09 ms | groups=Anonymous | status=302
INFO 2026-10-05 14:59:19,654 middleware Request GET /users/login/ by Anonymous in 4.26 ms | groups=Anonymous | status=200
INFO 2026-10-05 14:59:19,679 middleware Request GET /admin/login/ by Anonymous in 21.19 ms | groups=Anonymous | status=200
INFO 2026-10-05 14:59:19,686 middleware Request GET / by Anonymous in 2.46 ms | groups=Anonymous | status=200
INFO 2026-10-05 14:59:19,693 middleware Request POST /cart/add/1/ by Anonymous in 2.28 ms | groups=Anonymous | status=302
INFO 2026-10-05 14:59:19,701 middleware Request POST /checkout/ by Anonymous in 6.79 ms | groups=Anonymous | status=302
INFO 2026-10-05 14:59:22,816 middleware Request GET / by Anonymous in 2.29 ms | groups=Anonymous | status=200
INFO 2026-10-05 14:59:22,831 middleware Request GET / by Anonymous in 3.07 ms | groups=Anonymous | status=200
INFO 2026-10-05 14:59:22,847 middleware Request GET /1/ by Anonymous in 4.53 ms | groups=Anonymous | status=200
INFO 2026-10-05 14:59:22,855 middleware Request POST /cart/add/1/ by Anonymous in 2.44 ms | groups=Anonymous | status=302
INFO 2026-10-05 14:59:22,864 middleware Request POST /cart/add/1/ by Anonymous in 2.96 ms | groups=Anonymous | status=302
INFO 2026-10-05 14:59:22,867 middleware Request POST /cart/remove/1/ by Anonymous in 2.4 ms | groups=Anonymous | status=302
INFO 2026-10-05 14:59:22,875 middleware Request POST /cart/add/1/ by Anonymous in 2.39 ms | groups=Anonymous | status=302
INFO 2026-10-05 14:59:22,878 middleware Request POST /cart/clear/ by Anonymous in 1.72 ms | groups=Anonymous | status=302
INFO 2026-10-05 14:59:22,886 middleware Request POST /cart/add/1/ by Anonymous in 2.48 ms | groups=Anonymous | status=302
INFO 2026-10-05 14:59:22,889 middleware Request GET /cart/ by Anonymous in 1.63 ms | groups=Anonymous | status=200
INFO 2026-10-05 14:59:22,897 middleware Request GET /async/ by Anonymous in 3.56 ms | groups=Anonymous | status=200
INFO 2026-10-05 14:59:22,905 middleware Request GET /async/1/ by Anonymous in 2.94 ms | groups=Anonymous | status=200
INFO 2026-10-05 14:59:22,916 middleware Request GET /async/cart/ by Anonymous in 3.5 ms | groups=Anonymous | status=200
INFO 2026-10-05 14:59:52,206 middleware Request POST /users/register/ by Anonymous in 496.95 ms | groups=Anonymous | status=302
INFO 2026-10-05 14:59:52,241 middleware Request GET /users/login/ by Anonymous in 34.12 ms | groups=Anonymous | status=200
INFO 2026-10-05 14:59:53,711 middleware Request POST /users/login/ by loginuser@example.com in 485.62 ms | groups= | status=302
INFO 2026-10-05 14:59:53,726 middleware Request GET / by loginuser@example.com in 13.36 ms | groups= | status=200
INFO 2026-10-05 14:59:54,229 middleware Request POST /users/logout/ by Anonymous in 3.03 ms | groups=Anonymous | status=302
INFO 2026-10-05 14:59:54,232 middleware Request GET / by Anonymous in 2.96 ms | groups=Anonymous | status=200
INFO 2026-10-05 14:59:54,237 middleware Request GET /users/profile/ by Anonymous in 0.72 ms | groups=Anonymous | status=302
INFO 2026-10-05 14:59:54,757 middleware Request GET /users/profile/ by user-408b75ce-2@example.com in 16.92 ms | groups= | status=200
INFO 2026-10-05 14:59:54,764 middleware Request GET / by Anonymous in 3.31 ms | groups=Anonymous | status=200
INFO 2026-10-05 14:59:54,773 middleware Request GET / by Anonymous in 3.56 ms | groups=Anonymous | status=200
INFO 2026-10-05 14:59:54,782 middleware Request POST /cart/add/1/ by Anonymous in 2.55 ms | groups=Anonymous | status=302
INFO 2026-10-05 14:59:54,785 middleware Request POST /cart/clear/ by Anonymous in 1.84 ms | groups=Anonymous | status=302
INFO 2026-10-05 14:59:54,791 middleware Request POST /checkout/ by Anonymous in 1.26 ms | groups=Anonymous | status=400
WARNING 2026-10-05 14:59:54,792 log Bad Request: /checkout/
INFO 2026-10-05 14:59:54,801 middleware Request POST /cart/add/1/ by Anonymous in 2.27 ms | groups=Anonymous | status=302
INFO 2026-10-05 14:59:54,808 middleware Request POST /checkout/ by Anonymous in 6.75 ms | groups=Anonymous | status=302
INFO 2026-10-05 14:59:54,818 middleware Request POST /cart/add/1/ by Anonymous in 2.52 ms | groups=Anonymous | status=302
INFO 2026-10-05 14:59:54,819 middleware Request POST /checkout/ by Anonymous in 0.91 ms | groups=Anonymous | status=400
WARNING 2026-10-05 14:59:54,820 log Bad Request: /checkout/
INFO 2026-10-05 14:59:54,827 middleware Request GET /checkout/success/ by Anonymous in 1.46 ms | groups=Anonymous | status=200
INFO 2026-10-05 14:59:54,833 middleware Request GET /checkout/cancel/ by Anonymous in 0.62 ms | groups=Anonymous | status=200
INFO 2026-10-05 14:59:54,845 middleware Request GET /async/ by Anonymous in 6.48 ms | groups=Anonymous | status=200
INFO 2026-10-05 14:59:54,853 middleware Request GET /async/1/ by Anonymous in 3.09 ms | groups=Anonymous | status=200
INFO 2026-10-05 14:59:54,862 middleware Request GET /async/cart/ by Anonymous in 3.27 ms | groups=Anonymous | status=200
INFO 2026-10-05 14:59:55,365 middleware Request POST /users/register/ by Anonymous in 498.88 ms | groups=Anonymous | status=302
INFO 2026-10-05 14:59:55,369 middleware Request GET /users/login/ by Anonymous in 3.13 ms | groups=Anonymous | status=200
INFO 2026-10-05 14:59:55,396 middleware Request GET /admin/login/ by Anonymous in 23.22 ms | groups=Anonymous | status=200
INFO 2026-10-05 14:59:55,403 middleware Request GET / by Anonymous in 2.74 ms | groups=Anonymous | status=200
INFO 2026-10-05 14:59:55,409 middleware Request POST /cart/add/1/ by Anonymous in 2.23 ms | groups=Anonymous | status=302
INFO 2026-10-05 14:59:55,416 middleware Request POST /checkout/ by Anonymous in 5.37 ms | groups=Anonymous | status=302
INFO 2026-10-05 14:59:58,391 middleware Request GET / by Anonymous in 2.84 ms | groups=Anonymous | status=200
INFO 2026-10-05 14:59:58,399 middleware Request GET / by Anonymous in 3.33 ms | groups=Anonymous | status=200
INFO 2026-10-05 14:59:58,407 middleware Request GET /1/ by Anonymous in 3.3 ms | groups=Anonymous | status=200
INFO 2026-10-05 14:59:58,414 middleware Request POST /cart/add/1/ by Anonymous in 2.34 ms | groups=Anonymous | status=302
INFO 2026-10-05 14:59:58,421 middleware Request POST /cart/add/1/ by Anonymous in 2.1 ms | groups=Anonymous | status=302
INFO 2026-10-05 14:59:58,424 middleware Request POST /cart/remove/1/ by Anonymous in 2.32 ms | groups=Anonymous | status=302
INFO 2026-10-05 14:59:58,431 middleware Request POST /cart/add/1/ by Anonymous in 2.07 ms | groups=Anonymous | status=302
INFO 2026-10-05 14:59:58,434 middleware Request POST /cart/clear/ by Anonymous in 1.55 ms | groups=Anonymous | status=302
INFO 2026-10-05 14:59:58,441 middleware Request POST /cart/add/1/ by Anonymous in 2.12 ms | groups=Anonymous | status=302
INFO 2026-10-05 14:59:58,443 middleware Request GET /cart/ by Anonymous in 1.7 ms | groups=Anonymous | status=200
INFO 2026-10-05 14:59:58,452 middleware Request GET /async/ by Anonymous in 2.89 ms | groups=Anonymous | status=200
INFO 2026-10-05 14:59:58,460 middleware Request GET /async/1/ by Anonymous in 2.55 ms | groups=Anonymous | status=200
INFO 2026-10-05 14:59:58,469 middleware Request GET /async/cart/ by Anonymous in 3.13 ms | groups=Anonymous | status=200
INFO 2026-10-05 15:07:26,679 middleware Request POST /users/register/ by Anonymous in 519.6 ms | groups=Anonymous | status=302
INFO 2026-10-05 15:07:26,729 middleware Request GET /users/login/ by Anonymous in 48.12 ms | groups=Anonymous | status=200
INFO 2026-10-05 15:07:28,322 middleware Request POST /users/login/ by loginuser@example.com in 509.1 ms | groups= | status=302
INFO 2026-10-05 15:07:28,333 middleware Request GET / by loginuser@example.com in 10.55 ms | groups= | status=200
INFO 2026-10-05 15:07:28,849 middleware Request POST /users/logout/ by Anonymous in 3.28 ms | groups=Anonymous | status=302
INFO 2026-10-05 15:07:28,852 middleware Request GET / by Anonymous in 3.12 ms | groups=Anonymous | status=200
INFO 2026-10-05 15:07:28,857 middleware Request GET /users/profile/ by Anonymous in 0.63 ms | groups=Anonymous | status=302
INFO 2026-10-05 15:07:29,378 middleware Request GET /users/profile/ by user-89a15b2b-2@example.com in 18.46 ms | groups= | status=200
INFO 2026-10-05 15:07:29,386 middleware Request GET / by Anonymous in 2.41 ms | groups=Anonymous | status=200
INFO 2026-10-05 15:07:29,394 middleware Request GET / by Anonymous in 3.53 ms | groups=Anonymous | status=200
INFO 2026-10-05 15:07:29,403 middleware Request POST /cart/add/1/ by Anonymous in 2.79 ms | groups=Anonymous | status=302
INFO 2026-10-05 15:07:29,406 middleware Request POST /cart/clear/ by Anonymous in 1.81 ms | groups=Anonymous | status=302
INFO 2026-10-05 15:07:29,413 middleware Request POST /checkout/ by Anonymous in 1.83 ms | groups=Anonymous | status=400
WARNING 2026-10-05 15:07:29,414 log Bad Request: /checkout/
INFO 2026-10-05 15:07:29,424 middleware Request POST /cart/add/1/ by Anonymous in 2.1 ms | groups=Anonymous | status=302
INFO 2026-10-05 15:07:29,432 middleware Request POST /checkout/ by Anonymous in 7.0 ms | groups=Anonymous | status=302
INFO 2026-10-05 15:07:29,441 middleware Request POST /cart/add/1/ by Anonymous in 2.59 ms | groups=Anonymous | status=302
INFO 2026-10-05 15:07:29,443 middleware Request POST /checkout/ by Anonymous in 1.28 ms | groups=Anonymous | status=400
WARNING 2026-10-05 15:07:29,443 log Bad Request: /checkout/
INFO 2026-10-05 15:07:29,451 middleware Request GET /checkout/success/ by Anonymous in 1.57 ms | groups=Anonymous | status=200
INFO 2026-10-05 15:07:29,456 middleware Request GET /checkout/cancel/ by Anonymous in 0.32 ms | groups=Anonymous | status=200
INFO 2026-10-05 15:07:29,467 middleware Request GET /async/ by Anonymous in 7.09 ms | groups=Anonymous | status=200
INFO 2026-10-05 15:07:29,475 middleware Request GET /async/1/ by Anonymous in 3.02 ms | groups=Anonymous | status=200
INFO 2026-10-05 15:07:29,484 middleware Request GET /async/cart/ by Anonymous in 3.61 ms | groups=Anonymous | status=200
INFO 2026-10-05 15:07:29,998 middleware Request POST /users/register/ by Anonymous in 509.11 ms | groups=Anonymous | status=302
INFO 2026-10-05 15:07:30,002 middleware Request GET /users/login/ by Anonymous in 3.43 ms | groups=Anonymous | status=200
INFO 2026-10-05 15:07:30,031 middleware Request GET /admin/login/ by Anonymous in 24.95 ms | groups=Anonymous | status=200
INFO 2026-10-05 15:07:30,038 middleware Request GET / by Anonymous in 2.62 ms | groups=Anonymous | status=200
INFO 2026-10-05 15:07:30,045 middleware Request POST /cart/add/1/ by Anonymous in 2.17 ms | groups=Anonymous | status=302
INFO 2026-10-05 15:07:30,052 middleware Request POST /checkout/ by Anonymous in 6.27 ms | groups=Anonymous | status=302
INFO 2026-10-05 15:07:33,161 middleware Request GET / by Anonymous in 2.99 ms | groups=Anonymous | status=200
INFO 2026-10-05 15:07:33,169 middleware Request GET / by Anonymous in 3.52 ms | groups=Anonymous | status=200
INFO 2026-10-05 15:07:33,178 middleware Request GET /1/ by Anonymous in 3.7 ms | groups=Anonymous | status=200
INFO 2026-10-05 15:07:33,186 middleware Request POST /cart/add/1/ by Anonymous in 2.53 ms | groups=Anonymous | status=302
INFO 2026-10-05 15:07:33,195 middleware Request POST /cart/add/1/ by Anonymous in 2.09 ms | groups=Anonymous | status=302
INFO 2026-10-05 15:07:33,198 middleware Request POST /cart/remove/1/ by Anonymous in 2.17 ms | groups=Anonymous | status=302
INFO 2026-10-05 15:07:33,206 middleware Request POST /cart/add/1/ by Anonymous in 2.43 ms | groups=Anonymous | status=302
INFO 2026-10-05 15:07:33,209 middleware Request POST /cart/clear/ by Anonymous in 2.25 ms | groups=Anonymous | status=302
INFO 2026-10-05 15:07:33,218 middleware Request POST /cart/add/1/ by Anonymous in 3.12 ms | groups=Anonymous | status=302
INFO 2026-10-05 15:07:33,220 middleware Request GET /cart/ by Anonymous in 1.67 ms | groups=Anonymous | status=200
INFO 2026-10-05 15:07:33,228 middleware Request GET /async/ by Anonymous in 2.77 ms | groups=Anonymous | status=200
INFO 2026-10-05 15:07:33,236 middleware Request GET /async/1/ by Anonymous in 2.81 ms | groups=Anonymous | status=200
INFO 2026-10-05 15:07:33,247 middleware Request GET /async/cart/ by Anonymous in 3.74 ms | groups=Anonymous | status=200
INFO 2026-10-05 15:07:53,027 middleware Request POST /users/register/ by Anonymous in 511.91 ms | groups=Anonymous | status=302
INFO 2026-10-05 15:07:53,062 middleware Request GET /users/login/ by Anonymous in 34.53 ms | groups=Anonymous | status=200
INFO 2026-10-05 15:07:54,612 middleware Request POST /users/login/ by loginuser@example.com in 515.81 ms | groups= | status=302
INFO 2026-10-05 15:07:54,625 middleware Request GET / by loginuser@example.com in 11.88 ms | groups= | status=200
INFO 2026-10-05 15:07:55,151 middleware Request POST /users/logout/ by Anonymous in 3.57 ms | groups=Anonymous | status=302
INFO 2026-10-05 15:07:55,154 middleware Request GET / by Anonymous in 2.52 ms | groups=Anonymous | status=200
INFO 2026-10-05 15:07:55,158 middleware Request GET /users/profile/ by Anonymous in 0.6 ms | groups=Anonymous | status=302
INFO 2026-10-05 15:07:55,695 middleware Request GET /users/profile/ by user-914b2ee8-2@example.com in 18.9 ms | groups= | status=200
INFO 2026-10-05 15:07:55,702 middleware Request GET / by Anonymous in 3.04 ms | groups=Anonymous | status=200
INFO 2026-10-05 15:07:55,711 middleware Request GET / by Anonymous in 3.93 ms | groups=Anonymous | status=200
INFO 2026-10-05 15:07:55,721 middleware Request POST /cart/add/1/ by Anonymous in 2.66 ms | groups=Anonymous | status=302
INFO 2026-10-05 15:07:55,724 middleware Request POST /cart/clear/ by Anonymous in 1.69 ms | groups=Anonymous | status=302
INFO 2026-10-05 15:07:55,730 middleware Request POST /checkout/ by Anonymous in 1.19 ms | groups=Anonymous | status=400
WARNING 2026-10-05 15:07:55,732 log Bad Request: /checkout/
INFO 2026-10-05 15:07:55,740 middleware Request POST /cart/add/1/ by Anonymous in 2.14 ms | groups=Anonymous | status=302
INFO 2026-10-05 15:07:55,747 middleware Request POST /checkout/ by Anonymous in 6.67 ms | groups=Anonymous | status=302
INFO 2026-10-05 15:07:55,758 middleware Request POST /cart/add/1/ by Anonymous in 2.23 ms | groups=Anonymous | status=302
INFO 2026-10-05 15:07:55,760 middleware Request POST /checkout/ by Anonymous in 0.83 ms | groups=Anonymous | status=400
WARNING 2026-10-05 15:07:55,760 log Bad Request: /checkout/
INFO 2026-10-05 15:07:55,767 middleware Request GET /checkout/success/ by Anonymous in 1.71 ms | groups=Anonymous | status=200
INFO 2026-10-05 15:07:55,772 middleware Request GET /checkout/cancel/ by Anonymous in 0.32 ms | groups=Anonymous | status=200
INFO 2026-10-05 15:07:55,783 middleware Request GET /async/ by Anonymous in 6.88 ms | groups=Anonymous | status=200
INFO 2026-10-05 15:07:55,790 middleware Request GET /async/1/ by Anonymous in 2.92 ms | groups=Anonymous | status=200
INFO 2026-10-05 15:07:55,799 middleware Request GET /async/cart/ by Anonymous in 3.69 ms | groups=Anonymous | status=200
INFO 2026-10-05 15:07:56,320 middleware Request POST /users/register/ by Anonymous in 516.89 ms | groups=Anonymous | status=302
INFO 2026-10-05 15:07:56,324 middleware Request GET /users/login/ by Anonymous in 3.39 ms | groups=Anonymous | status=200
INFO 2026-10-05 15:07:56,348 middleware Request GET /admin/login/ by Anonymous in 20.09 ms | groups=Anonymous | status=200
INFO 2026-10-05 15:07:56,356 middleware Request GET / by Anonymous in 2.75 ms | groups=Anonymous | status=200
INFO 2026-10-05 15:07:56,362 middleware Request POST /cart/add/1/ by Anonymous in 2.17 ms | groups=Anonymous | status=302
INFO 2026-10-05 15:07:56,370 middleware Request POST /checkout/ by Anonymous in 6.74 ms | groups=Anonymous | status=302
INFO 2026-10-05 15:07:59,454 middleware Request GET / by Anonymous in 3.07 ms | groups=Anonymous | status=200
INFO 2026-10-05 15:07:59,462 middleware Request GET / by Anonymous in 2.97 ms | groups=Anonymous | status=200
INFO 2026-10-05 15:07:59,471 middleware Request GET /1/ by Anonymous in 3.7 ms | groups=Anonymous | status=200
INFO 2026-10-05 15:07:59,477 middleware Request POST /cart/add/1/ by Anonymous in 1.93 ms | groups=Anonymous | status=302
INFO 2026-10-05 15:07:59,486 middleware Request POST /cart/add/1/ by Anonymous in 3.0 ms | groups=Anonymous | status=302
INFO 2026-10-05 15:07:59,490 middleware Request POST /cart/remove/1/ by Anonymous in 2.34 ms | groups=Anonymous | status=302
INFO 2026-10-05 15:07:59,496 middleware Request POST /cart/add/1/ by Anonymous in 1.72 ms | groups=Anonymous | status=302
INFO 2026-10-05 15:07:59,498 middleware Request POST /cart/clear/ by Anonymous in 1.42 ms | groups=Anonymous | status=302
INFO 2026-10-05 15:07:59,505 middleware Request POST /cart/add/1/ by Anonymous in 2.08 ms | groups=Anonymous | status=302
INFO 2026-10-05 15:07:59,507 middleware Request GET /cart/ by Anonymous in 1.22 ms | groups=Anonymous | status=200
INFO 2026-10-05 15:07:59,513 middleware Request GET /async/ by Anonymous in 2.53 ms | groups=Anonymous | status=200
INFO 2026-10-05 15:07:59,522 middleware Request GET /async/1/ by Anonymous in 2.64 ms | groups=Anonymous | status=200
INFO 2026-10-05 15:07:59,531 middleware Request GET /async/cart/ by Anonymous in 3.02 ms | groups=Anonymous | status=200
INFO 2026-10-05 15:13:25,140 middleware Request GET /api/books/ by Anonymous in 16.22 ms | groups=Anonymous | status=200
INFO 2026-10-05 15:13:25,155 middleware Request GET /api/books/1/ by Anonymous in 7.79 ms | groups=Anonymous | status=200
INFO 2026-10-05 15:13:25,165 middleware Request GET /api/books/ by Anonymous in 4.73 ms | groups=Anonymous | status=200
INFO 2026-10-05 15:13:25,177 middleware Request GET /api/books/ by Anonymous in 5.33 ms | groups=Anonymous | status=200
INFO 2026-10-05 15:13:25,211 middleware Request GET /api/books/ by Anonymous in 16.53 ms | groups=Anonymous | status=200
INFO 2026-10-05 15:13:25,729 middleware Request POST /api/books/ by user-e1a1d683-0@example.com in 1.53 ms | groups= | status=403
WARNING 2026-10-05 15:13:25,730 log Forbidden: /api/books/
ERROR 2026-10-05 15:13:26,269 log Internal Server Error: /api/books/
Traceback (most recent call last):
  File "C:\Users\zenam\AppData\Local\Programs\Python\Python313\Lib\site-packages\django\db\backends\utils.py", line 105, in _execute
    return self.cursor.execute(sql, params)
           ~~~~~~~~~~~~~~~~~~~^^^^^^^^^^^^^
  File "C:\Users\zenam\AppData\Local\Programs\Python\Python313\Lib\site-packages\django\db\backends\sqlite3\base.py", line 359, in execute
    return super().execute(query, params)
           ~~~~~~~~~~~~~~~^^^^^^^^^^^^^^^
sqlite3.IntegrityError: NOT NULL constraint failed: books_book.category_id

The above exception was the direct cause of the following exception:

Traceback (most recent call last):
  File "C:\Users\zenam\AppData\Local\Programs\Python\Python313\Lib\site-packages\django\core\handlers\exception.py", line 55, in inner
    response = get_response(request)
  File "C:\Users\zenam\AppData\Local\Programs\Python\Python313\Lib\site-packages\django\core\handlers\base.py", line 198, in _get_response
    response = wrapped_callback(request, *callback_args, **callback_kwargs)
  File "C:\Users\zenam\AppData\Local\Programs\Python\Python313\Lib\site-packages\django\views\decorators\csrf.py", line 65, in _view_wrapper
    return view_func(request, *args, **kwargs)
  File "C:\Users\zenam\AppData\Local\Programs\Python\Python313\Lib\site-packages\rest_framework\viewsets.py", line 124, in view
    return self.dispatch(request, *args, **kwargs)
           ~~~~~~~~~~~~~^^^^^^^^^^^^^^^^^^^^^^^^^^
  File "C:\Users\zenam\AppData\Local\Programs\Python\Python313\Lib\site-packages\rest_framework\views.py", line 509, in dispatch
    response = self.handle_exception(exc)
  File "C:\Users\zenam\AppData\Local\Programs\Python\Python313\Lib\site-packages\rest_framework\views.py", line 469, in handle_exception
    self.raise_uncaught_exception(exc)
    ~~~~~~~~~~~~~~~~~~~~~~~~~~~~~^^^^^
  File "C:\Users\zenam\AppData\Local\Programs\Python\Python313\Lib\site-packages\rest_framework\views.py", line 480, in raise_uncaught_exception
    raise exc
  File "C:\Users\zenam\AppData\Local\Programs\Python\Python313\Lib\site-packages\rest_framework\views.py", line 506, in dispatch
    response = handler(request, *args, **kwargs)
  File "C:\Users\zenam\AppData\Local\Programs\Python\Python313\Lib\site-packages\rest_framework\mixins.py", line 19, in create
    self.perform_create(serializer)
    ~~~~~~~~~~~~~~~~~~~^^^^^^^^^^^^
  File "C:\Users\zenam\AppData\Local\Programs\Python\Python313\Lib\site-packages\rest_framework\mixins.py", line 24, in perform_create
    serializer.save()
    ~~~~~~~~~~~~~~~^^
  File "C:\Users\zenam\AppData\Local\Programs\Python\Python313\Lib\site-packages\rest_framework\serializers.py", line 208, in save
    self.instance = self.create(validated_data)
                    ~~~~~~~~~~~^^^^^^^^^^^^^^^^
  File "C:\Users\zenam\AppData\Local\Programs\Python\Python313\Lib\site-packages\rest_framework\serializers.py", line 989, in create
    instance = ModelClass._default_manager.create(**validated_data)
  File "C:\Users\zenam\AppData\Local\Programs\Python\Python313\Lib\site-packages\django\db\models\manager.py", line 87, in manager_method
    return getattr(self.get_queryset(), name)(*args, **kwargs)
           ~~~~~~~~~~~~~~~~~~~~~~~~~~~~~~~~~~^^^^^^^^^^^^^^^^^
  File "C:\Users\zenam\AppData\Local\Programs\Python\Python313\Lib\site-packages\django\db\models\query.py", line 669, in create
    obj.save(force_insert=True, using=self.db)
    ~~~~~~~~^^^^^^^^^^^^^^^^^^^^^^^^^^^^^^^^^^
  File "C:\Users\zenam\AppData\Local\Programs\Python\Python313\Lib\site-packages\django\db\models\base.py", line 874, in save
    self.save_base(
    ~~~~~~~~~~~~~~^
        using=using,
        ^^^^^^^^^^^^
    ...<2 lines>...
        update_fields=update_fields,
        ^^^^^^^^^^^^^^^^^^^^^^^^^^^^
    )
    ^
  File "C:\Users\zenam\AppData\Local\Programs\Python\Python313\Lib\site-packages\django\db\models\base.py", line 966, in save_base
    updated = self._save_table(
        raw,
    ...<4 lines>...
        update_fields,
    )
  File "C:\Users\zenam\AppData\Local\Programs\Python\Python313\Lib\site-packages\django\db\models\base.py", line 1169, in _save_table
    results = self._do_insert(
        cls._base_manager, using, insert_fields, returning_fields, raw
    )
  File "C:\Users\zenam\AppData\Local\Programs\Python\Python313\Lib\site-packages\django\db\models\base.py", line 1220, in _do_insert
    return manager._insert(
           ~~~~~~~~~~~~~~~^
        [self],
        ^^^^^^^
    ...<3 lines>...
        raw=raw,
        ^^^^^^^^
    )
    ^
  File "C:\Users\zenam\AppData\Local\Programs\Python\Python313\Lib\site-packages\django\db\models\manager.py", line 87, in manager_method
    return getattr(self.get_queryset(), name)(*args, **kwargs)
           ~~~~~~~~~~~~~~~~~~~~~~~~~~~~~~~~~~^^^^^^^^^^^^^^^^^
  File "C:\Users\zenam\AppData\Local\Programs\Python\Python313\Lib\site-packages\django\db\models\query.py", line 1918, in _insert
    return query.get_compiler(using=using).execute_sql(returning_fields)
           ~~~~~~~~~~~~~~~~~~~~~~~~~~~~~~~~~~~~~~~~~~~^^^^^^^^^^^^^^^^^^
  File "C:\Users\zenam\AppData\Local\Programs\Python\Python313\Lib\site-packages\django\db\models\sql\compiler.py", line 1925, in execute_sql
    cursor.execute(sql, params)
    ~~~~~~~~~~~~~~^^^^^^^^^^^^^
  File "C:\Users\zenam\AppData\Local\Programs\Python\Python313\Lib\site-packages\django\db\backends\utils.py", line 79, in execute
    return self._execute_with_wrappers(
           ~~~~~~~~~~~~~~~~~~~~~~~~~~~^
        sql, params, many=False, executor=self._execute
        ^^^^^^^^^^^^^^^^^^^^^^^^^^^^^^^^^^^^^^^^^^^^^^^
    )
    ^
  File "C:\Users\zenam\AppData\Local\Programs\Python\Python313\Lib\site-packages\django\db\backends\utils.py", line 92, in _execute_with_wrappers
    return executor(sql, params, many, context)
  File "C:\Users\zenam\AppData\Local\Programs\Python\Python313\Lib\site-packages\django\db\backends\utils.py", line 100, in _execute
    with self.db.wrap_database_errors:
         ^^^^^^^^^^^^^^^^^^^^^^^^^^^^
  File "C:\Users\zenam\AppData\Local\Programs\Python\Python313\Lib\site-packages\django\db\utils.py", line 94, in __exit__
    raise dj_exc_value.with_traceback(traceback) from exc_value
  File "C:\Users\zenam\AppData\Local\Programs\Python\Python313\Lib\site-packages\django\db\backends\utils.py", line 105, in _execute
    return self.cursor.execute(sql, params)
           ~~~~~~~~~~~~~~~~~~~^^^^^^^^^^^^^
  File "C:\Users\zenam\AppData\Local\Programs\Python\Python313\Lib\site-packages\django\db\backends\sqlite3\base.py", line 359, in execute
    return super().execute(query, params)
           ~~~~~~~~~~~~~~~^^^^^^^^^^^^^^^
django.db.utils.IntegrityError: NOT NULL constraint failed: books_book.category_id
ERROR 2026-10-05 15:13:26,278 log Internal Server Error: /api/books/
Traceback (most recent call last):
  File "C:\Users\zenam\AppData\Local\Programs\Python\Python313\Lib\site-packages\django\db\backends\utils.py", line 105, in _execute
    return self.cursor.execute(sql, params)
           ~~~~~~~~~~~~~~~~~~~^^^^^^^^^^^^^
  File "C:\Users\zenam\AppData\Local\Programs\Python\Python313\Lib\site-packages\django\db\backends\sqlite3\base.py", line 359, in execute
    return super().execute(query, params)
           ~~~~~~~~~~~~~~~^^^^^^^^^^^^^^^
sqlite3.IntegrityError: NOT NULL constraint failed: books_book.category_id

The above exception was the direct cause of the following exception:

Traceback (most recent call last):
  File "C:\Users\zenam\AppData\Local\Programs\Python\Python313\Lib\site-packages\django\core\handlers\exception.py", line 55, in inner
    response = get_response(request)
  File "C:\Users\zenam\AppData\Local\Programs\Python\Python313\Lib\site-packages\django\core\handlers\base.py", line 198, in _get_response
    response = wrapped_callback(request, *callback_args, **callback_kwargs)
  File "C:\Users\zenam\AppData\Local\Programs\Python\Python313\Lib\site-packages\django\views\decorators\csrf.py", line 65, in _view_wrapper
    return view_func(request, *args, **kwargs)
  File "C:\Users\zenam\AppData\Local\Programs\Python\Python313\Lib\site-packages\rest_framework\viewsets.py", line 124, in view
    return self.dispatch(request, *args, **kwargs)
           ~~~~~~~~~~~~~^^^^^^^^^^^^^^^^^^^^^^^^^^
  File "C:\Users\zenam\AppData\Local\Programs\Python\Python313\Lib\site-packages\rest_framework\views.py", line 509, in dispatch
    response = self.handle_exception(exc)
  File "C:\Users\zenam\AppData\Local\Programs\Python\Python313\Lib\site-packages\rest_framework\views.py", line 469, in handle_exception
    self.raise_uncaught_exception(exc)
    ~~~~~~~~~~~~~~~~~~~~~~~~~~~~~^^^^^
  File "C:\Users\zenam\AppData\Local\Programs\Python\Python313\Lib\site-packages\rest_framework\views.py", line 480, in raise_uncaught_exception
    raise exc
  File "C:\Users\zenam\AppData\Local\Programs\Python\Python313\Lib\site-packages\rest_framework\views.py", line 506, in dispatch
    response = handler(request, *args, **kwargs)
  File "C:\Users\zenam\AppData\Local\Programs\Python\Python313\Lib\site-packages\rest_framework\mixins.py", line 19, in create
    self.perform_create(serializer)
    ~~~~~~~~~~~~~~~~~~~^^^^^^^^^^^^
  File "C:\Users\zenam\AppData\Local\Programs\Python\Python313\Lib\site-packages\rest_framework\mixins.py", line 24, in perform_create
    serializer.save()
    ~~~~~~~~~~~~~~~^^
  File "C:\Users\zenam\AppData\Local\Programs\Python\Python313\Lib\site-packages\rest_framework\serializers.py", line 208, in save
    self.instance = self.create(validated_data)
                    ~~~~~~~~~~~^^^^^^^^^^^^^^^^
  File "C:\Users\zenam\AppData\Local\Programs\Python\Python313\Lib\site-packages\rest_framework\serializers.py", line 989, in create
    instance = ModelClass._default_manager.create(**validated_data)
  File "C:\Users\zenam\AppData\Local\Programs\Python\Python313\Lib\site-packages\django\db\models\manager.py", line 87, in manager_method
    return getattr(self.get_queryset(), name)(*args, **kwargs)
           ~~~~~~~~~~~~~~~~~~~~~~~~~~~~~~~~~~^^^^^^^^^^^^^^^^^
  File "C:\Users\zenam\AppData\Local\Programs\Python\Python313\Lib\site-packages\django\db\models\query.py", line 669, in create
    obj.save(force_insert=True, using=self.db)
    ~~~~~~~~^^^^^^^^^^^^^^^^^^^^^^^^^^^^^^^^^^
  File "C:\Users\zenam\AppData\Local\Programs\Python\Python313\Lib\site-packages\django\db\models\base.py", line 874, in save
    self.save_base(
    ~~~~~~~~~~~~~~^
        using=using,
        ^^^^^^^^^^^^
    ...<2 lines>...
        update_fields=update_fields,
        ^^^^^^^^^^^^^^^^^^^^^^^^^^^^
    )
    ^
  File "C:\Users\zenam\AppData\Local\Programs\Python\Python313\Lib\site-packages\django\db\models\base.py", line 966, in save_base
    updated = self._save_table(
        raw,
    ...<4 lines>...
        update_fields,
    )
  File "C:\Users\zenam\AppData\Local\Programs\Python\Python313\Lib\site-packages\django\db\models\base.py", line 1169, in _save_table
    results = self._do_insert(
        cls._base_manager, using, insert_fields, returning_fields, raw
    )
  File "C:\Users\zenam\AppData\Local\Programs\Python\Python313\Lib\site-packages\django\db\models\base.py", line 1220, in _do_insert
    return manager._insert(
           ~~~~~~~~~~~~~~~^
        [self],
        ^^^^^^^
    ...<3 lines>...
        raw=raw,
        ^^^^^^^^
    )
    ^
  File "C:\Users\zenam\AppData\Local\Programs\Python\Python313\Lib\site-packages\django\db\models\manager.py", line 87, in manager_method
    return getattr(self.get_queryset(), name)(*args, **kwargs)
           ~~~~~~~~~~~~~~~~~~~~~~~~~~~~~~~~~~^^^^^^^^^^^^^^^^^
  File "C:\Users\zenam\AppData\Local\Programs\Python\Python313\Lib\site-packages\django\db\models\query.py", line 1918, in _insert
    return query.get_compiler(using=using).execute_sql(returning_fields)
           ~~~~~~~~~~~~~~~~~~~~~~~~~~~~~~~~~~~~~~~~~~~^^^^^^^^^^^^^^^^^^
  File "C:\Users\zenam\AppData\Local\Programs\Python\Python313\Lib\site-packages\django\db\models\sql\compiler.py", line 1925, in execute_sql
    cursor.execute(sql, params)
    ~~~~~~~~~~~~~~^^^^^^^^^^^^^
  File "C:\Users\zenam\AppData\Local\Programs\Python\Python313\Lib\site-packages\django\db\backends\utils.py", line 79, in execute
    return self._execute_with_wrappers(
           ~~~~~~~~~~~~~~~~~~~~~~~~~~~^
        sql, params, many=False, executor=self._execute
        ^^^^^^^^^^^^^^^^^^^^^^^^^^^^^^^^^^^^^^^^^^^^^^^
    )
    ^
  File "C:\Users\zenam\AppData\Local\Programs\Python\Python313\Lib\site-packages\django\db\backends\utils.py", line 92, in _execute_with_wrappers
    return executor(sql, params, many, context)
  File "C:\Users\zenam\AppData\Local\Programs\Python\Python313\Lib\site-packages\django\db\backends\utils.py", line 100, in _execute
    with self.db.wrap_database_errors:
         ^^^^^^^^^^^^^^^^^^^^^^^^^^^^
  File "C:\Users\zenam\AppData\Local\Programs\Python\Python313\Lib\site-packages\django\db\utils.py", line 94, in __exit__
    raise dj_exc_value.with_traceback(traceback) from exc_value
  File "C:\Users\zenam\AppData\Local\Programs\Python\Python313\Lib\site-packages\django\db\backends\utils.py", line 105, in _execute
    return self.cursor.execute(sql, params)
           ~~~~~~~~~~~~~~~~~~~^^^^^^^^^^^^^
  File "C:\Users\zenam\AppData\Local\Programs\Python\Python313\Lib\site-packages\django\db\backends\sqlite3\base.py", line 359, in execute
    return super().execute(query, params)
           ~~~~~~~~~~~~~~~^^^^^^^^^^^^^^^
django.db.utils.IntegrityError: NOT NULL constraint failed: books_book.category_id

The above exception was the direct cause of the following exception:

Traceback (most recent call last):
  File "C:\Users\zenam\AppData\Local\Programs\Python\Python313\Lib\site-packages\django\core\handlers\exception.py", line 55, in inner
    response = get_response(request)
  File "C:\Users\zenam\django_flask_env\bookstore\middleware.py", line 17, in __call__
    groups = ', '.join(sorted(group.name for group in getattr(request.user, 'groups', []).all())) if request.user.is_authenticated else 'Anonymous'
                                                      ~~~~~~~~~~~~~~~~~~~~~~~~~~~~~~~~~~~~~~~^^
  File "C:\Users\zenam\AppData\Local\Programs\Python\Python313\Lib\site-packages\django\db\models\query.py", line 390, in __iter__
    self._fetch_all()
    ~~~~~~~~~~~~~~~^^
  File "C:\Users\zenam\AppData\Local\Programs\Python\Python313\Lib\site-packages\django\db\models\query.py", line 2000, in _fetch_all
    self._result_cache = list(self._iterable_class(self))
                         ~~~~^^^^^^^^^^^^^^^^^^^^^^^^^^^^
  File "C:\Users\zenam\AppData\Local\Programs\Python\Python313\Lib\site-packages\django\db\models\query.py", line 95, in __iter__
    results = compiler.execute_sql(
        chunked_fetch=self.chunked_fetch, chunk_size=self.chunk_size
    )
  File "C:\Users\zenam\AppData\Local\Programs\Python\Python313\Lib\site-packages\django\db\models\sql\compiler.py", line 1624, in execute_sql
    cursor.execute(sql, params)
    ~~~~~~~~~~~~~~^^^^^^^^^^^^^
  File "C:\Users\zenam\AppData\Local\Programs\Python\Python313\Lib\site-packages\django\db\backends\utils.py", line 79, in execute
    return self._execute_with_wrappers(
           ~~~~~~~~~~~~~~~~~~~~~~~~~~~^
        sql, params, many=False, executor=self._execute
        ^^^^^^^^^^^^^^^^^^^^^^^^^^^^^^^^^^^^^^^^^^^^^^^
    )
    ^
  File "C:\Users\zenam\AppData\Local\Programs\Python\Python313\Lib\site-packages\django\db\backends\utils.py", line 92, in _execute_with_wrappers
    return executor(sql, params, many, context)
  File "C:\Users\zenam\AppData\Local\Programs\Python\Python313\Lib\site-packages\django\db\backends\utils.py", line 99, in _execute
    self.db.validate_no_broken_transaction()
    ~~~~~~~~~~~~~~~~~~~~~~~~~~~~~~~~~~~~~~^^
  File "C:\Users\zenam\AppData\Local\Programs\Python\Python313\Lib\site-packages\django\db\backends\base\base.py", line 521, in validate_no_broken_transaction
    raise TransactionManagementError(
    ...<2 lines>...
    ) from self.rollback_exc
django.db.transaction.TransactionManagementError: An error occurred in the current transaction. You can't execute queries until the end of the 'atomic' block.
INFO 2026-10-05 15:13:27,683 middleware Request PATCH /api/books/1/ by user-ed0f5ff6-2@example.com in 5.37 ms | groups= | status=200
INFO 2026-10-05 15:13:28,191 middleware Request DELETE /api/books/1/ by user-de0462ad-3@example.com in 3.86 ms | groups= | status=204
INFO 2026-10-05 15:13:28,202 middleware Request GET /api/categories/ by Anonymous in 4.47 ms | groups=Anonymous | status=200
INFO 2026-10-05 15:13:28,211 middleware Request GET /api/categories/1/ by Anonymous in 3.87 ms | groups=Anonymous | status=200
INFO 2026-10-05 15:13:28,713 middleware Request POST /api/categories/ by user-6f05ce58-4@example.com in 3.01 ms | groups= | status=201
INFO 2026-10-05 15:13:29,215 middleware Request PATCH /api/categories/1/ by user-ffd9fd64-5@example.com in 3.7 ms | groups= | status=200
INFO 2026-10-05 15:13:30,235 middleware Request GET /api/orders/ by user-773ddb8b-6@example.com in 12.31 ms | groups= | status=200
INFO 2026-10-05 15:13:31,762 middleware Request GET /api/orders/ by user-acb8b095-8@example.com in 4.8 ms | groups= | status=200
INFO 2026-10-05 15:13:32,275 middleware Request GET /api/orders/1/ by user-77c5c822-11@example.com in 5.85 ms | groups= | status=200
INFO 2026-10-05 15:13:33,293 middleware Request GET /api/orders/1/ by user-027488b3-12@example.com in 2.56 ms | groups= | status=404
WARNING 2026-10-05 15:13:33,293 log Not Found: /api/orders/1/
ERROR 2026-10-05 15:13:33,863 log Internal Server Error: /api/orders/
Traceback (most recent call last):
  File "C:\Users\zenam\AppData\Local\Programs\Python\Python313\Lib\site-packages\django\core\handlers\exception.py", line 55, in inner
    response = get_response(request)
  File "C:\Users\zenam\AppData\Local\Programs\Python\Python313\Lib\site-packages\django\core\handlers\base.py", line 198, in _get_response
    response = wrapped_callback(request, *callback_args, **callback_kwargs)
  File "C:\Users\zenam\AppData\Local\Programs\Python\Python313\Lib\site-packages\django\views\decorators\csrf.py", line 65, in _view_wrapper
    return view_func(request, *args, **kwargs)
  File "C:\Users\zenam\AppData\Local\Programs\Python\Python313\Lib\site-packages\rest_framework\viewsets.py", line 124, in view
    return self.dispatch(request, *args, **kwargs)
           ~~~~~~~~~~~~~^^^^^^^^^^^^^^^^^^^^^^^^^^
  File "C:\Users\zenam\AppData\Local\Programs\Python\Python313\Lib\site-packages\rest_framework\views.py", line 509, in dispatch
    response = self.handle_exception(exc)
  File "C:\Users\zenam\AppData\Local\Programs\Python\Python313\Lib\site-packages\rest_framework\views.py", line 469, in handle_exception
    self.raise_uncaught_exception(exc)
    ~~~~~~~~~~~~~~~~~~~~~~~~~~~~~^^^^^
  File "C:\Users\zenam\AppData\Local\Programs\Python\Python313\Lib\site-packages\rest_framework\views.py", line 480, in raise_uncaught_exception
    raise exc
  File "C:\Users\zenam\AppData\Local\Programs\Python\Python313\Lib\site-packages\rest_framework\views.py", line 506, in dispatch
    response = handler(request, *args, **kwargs)
  File "C:\Users\zenam\AppData\Local\Programs\Python\Python313\Lib\site-packages\rest_framework\mixins.py", line 20, in create
    headers = self.get_success_headers(serializer.data)
                                       ^^^^^^^^^^^^^^^
  File "C:\Users\zenam\AppData\Local\Programs\Python\Python313\Lib\site-packages\rest_framework\serializers.py", line 571, in data
    ret = super().data
          ^^^^^^^^^^^^
  File "C:\Users\zenam\AppData\Local\Programs\Python\Python313\Lib\site-packages\rest_framework\serializers.py", line 249, in data
    self._data = self.to_representation(self.instance)
                 ~~~~~~~~~~~~~~~~~~~~~~^^^^^^^^^^^^^^^
  File "C:\Users\zenam\AppData\Local\Programs\Python\Python313\Lib\site-packages\rest_framework\serializers.py", line 538, in to_representation
    ret[field.field_name] = field.to_representation(attribute)
                            ~~~~~~~~~~~~~~~~~~~~~~~^^^^^^^^^^^
  File "C:\Users\zenam\AppData\Local\Programs\Python\Python313\Lib\site-packages\rest_framework\serializers.py", line 714, in to_representation
    self.child.to_representation(item) for item in iterable
    ~~~~~~~~~~~~~~~~~~~~~~~~~~~~^^^^^^
  File "C:\Users\zenam\AppData\Local\Programs\Python\Python313\Lib\site-packages\rest_framework\serializers.py", line 523, in to_representation
    for field in fields:
                 ^^^^^^
  File "C:\Users\zenam\AppData\Local\Programs\Python\Python313\Lib\site-packages\rest_framework\serializers.py", line 384, in _readable_fields
    for field in self.fields.values():
                 ^^^^^^^^^^^
  File "C:\Users\zenam\AppData\Local\Programs\Python\Python313\Lib\site-packages\django\utils\functional.py", line 47, in __get__
    res = instance.__dict__[self.name] = self.func(instance)
                                         ~~~~~~~~~^^^^^^^^^^
  File "C:\Users\zenam\AppData\Local\Programs\Python\Python313\Lib\site-packages\rest_framework\serializers.py", line 373, in fields
    fields[key] = value
    ~~~~~~^^^^^
  File "C:\Users\zenam\AppData\Local\Programs\Python\Python313\Lib\site-packages\rest_framework\utils\serializer_helpers.py", line 167, in __setitem__
    field.bind(field_name=key, parent=self.serializer)
    ~~~~~~~~~~^^^^^^^^^^^^^^^^^^^^^^^^^^^^^^^^^^^^^^^^
  File "C:\Users\zenam\AppData\Local\Programs\Python\Python313\Lib\site-packages\rest_framework\fields.py", line 358, in bind
    assert self.source != field_name, (
           ^^^^^^^^^^^^^^^^^^^^^^^^^
AssertionError: It is redundant to specify `source='subtotal'` on field 'DecimalField' in serializer 'OrderItemSerializer', because it is the same as the field name. Remove the `source` keyword argument.
INFO 2026-10-05 15:13:33,869 middleware Request POST /api/orders/ by user-30d88723-14@example.com in 53.54 ms | groups= | status=500
ERROR 2026-10-05 15:13:34,703 log Internal Server Error: /api/orders/1/
Traceback (most recent call last):
  File "C:\Users\zenam\AppData\Local\Programs\Python\Python313\Lib\site-packages\django\core\handlers\exception.py", line 55, in inner
    response = get_response(request)
  File "C:\Users\zenam\AppData\Local\Programs\Python\Python313\Lib\site-packages\django\core\handlers\base.py", line 198, in _get_response
    response = wrapped_callback(request, *callback_args, **callback_kwargs)
  File "C:\Users\zenam\AppData\Local\Programs\Python\Python313\Lib\site-packages\django\views\decorators\csrf.py", line 65, in _view_wrapper
    return view_func(request, *args, **kwargs)
  File "C:\Users\zenam\AppData\Local\Programs\Python\Python313\Lib\site-packages\rest_framework\viewsets.py", line 124, in view
    return self.dispatch(request, *args, **kwargs)
           ~~~~~~~~~~~~~^^^^^^^^^^^^^^^^^^^^^^^^^^
  File "C:\Users\zenam\AppData\Local\Programs\Python\Python313\Lib\site-packages\rest_framework\views.py", line 509, in dispatch
    response = self.handle_exception(exc)
  File "C:\Users\zenam\AppData\Local\Programs\Python\Python313\Lib\site-packages\rest_framework\views.py", line 469, in handle_exception
    self.raise_uncaught_exception(exc)
    ~~~~~~~~~~~~~~~~~~~~~~~~~~~~~^^^^^
  File "C:\Users\zenam\AppData\Local\Programs\Python\Python313\Lib\site-packages\rest_framework\views.py", line 480, in raise_uncaught_exception
    raise exc
  File "C:\Users\zenam\AppData\Local\Programs\Python\Python313\Lib\site-packages\rest_framework\views.py", line 506, in dispatch
    response = handler(request, *args, **kwargs)
  File "C:\Users\zenam\AppData\Local\Programs\Python\Python313\Lib\site-packages\rest_framework\mixins.py", line 56, in retrieve
    return Response(serializer.data)
                    ^^^^^^^^^^^^^^^
  File "C:\Users\zenam\AppData\Local\Programs\Python\Python313\Lib\site-packages\rest_framework\serializers.py", line 571, in data
    ret = super().data
          ^^^^^^^^^^^^
  File "C:\Users\zenam\AppData\Local\Programs\Python\Python313\Lib\site-packages\rest_framework\serializers.py", line 249, in data
    self._data = self.to_representation(self.instance)
                 ~~~~~~~~~~~~~~~~~~~~~~^^^^^^^^^^^^^^^
  File "C:\Users\zenam\AppData\Local\Programs\Python\Python313\Lib\site-packages\rest_framework\serializers.py", line 538, in to_representation
    ret[field.field_name] = field.to_representation(attribute)
                            ~~~~~~~~~~~~~~~~~~~~~~~^^^^^^^^^^^
  File "C:\Users\zenam\AppData\Local\Programs\Python\Python313\Lib\site-packages\rest_framework\serializers.py", line 714, in to_representation
    self.child.to_representation(item) for item in iterable
    ~~~~~~~~~~~~~~~~~~~~~~~~~~~~^^^^^^
  File "C:\Users\zenam\AppData\Local\Programs\Python\Python313\Lib\site-packages\rest_framework\serializers.py", line 523, in to_representation
    for field in fields:
                 ^^^^^^
  File "C:\Users\zenam\AppData\Local\Programs\Python\Python313\Lib\site-packages\rest_framework\serializers.py", line 384, in _readable_fields
    for field in self.fields.values():
                 ^^^^^^^^^^^
  File "C:\Users\zenam\AppData\Local\Programs\Python\Python313\Lib\site-packages\django\utils\functional.py", line 47, in __get__
    res = instance.__dict__[self.name] = self.func(instance)
                                         ~~~~~~~~~^^^^^^^^^^
  File "C:\Users\zenam\AppData\Local\Programs\Python\Python313\Lib\site-packages\rest_framework\serializers.py", line 373, in fields
    fields[key] = value
    ~~~~~~^^^^^
  File "C:\Users\zenam\AppData\Local\Programs\Python\Python313\Lib\site-packages\rest_framework\utils\serializer_helpers.py", line 167, in __setitem__
    field.bind(field_name=key, parent=self.serializer)
    ~~~~~~~~~~^^^^^^^^^^^^^^^^^^^^^^^^^^^^^^^^^^^^^^^^
  File "C:\Users\zenam\AppData\Local\Programs\Python\Python313\Lib\site-packages\rest_framework\fields.py", line 358, in bind
    assert self.source != field_name, (
           ^^^^^^^^^^^^^^^^^^^^^^^^^
AssertionError: It is redundant to specify `source='subtotal'` on field 'DecimalField' in serializer 'OrderItemSerializer', because it is the same as the field name. Remove the `source` keyword argument.
INFO 2026-10-05 15:13:34,706 middleware Request GET /api/orders/1/ by user-a6c8db4b-15@example.com in 8.37 ms | groups= | status=500
INFO 2026-10-05 15:13:35,033 middleware Request GET /api/cart/ by Anonymous in 2.99 ms | groups=Anonymous | status=200
INFO 2026-10-05 15:13:35,043 middleware Request POST /api/cart/add-item/ by Anonymous in 3.19 ms | groups=Anonymous | status=200
INFO 2026-10-05 15:13:35,054 middleware Request POST /api/cart/remove-item/ by Anonymous in 3.03 ms | groups=Anonymous | status=200
INFO 2026-10-05 15:13:35,064 middleware Request POST /api/cart/clear/ by Anonymous in 2.5 ms | groups=Anonymous | status=200
INFO 2026-10-05 15:13:36,753 middleware Request GET /api/docs/ by Anonymous in 13.51 ms | groups=Anonymous | status=200
INFO 2026-10-05 15:13:36,760 middleware Request GET /api/books/ by Anonymous in 2.79 ms | groups=Anonymous | status=200
INFO 2026-10-05 15:13:36,765 middleware Request GET /api/orders/ by Anonymous in 0.78 ms | groups=Anonymous | status=401
WARNING 2026-10-05 15:13:36,765 log Unauthorized: /api/orders/
INFO 2026-10-05 15:13:37,287 middleware Request GET /api/orders/ by user-83638481-19@example.com in 7.32 ms | groups= | status=200
INFO 2026-10-05 15:13:37,807 middleware Request PATCH /api/orders/1/ by user-25ffa6e2-20@example.com in 7.71 ms | groups= | status=200
INFO 2026-10-05 15:13:39,844 middleware Request GET /api/orders/ by user-c6c9515b-21@example.com in 5.83 ms | groups= | status=200
INFO 2026-10-05 15:14:18,884 middleware Request GET /api/books/ by Anonymous in 19.02 ms | groups=Anonymous | status=200
INFO 2026-10-05 15:14:18,896 middleware Request GET /api/books/1/ by Anonymous in 4.47 ms | groups=Anonymous | status=200
INFO 2026-10-05 15:14:18,907 middleware Request GET /api/books/ by Anonymous in 5.08 ms | groups=Anonymous | status=200
INFO 2026-10-05 15:14:18,919 middleware Request GET /api/books/ by Anonymous in 6.61 ms | groups=Anonymous | status=200
INFO 2026-10-05 15:14:18,976 middleware Request GET /api/books/ by Anonymous in 38.76 ms | groups=Anonymous | status=200
INFO 2026-10-05 15:14:19,490 middleware Request POST /api/books/ by user-09409c8e-0@example.com in 0.73 ms | groups= | status=403
WARNING 2026-10-05 15:14:19,491 log Forbidden: /api/books/
INFO 2026-10-05 15:14:20,000 middleware Request POST /api/books/ by user-1e86b1d3-1@example.com in 4.83 ms | groups= | status=201
INFO 2026-10-05 15:14:20,510 middleware Request PATCH /api/books/1/ by user-1136d341-2@example.com in 5.49 ms | groups= | status=200
INFO 2026-10-05 15:14:21,012 middleware Request DELETE /api/books/1/ by user-b5cb9c08-3@example.com in 3.84 ms | groups= | status=204
INFO 2026-10-05 15:14:21,021 middleware Request GET /api/categories/ by Anonymous in 3.49 ms | groups=Anonymous | status=200
INFO 2026-10-05 15:14:21,030 middleware Request GET /api/categories/1/ by Anonymous in 3.28 ms | groups=Anonymous | status=200
INFO 2026-10-05 15:14:21,566 middleware Request POST /api/categories/ by user-ef03dad5-4@example.com in 3.01 ms | groups= | status=201
INFO 2026-10-05 15:14:22,087 middleware Request PATCH /api/categories/1/ by user-46bbf37f-5@example.com in 4.45 ms | groups= | status=200
INFO 2026-10-05 15:14:23,124 middleware Request GET /api/orders/ by user-d3a5482a-6@example.com in 10.16 ms | groups= | status=200
INFO 2026-10-05 15:14:24,679 middleware Request GET /api/orders/ by user-80bbe88d-8@example.com in 5.64 ms | groups= | status=200
INFO 2026-10-05 15:14:25,198 middleware Request GET /api/orders/1/ by user-c4b1f492-11@example.com in 3.57 ms | groups= | status=200
INFO 2026-10-05 15:14:26,233 middleware Request GET /api/orders/1/ by user-7dc0758d-12@example.com in 3.36 ms | groups= | status=200
INFO 2026-10-05 15:14:27,023 middleware Request POST /api/orders/ by user-2d179810-14@example.com in 52.19 ms | groups= | status=201
INFO 2026-10-05 15:14:27,544 middleware Request GET /api/orders/1/ by user-36d98f33-15@example.com in 5.46 ms | groups= | status=200
INFO 2026-10-05 15:14:27,552 middleware Request GET /api/cart/ by Anonymous in 2.25 ms | groups=Anonymous | status=200
INFO 2026-10-05 15:14:27,561 middleware Request POST /api/cart/add-item/ by Anonymous in 3.63 ms | groups=Anonymous | status=200
INFO 2026-10-05 15:14:27,570 middleware Request POST /api/cart/remove-item/ by Anonymous in 2.52 ms | groups=Anonymous | status=200
INFO 2026-10-05 15:14:27,577 middleware Request POST /api/cart/clear/ by Anonymous in 1.78 ms | groups=Anonymous | status=200
INFO 2026-10-05 15:14:29,223 middleware Request GET /api/docs/ by Anonymous in 26.3 ms | groups=Anonymous | status=200
INFO 2026-10-05 15:14:29,230 middleware Request GET /api/books/ by Anonymous in 2.85 ms | groups=Anonymous | status=200
INFO 2026-10-05 15:14:29,239 middleware Request GET /api/orders/ by Anonymous in 2.88 ms | groups=Anonymous | status=401
WARNING 2026-10-05 15:14:29,240 log Unauthorized: /api/orders/
INFO 2026-10-05 15:14:29,760 middleware Request GET /api/orders/ by user-b6f6d945-19@example.com in 4.97 ms | groups= | status=200
INFO 2026-10-05 15:14:30,287 middleware Request PATCH /api/orders/1/ by user-0c6b4aae-20@example.com in 6.22 ms | groups= | status=200
INFO 2026-10-05 15:14:32,307 middleware Request GET /api/orders/ by user-65807f20-21@example.com in 6.09 ms | groups= | status=200
INFO 2026-10-05 15:15:01,710 middleware Request GET /api/books/ by Anonymous in 16.18 ms | groups=Anonymous | status=200
INFO 2026-10-05 15:15:01,723 middleware Request GET /api/books/1/ by Anonymous in 5.02 ms | groups=Anonymous | status=200
INFO 2026-10-05 15:15:01,734 middleware Request GET /api/books/ by Anonymous in 5.02 ms | groups=Anonymous | status=200
INFO 2026-10-05 15:15:01,746 middleware Request GET /api/books/ by Anonymous in 6.05 ms | groups=Anonymous | status=200
INFO 2026-10-05 15:15:01,803 middleware Request GET /api/books/ by Anonymous in 36.96 ms | groups=Anonymous | status=200
INFO 2026-10-05 15:15:02,320 middleware Request POST /api/books/ by user-77f6c467-0@example.com in 1.29 ms | groups= | status=403
WARNING 2026-10-05 15:15:02,322 log Forbidden: /api/books/
INFO 2026-10-05 15:15:02,843 middleware Request POST /api/books/ by user-dc323544-1@example.com in 4.97 ms | groups= | status=201
INFO 2026-10-05 15:15:03,391 middleware Request PATCH /api/books/1/ by user-1279048a-2@example.com in 6.71 ms | groups= | status=200
INFO 2026-10-05 15:15:03,904 middleware Request DELETE /api/books/1/ by user-3e58aa0f-3@example.com in 3.56 ms | groups= | status=204
INFO 2026-10-05 15:15:03,913 middleware Request GET /api/categories/ by Anonymous in 3.26 ms | groups=Anonymous | status=200
INFO 2026-10-05 15:15:03,923 middleware Request GET /api/categories/1/ by Anonymous in 3.5 ms | groups=Anonymous | status=200
INFO 2026-10-05 15:15:04,431 middleware Request POST /api/categories/ by user-8d479244-4@example.com in 3.05 ms | groups= | status=201
INFO 2026-10-05 15:15:04,939 middleware Request PATCH /api/categories/1/ by user-24599884-5@example.com in 4.49 ms | groups= | status=200
INFO 2026-10-05 15:15:05,949 middleware Request GET /api/orders/ by user-eb805eab-6@example.com in 10.8 ms | groups= | status=200
INFO 2026-10-05 15:15:07,485 middleware Request GET /api/orders/ by user-8fc718ed-8@example.com in 6.17 ms | groups= | status=200
INFO 2026-10-05 15:15:07,992 middleware Request GET /api/orders/1/ by user-76502c55-11@example.com in 3.42 ms | groups= | status=200
INFO 2026-10-05 15:15:09,009 middleware Request GET /api/orders/1/ by user-0c4eeb87-12@example.com in 2.4 ms | groups= | status=403
WARNING 2026-10-05 15:15:09,009 log Forbidden: /api/orders/1/
INFO 2026-10-05 15:15:09,574 middleware Request POST /api/orders/ by user-5a4a5506-14@example.com in 47.82 ms | groups= | status=201
INFO 2026-10-05 15:15:10,088 middleware Request GET /api/orders/1/ by user-5c128d51-15@example.com in 6.67 ms | groups= | status=200
INFO 2026-10-05 15:15:10,095 middleware Request GET /api/cart/ by Anonymous in 1.8 ms | groups=Anonymous | status=200
INFO 2026-10-05 15:15:10,103 middleware Request POST /api/cart/add-item/ by Anonymous in 2.81 ms | groups=Anonymous | status=200
INFO 2026-10-05 15:15:10,112 middleware Request POST /api/cart/remove-item/ by Anonymous in 2.28 ms | groups=Anonymous | status=200
INFO 2026-10-05 15:15:10,119 middleware Request POST /api/cart/clear/ by Anonymous in 1.88 ms | groups=Anonymous | status=200
INFO 2026-10-05 15:15:11,146 middleware Request POST /api/token/ by Anonymous in 517.78 ms | groups=Anonymous | status=200
INFO 2026-10-05 15:15:12,161 middleware Request POST /api/token/ by Anonymous in 508.53 ms | groups=Anonymous | status=200
INFO 2026-10-05 15:15:12,164 middleware Request POST /api/token/refresh/ by Anonymous in 1.53 ms | groups=Anonymous | status=200
INFO 2026-10-05 15:15:13,180 middleware Request POST /api/token/ by Anonymous in 505.84 ms | groups=Anonymous | status=200
INFO 2026-10-05 15:15:13,187 middleware Request POST /api/token/verify/ by Anonymous in 1.36 ms | groups=Anonymous | status=200
INFO 2026-10-05 15:15:13,218 middleware Request GET /api/docs/ by Anonymous in 27.22 ms | groups=Anonymous | status=200
INFO 2026-10-05 15:15:13,226 middleware Request GET /api/books/ by Anonymous in 2.84 ms | groups=Anonymous | status=200
INFO 2026-10-05 15:15:13,231 middleware Request GET /api/orders/ by Anonymous in 0.78 ms | groups=Anonymous | status=401
WARNING 2026-10-05 15:15:13,231 log Unauthorized: /api/orders/
INFO 2026-10-05 15:15:13,772 middleware Request GET /api/orders/ by user-589c1798-19@example.com in 6.52 ms | groups= | status=200
INFO 2026-10-05 15:15:14,297 middleware Request PATCH /api/orders/1/ by user-13362384-20@example.com in 5.42 ms | groups= | status=200
INFO 2026-10-05 15:15:16,362 middleware Request GET /api/orders/ by user-bbb63eec-21@example.com in 6.13 ms | groups= | status=200
INFO 2026-10-05 15:15:38,909 middleware Request GET /api/books/ by Anonymous in 17.37 ms | groups=Anonymous | status=200
INFO 2026-10-05 15:15:38,923 middleware Request GET /api/books/1/ by Anonymous in 7.73 ms | groups=Anonymous | status=200
INFO 2026-10-05 15:15:38,934 middleware Request GET /api/books/ by Anonymous in 5.49 ms | groups=Anonymous | status=200
INFO 2026-10-05 15:15:38,947 middleware Request GET /api/books/ by Anonymous in 5.8 ms | groups=Anonymous | status=200
INFO 2026-10-05 15:15:39,008 middleware Request GET /api/books/ by Anonymous in 40.57 ms | groups=Anonymous | status=200
INFO 2026-10-05 15:15:39,538 middleware Request POST /api/books/ by user-1120b37f-0@example.com in 0.75 ms | groups= | status=403
WARNING 2026-10-05 15:15:39,539 log Forbidden: /api/books/
INFO 2026-10-05 15:15:40,054 middleware Request POST /api/books/ by user-d27690be-1@example.com in 5.03 ms | groups= | status=201
INFO 2026-10-05 15:15:40,591 middleware Request PATCH /api/books/1/ by user-7e8d6614-2@example.com in 6.12 ms | groups= | status=200
INFO 2026-10-05 15:15:41,087 middleware Request DELETE /api/books/1/ by user-07b30428-3@example.com in 3.59 ms | groups= | status=204
INFO 2026-10-05 15:15:41,096 middleware Request GET /api/categories/ by Anonymous in 3.35 ms | groups=Anonymous | status=200
INFO 2026-10-05 15:15:41,105 middleware Request GET /api/categories/1/ by Anonymous in 3.34 ms | groups=Anonymous | status=200
INFO 2026-10-05 15:15:41,639 middleware Request POST /api/categories/ by user-907d9aee-4@example.com in 3.24 ms | groups= | status=201
INFO 2026-10-05 15:15:42,144 middleware Request PATCH /api/categories/1/ by user-864eceeb-5@example.com in 3.14 ms | groups= | status=200
INFO 2026-10-05 15:15:43,176 middleware Request GET /api/orders/ by user-79b12010-6@example.com in 17.34 ms | groups= | status=200
INFO 2026-10-05 15:15:45,155 middleware Request GET /api/orders/ by user-14ed6c02-8@example.com in 9.25 ms | groups= | status=200
INFO 2026-10-05 15:15:45,676 middleware Request GET /api/orders/1/ by user-e5d64460-11@example.com in 3.55 ms | groups= | status=200
INFO 2026-10-05 15:15:46,701 middleware Request GET /api/orders/1/ by user-8c656d21-12@example.com in 4.56 ms | groups= | status=403
WARNING 2026-10-05 15:15:46,701 log Forbidden: /api/orders/1/
INFO 2026-10-05 15:15:47,257 middleware Request POST /api/orders/ by user-28ac7354-14@example.com in 49.43 ms | groups= | status=201
INFO 2026-10-05 15:15:47,770 middleware Request GET /api/orders/1/ by user-a7bf1279-15@example.com in 6.93 ms | groups= | status=200
INFO 2026-10-05 15:15:47,783 middleware Request GET /api/cart/ by Anonymous in 3.44 ms | groups=Anonymous | status=200
INFO 2026-10-05 15:15:47,793 middleware Request POST /api/cart/add-item/ by Anonymous in 2.77 ms | groups=Anonymous | status=200
INFO 2026-10-05 15:15:47,803 middleware Request POST /api/cart/remove-item/ by Anonymous in 2.72 ms | groups=Anonymous | status=200
INFO 2026-10-05 15:15:47,811 middleware Request POST /api/cart/clear/ by Anonymous in 1.9 ms | groups=Anonymous | status=200
INFO 2026-10-05 15:15:48,855 middleware Request POST /api/token/ by Anonymous in 525.08 ms | groups=Anonymous | status=200
INFO 2026-10-05 15:15:49,870 middleware Request POST /api/token/ by Anonymous in 501.36 ms | groups=Anonymous | status=200
INFO 2026-10-05 15:15:49,872 middleware Request POST /api/token/refresh/ by Anonymous in 1.62 ms | groups=Anonymous | status=200
INFO 2026-10-05 15:15:50,888 middleware Request POST /api/token/ by Anonymous in 506.81 ms | groups=Anonymous | status=200
INFO 2026-10-05 15:15:50,890 middleware Request POST /api/token/verify/ by Anonymous in 1.3 ms | groups=Anonymous | status=200
INFO 2026-10-05 15:15:50,919 middleware Request GET /api/docs/ by Anonymous in 24.99 ms | groups=Anonymous | status=200
INFO 2026-10-05 15:15:50,927 middleware Request GET /api/books/ by Anonymous in 2.95 ms | groups=Anonymous | status=200
INFO 2026-10-05 15:15:50,932 middleware Request GET /api/orders/ by Anonymous in 0.8 ms | groups=Anonymous | status=401
WARNING 2026-10-05 15:15:50,932 log Unauthorized: /api/orders/
INFO 2026-10-05 15:15:51,454 middleware Request GET /api/orders/ by user-9b6baefc-19@example.com in 7.9 ms | groups= | status=200
INFO 2026-10-05 15:15:51,981 middleware Request PATCH /api/orders/1/ by user-e8b729d3-20@example.com in 5.1 ms | groups= | status=200
INFO 2026-10-05 15:15:54,016 middleware Request GET /api/orders/ by user-8730f00b-21@example.com in 5.0 ms | groups= | status=200
INFO 2026-10-05 15:15:57,617 middleware Request POST /users/register/ by Anonymous in 527.83 ms | groups=Anonymous | status=302
INFO 2026-10-05 15:15:57,629 middleware Request GET /users/login/ by Anonymous in 11.25 ms | groups=Anonymous | status=200
INFO 2026-10-05 15:15:59,163 middleware Request POST /users/login/ by loginuser@example.com in 506.73 ms | groups= | status=302
INFO 2026-10-05 15:15:59,173 middleware Request GET / by loginuser@example.com in 9.52 ms | groups= | status=200
INFO 2026-10-05 15:15:59,693 middleware Request POST /users/logout/ by Anonymous in 2.86 ms | groups=Anonymous | status=302
INFO 2026-10-05 15:15:59,696 middleware Request GET / by Anonymous in 2.89 ms | groups=Anonymous | status=200
INFO 2026-10-05 15:15:59,702 middleware Request GET /users/profile/ by Anonymous in 0.75 ms | groups=Anonymous | status=302
INFO 2026-10-05 15:16:00,227 middleware Request GET /users/profile/ by user-8ca07b7d-27@example.com in 10.5 ms | groups= | status=200
INFO 2026-10-05 15:16:00,234 middleware Request GET / by Anonymous in 2.78 ms | groups=Anonymous | status=200
INFO 2026-10-05 15:16:00,244 middleware Request GET / by Anonymous in 3.77 ms | groups=Anonymous | status=200
INFO 2026-10-05 15:16:00,252 middleware Request POST /cart/add/1/ by Anonymous in 3.04 ms | groups=Anonymous | status=302
INFO 2026-10-05 15:16:00,256 middleware Request POST /cart/clear/ by Anonymous in 1.85 ms | groups=Anonymous | status=302
INFO 2026-10-05 15:16:00,263 middleware Request POST /checkout/ by Anonymous in 1.52 ms | groups=Anonymous | status=400
WARNING 2026-10-05 15:16:00,263 log Bad Request: /checkout/
INFO 2026-10-05 15:16:00,273 middleware Request POST /cart/add/1/ by Anonymous in 3.01 ms | groups=Anonymous | status=302
INFO 2026-10-05 15:16:00,282 middleware Request POST /checkout/ by Anonymous in 8.47 ms | groups=Anonymous | status=302
INFO 2026-10-05 15:16:00,293 middleware Request POST /cart/add/1/ by Anonymous in 2.88 ms | groups=Anonymous | status=302
INFO 2026-10-05 15:16:00,295 middleware Request POST /checkout/ by Anonymous in 1.33 ms | groups=Anonymous | status=400
WARNING 2026-10-05 15:16:00,296 log Bad Request: /checkout/
INFO 2026-10-05 15:16:00,304 middleware Request GET /checkout/success/ by Anonymous in 1.63 ms | groups=Anonymous | status=200
INFO 2026-10-05 15:16:00,309 middleware Request GET /checkout/cancel/ by Anonymous in 0.33 ms | groups=Anonymous | status=200
INFO 2026-10-05 15:16:00,321 middleware Request GET /async/ by Anonymous in 6.38 ms | groups=Anonymous | status=200
INFO 2026-10-05 15:16:00,329 middleware Request GET /async/1/ by Anonymous in 3.01 ms | groups=Anonymous | status=200
INFO 2026-10-05 15:16:00,346 middleware Request GET /async/cart/ by Anonymous in 7.39 ms | groups=Anonymous | status=200
INFO 2026-10-05 15:16:00,874 middleware Request POST /users/register/ by Anonymous in 522.75 ms | groups=Anonymous | status=302
INFO 2026-10-05 15:16:00,878 middleware Request GET /users/login/ by Anonymous in 3.88 ms | groups=Anonymous | status=200
INFO 2026-10-05 15:16:00,913 middleware Request GET /admin/login/ by Anonymous in 24.32 ms | groups=Anonymous | status=200
INFO 2026-10-05 15:16:00,920 middleware Request GET / by Anonymous in 2.97 ms | groups=Anonymous | status=200
INFO 2026-10-05 15:16:00,929 middleware Request POST /cart/add/1/ by Anonymous in 2.92 ms | groups=Anonymous | status=302
INFO 2026-10-05 15:16:00,937 middleware Request POST /checkout/ by Anonymous in 6.55 ms | groups=Anonymous | status=302
INFO 2026-10-05 15:16:04,063 middleware Request GET / by Anonymous in 3.2 ms | groups=Anonymous | status=200
INFO 2026-10-05 15:16:04,072 middleware Request GET / by Anonymous in 3.23 ms | groups=Anonymous | status=200
INFO 2026-10-05 15:16:04,081 middleware Request GET /1/ by Anonymous in 4.16 ms | groups=Anonymous | status=200
INFO 2026-10-05 15:16:04,088 middleware Request POST /cart/add/1/ by Anonymous in 2.1 ms | groups=Anonymous | status=302
INFO 2026-10-05 15:16:04,094 middleware Request POST /cart/add/1/ by Anonymous in 1.92 ms | groups=Anonymous | status=302
INFO 2026-10-05 15:16:04,097 middleware Request POST /cart/remove/1/ by Anonymous in 1.8 ms | groups=Anonymous | status=302
INFO 2026-10-05 15:16:04,105 middleware Request POST /cart/add/1/ by Anonymous in 2.13 ms | groups=Anonymous | status=302
INFO 2026-10-05 15:16:04,107 middleware Request POST /cart/clear/ by Anonymous in 2.05 ms | groups=Anonymous | status=302
INFO 2026-10-05 15:16:04,114 middleware Request POST /cart/add/1/ by Anonymous in 1.96 ms | groups=Anonymous | status=302
INFO 2026-10-05 15:16:04,116 middleware Request GET /cart/ by Anonymous in 1.22 ms | groups=Anonymous | status=200
INFO 2026-10-05 15:16:04,123 middleware Request GET /async/ by Anonymous in 2.78 ms | groups=Anonymous | status=200
INFO 2026-10-05 15:16:04,130 middleware Request GET /async/1/ by Anonymous in 2.79 ms | groups=Anonymous | status=200
INFO 2026-10-05 15:16:04,141 middleware Request GET /async/cart/ by Anonymous in 3.38 ms | groups=Anonymous | status=200
